class,filename,filepath,label,fg_ratio,bg_residue,edge_cut,small_fg,bg_residue_flag
ARSE_crop,ARSE_0000.jpg,/data/JSM/06_2/ARSE_crop/ARSE_0000.jpg,0,0.3603,0.0001,False,False,False
ARSE_crop,ARSE_0001.jpg,/data/JSM/06_2/ARSE_crop/ARSE_0001.jpg,0,0.3538,0.0,False,False,False
ARSE_crop,ARSE_0002.jpg,/data/JSM/06_2/ARSE_crop/ARSE_0002.jpg,0,0.4053,0.0,False,False,False
ARSE_crop,ARSE_0003.jpg,/data/JSM/06_2/ARSE_crop/ARSE_0003.jpg,0,0.3369,0.0001,False,False,False
ARSE_crop,ARSE_0004.jpg,/data/JSM/06_2/ARSE_crop/ARSE_0004.jpg,0,0.371,0.0002,False,False,False
ARSE_crop,ARSE_0005.jpg,/data/JSM/06_2/ARSE_crop/ARSE_0005.jpg,0,0.4295,0.0,False,False,False
ARSE_crop,ARSE_0006.jpg,/data/JSM/06_2/ARSE_crop/ARSE_0006.jpg,0,0.4151,0.0001,False,False,False
ARSE_crop,ARSE_0007.jpg,/data/JSM/06_2/ARSE_crop/ARSE_0007.jpg,0,0.3269,0.0,False,False,False
ARSE_crop,ARSE_0008.jpg,/data/JSM/06_2/ARSE_crop/ARSE_0008.jpg,0,0.5134,0.0002,False,False,False
ARSE_crop,ARSE_0009.jpg,/data/JSM/06_2/ARSE_crop/ARSE_0009.jpg,0,0.3683,0.0,False,False,False
ARSE_crop,ARSE_0010.jpg,/data/JSM/06_2/ARSE_crop/ARSE_0010.jpg,0,0.4129,0.0001,False,False,False
ARSE_crop,ARSE_0011.jpg,/data/JSM/06_2/ARSE_crop/ARSE_0011.jpg,0,0.4718,0.0001,False,False,False
ARSE_crop,ARSE_0012.jpg,/data/JSM/06_2/ARSE_crop/ARSE_0012.jpg,0,0.3222,0.0,False,False,False
ARSE_crop,ARSE_0013.jpg,/data/JSM/06_2/ARSE_crop/ARSE_0013.jpg,0,0.3389,0.0001,False,False,False
ARSE_crop,ARSE_0014.jpg,/data/JSM/06_2/ARSE_crop/ARSE_0014.jpg,0,0.3429,0.0,False,False,False
ARSE_crop,ARSE_0015.jpg,/data/JSM/06_2/ARSE_crop/ARSE_0015.jpg,0,0.3781,0.0,False,False,False
ARSE_crop,ARSE_0016.jpg,/data/JSM/06_2/ARSE_crop/ARSE_0016.jpg,0,0.3665,0.0,False,False,False
ARSE_crop,ARSE_0017.jpg,/data/JSM/06_2/ARSE_crop/ARSE_0017.jpg,0,0.338,0.0,False,False,False
ARSE_crop,ARSE_0018.jpg,/data/JSM/06_2/ARSE_crop/ARSE_0018.jpg,0,0.3914,0.0,False,False,False
ARSE_crop,ARSE_0019.jpg,/data/JSM/06_2/ARSE_crop/ARSE_0019.jpg,0,0.3629,0.0,False,False,False
ARSE_crop,ARSE_0020.jpg,/data/JSM/06_2/ARSE_crop/ARSE_0020.jpg,0,0.3107,0.0,False,False,False
ARSE_crop,ARSE_0021.jpg,/data/JSM/06_2/ARSE_crop/ARSE_0021.jpg,0,0.3687,0.0001,False,False,False
ARSE_crop,ARSE_0022.jpg,/data/JSM/06_2/ARSE_crop/ARSE_0022.jpg,0,0.3674,0.0,False,False,False
ARSE_crop,ARSE_0023.jpg,/data/JSM/06_2/ARSE_crop/ARSE_0023.jpg,0,0.343,0.0,False,False,False
ARSE_crop,ARSE_0024.jpg,/data/JSM/06_2/ARSE_crop/ARSE_0024.jpg,0,0.3616,0.0001,False,False,False
ARSE_crop,ARSE_0025.jpg,/data/JSM/06_2/ARSE_crop/ARSE_0025.jpg,0,0.5101,0.0001,False,False,False
ARSE_crop,ARSE_0026.jpg,/data/JSM/06_2/ARSE_crop/ARSE_0026.jpg,0,0.4915,0.0,False,False,False
ARSE_crop,ARSE_0027.jpg,/data/JSM/06_2/ARSE_crop/ARSE_0027.jpg,0,0.3359,0.0,False,False,False
ARSE_crop,ARSE_0028.jpg,/data/JSM/06_2/ARSE_crop/ARSE_0028.jpg,0,0.3623,0.0,False,False,False
ARSE_crop,ARSE_0029.jpg,/data/JSM/06_2/ARSE_crop/ARSE_0029.jpg,0,0.3288,0.0,False,False,False
ARSE_crop,ARSE_0030.jpg,/data/JSM/06_2/ARSE_crop/ARSE_0030.jpg,0,0.4355,0.0,False,False,False
ARSE_crop,ARSE_0031.jpg,/data/JSM/06_2/ARSE_crop/ARSE_0031.jpg,0,0.4083,0.0001,False,False,False
ARSE_crop,ARSE_0032.jpg,/data/JSM/06_2/ARSE_crop/ARSE_0032.jpg,0,0.3866,0.0001,False,False,False
ARSE_crop,ARSE_0033.jpg,/data/JSM/06_2/ARSE_crop/ARSE_0033.jpg,0,0.3309,0.0001,False,False,False
ARSE_crop,ARSE_0034.jpg,/data/JSM/06_2/ARSE_crop/ARSE_0034.jpg,0,0.3567,0.0,False,False,False
ARSE_crop,ARSE_0035.jpg,/data/JSM/06_2/ARSE_crop/ARSE_0035.jpg,0,0.3683,0.0,False,False,False
ARSE_crop,ARSE_0036.jpg,/data/JSM/06_2/ARSE_crop/ARSE_0036.jpg,0,0.3577,0.0001,False,False,False
ARSE_crop,ARSE_0037.jpg,/data/JSM/06_2/ARSE_crop/ARSE_0037.jpg,0,0.3663,0.0001,False,False,False
ARSE_crop,ARSE_0038.jpg,/data/JSM/06_2/ARSE_crop/ARSE_0038.jpg,0,0.3678,0.0,False,False,False
ARSE_crop,ARSE_0039.jpg,/data/JSM/06_2/ARSE_crop/ARSE_0039.jpg,0,0.485,0.0,False,False,False
ARSE_crop,ARSE_0040.jpg,/data/JSM/06_2/ARSE_crop/ARSE_0040.jpg,0,0.4108,0.0,False,False,False
ARSE_crop,ARSE_0041.jpg,/data/JSM/06_2/ARSE_crop/ARSE_0041.jpg,0,0.3314,0.0,False,False,False
ARSE_crop,ARSE_0042.jpg,/data/JSM/06_2/ARSE_crop/ARSE_0042.jpg,0,0.3565,0.0,False,False,False
ARSE_crop,ARSE_0043.jpg,/data/JSM/06_2/ARSE_crop/ARSE_0043.jpg,0,0.4078,0.0,False,False,False
ARSE_crop,ARSE_0044.jpg,/data/JSM/06_2/ARSE_crop/ARSE_0044.jpg,0,0.3593,0.0001,False,False,False
ARSE_crop,ARSE_0045.jpg,/data/JSM/06_2/ARSE_crop/ARSE_0045.jpg,0,0.3824,0.0001,False,False,False
ARSE_crop,ARSE_0046.jpg,/data/JSM/06_2/ARSE_crop/ARSE_0046.jpg,0,0.3385,0.0001,False,False,False
ARSE_crop,ARSE_0047.jpg,/data/JSM/06_2/ARSE_crop/ARSE_0047.jpg,0,0.3885,0.0,False,False,False
ARSE_crop,ARSE_0048.jpg,/data/JSM/06_2/ARSE_crop/ARSE_0048.jpg,0,0.3665,0.0001,False,False,False
ARSE_crop,ARSE_0049.jpg,/data/JSM/06_2/ARSE_crop/ARSE_0049.jpg,0,0.3553,0.0,False,False,False
ARSE_crop,ARSE_0050.jpg,/data/JSM/06_2/ARSE_crop/ARSE_0050.jpg,0,0.368,0.0001,False,False,False
ARSE_crop,ARSE_0051.jpg,/data/JSM/06_2/ARSE_crop/ARSE_0051.jpg,0,0.382,0.0,False,False,False
ARSE_crop,ARSE_0052.jpg,/data/JSM/06_2/ARSE_crop/ARSE_0052.jpg,0,0.318,0.0,False,False,False
ARSE_crop,ARSE_0053.jpg,/data/JSM/06_2/ARSE_crop/ARSE_0053.jpg,0,0.3978,0.0,False,False,False
ARSE_crop,ARSE_0054.jpg,/data/JSM/06_2/ARSE_crop/ARSE_0054.jpg,0,0.3569,0.0,False,False,False
ARSE_crop,ARSE_0055.jpg,/data/JSM/06_2/ARSE_crop/ARSE_0055.jpg,0,0.4175,0.0001,False,False,False
ARSE_crop,ARSE_0056.jpg,/data/JSM/06_2/ARSE_crop/ARSE_0056.jpg,0,0.372,0.0,False,False,False
ARSE_crop,ARSE_0057.jpg,/data/JSM/06_2/ARSE_crop/ARSE_0057.jpg,0,0.3636,0.0001,False,False,False
ARSE_crop,ARSE_0058.jpg,/data/JSM/06_2/ARSE_crop/ARSE_0058.jpg,0,0.3381,0.0,False,False,False
ARSE_crop,ARSE_0059.jpg,/data/JSM/06_2/ARSE_crop/ARSE_0059.jpg,0,0.3542,0.0,False,False,False
ARSE_crop,ARSE_0060.jpg,/data/JSM/06_2/ARSE_crop/ARSE_0060.jpg,0,0.3755,0.0001,False,False,False
ARSE_crop,ARSE_0061.jpg,/data/JSM/06_2/ARSE_crop/ARSE_0061.jpg,0,0.3683,0.0,False,False,False
ARSE_crop,ARSE_0062.jpg,/data/JSM/06_2/ARSE_crop/ARSE_0062.jpg,0,0.3391,0.0,False,False,False
ARSE_crop,ARSE_0063.jpg,/data/JSM/06_2/ARSE_crop/ARSE_0063.jpg,0,0.3293,0.0,False,False,False
ARSE_crop,ARSE_0064.jpg,/data/JSM/06_2/ARSE_crop/ARSE_0064.jpg,0,0.4061,0.0,False,False,False
ARSE_crop,ARSE_0065.jpg,/data/JSM/06_2/ARSE_crop/ARSE_0065.jpg,0,0.3575,0.0001,False,False,False
ARSE_crop,ARSE_0066.jpg,/data/JSM/06_2/ARSE_crop/ARSE_0066.jpg,0,0.3536,0.0,False,False,False
ARSE_crop,ARSE_0067.jpg,/data/JSM/06_2/ARSE_crop/ARSE_0067.jpg,0,0.407,0.0001,False,False,False
ARSE_crop,ARSE_0068.jpg,/data/JSM/06_2/ARSE_crop/ARSE_0068.jpg,0,0.3136,0.0,False,False,False
ARSE_crop,ARSE_0069.jpg,/data/JSM/06_2/ARSE_crop/ARSE_0069.jpg,0,0.3558,0.0,False,False,False
ARSE_crop,ARSE_0070.jpg,/data/JSM/06_2/ARSE_crop/ARSE_0070.jpg,0,0.3518,0.0,False,False,False
ARSE_crop,ARSE_0071.jpg,/data/JSM/06_2/ARSE_crop/ARSE_0071.jpg,0,0.3451,0.0,False,False,False
ARSE_crop,ARSE_0072.jpg,/data/JSM/06_2/ARSE_crop/ARSE_0072.jpg,0,0.3972,0.0,False,False,False
ARSE_crop,ARSE_0073.jpg,/data/JSM/06_2/ARSE_crop/ARSE_0073.jpg,0,0.3322,0.0001,False,False,False
ARSE_crop,ARSE_0074.jpg,/data/JSM/06_2/ARSE_crop/ARSE_0074.jpg,0,0.3766,0.0,False,False,False
ARSE_crop,ARSE_0075.jpg,/data/JSM/06_2/ARSE_crop/ARSE_0075.jpg,0,0.3518,0.0,False,False,False
ARSE_crop,ARSE_0076.jpg,/data/JSM/06_2/ARSE_crop/ARSE_0076.jpg,0,0.3586,0.0,False,False,False
ARSE_crop,ARSE_0077.jpg,/data/JSM/06_2/ARSE_crop/ARSE_0077.jpg,0,0.3242,0.0001,False,False,False
ARSE_crop,ARSE_0078.jpg,/data/JSM/06_2/ARSE_crop/ARSE_0078.jpg,0,0.3679,0.0,False,False,False
ARSE_crop,ARSE_0079.jpg,/data/JSM/06_2/ARSE_crop/ARSE_0079.jpg,0,0.3881,0.0,False,False,False
ARSE_crop,ARSE_0080.jpg,/data/JSM/06_2/ARSE_crop/ARSE_0080.jpg,0,0.4317,0.0,False,False,False
ARSE_crop,ARSE_0081.jpg,/data/JSM/06_2/ARSE_crop/ARSE_0081.jpg,0,0.4399,0.0001,False,False,False
ARSE_crop,ARSE_0082.jpg,/data/JSM/06_2/ARSE_crop/ARSE_0082.jpg,0,0.3343,0.0,False,False,False
ARSE_crop,ARSE_0083.jpg,/data/JSM/06_2/ARSE_crop/ARSE_0083.jpg,0,0.4807,0.0001,False,False,False
ARSE_crop,ARSE_0084.jpg,/data/JSM/06_2/ARSE_crop/ARSE_0084.jpg,0,0.3615,0.0,False,False,False
ARSE_crop,ARSE_0085.jpg,/data/JSM/06_2/ARSE_crop/ARSE_0085.jpg,0,0.3879,0.0,False,False,False
ARSE_crop,ARSE_0086.jpg,/data/JSM/06_2/ARSE_crop/ARSE_0086.jpg,0,0.3652,0.0001,False,False,False
ARSE_crop,ARSE_0087.jpg,/data/JSM/06_2/ARSE_crop/ARSE_0087.jpg,0,0.4562,0.0001,False,False,False
ARSE_crop,ARSE_0088.jpg,/data/JSM/06_2/ARSE_crop/ARSE_0088.jpg,0,0.3925,0.0,False,False,False
ARSE_crop,ARSE_0089.jpg,/data/JSM/06_2/ARSE_crop/ARSE_0089.jpg,0,0.3606,0.0,False,False,False
ARSE_crop,ARSE_0090.jpg,/data/JSM/06_2/ARSE_crop/ARSE_0090.jpg,0,0.329,0.0,False,False,False
ARSE_crop,ARSE_0091.jpg,/data/JSM/06_2/ARSE_crop/ARSE_0091.jpg,0,0.3576,0.0,False,False,False
ARSE_crop,ARSE_0092.jpg,/data/JSM/06_2/ARSE_crop/ARSE_0092.jpg,0,0.357,0.0,False,False,False
ARSE_crop,ARSE_0093.jpg,/data/JSM/06_2/ARSE_crop/ARSE_0093.jpg,0,0.3238,0.0001,False,False,False
ARSE_crop,ARSE_0094.jpg,/data/JSM/06_2/ARSE_crop/ARSE_0094.jpg,0,0.447,0.0,False,False,False
ARSE_crop,ARSE_0095.jpg,/data/JSM/06_2/ARSE_crop/ARSE_0095.jpg,0,0.3536,0.0,False,False,False
ARSE_crop,ARSE_0096.jpg,/data/JSM/06_2/ARSE_crop/ARSE_0096.jpg,0,0.373,0.0001,False,False,False
ARSE_crop,ARSE_0097.jpg,/data/JSM/06_2/ARSE_crop/ARSE_0097.jpg,0,0.3271,0.0,False,False,False
ARSE_crop,ARSE_0098.jpg,/data/JSM/06_2/ARSE_crop/ARSE_0098.jpg,0,0.379,0.0,False,False,False
ARSE_crop,ARSE_0099.jpg,/data/JSM/06_2/ARSE_crop/ARSE_0099.jpg,0,0.3253,0.0,False,False,False
ARSE_crop,ARSE_0100.jpg,/data/JSM/06_2/ARSE_crop/ARSE_0100.jpg,0,0.3942,0.0,False,False,False
ARSE_crop,ARSE_0101.jpg,/data/JSM/06_2/ARSE_crop/ARSE_0101.jpg,0,0.3512,0.0001,False,False,False
ARSE_crop,ARSE_0102.jpg,/data/JSM/06_2/ARSE_crop/ARSE_0102.jpg,0,0.4699,0.0001,False,False,False
ARSE_crop,ARSE_0103.jpg,/data/JSM/06_2/ARSE_crop/ARSE_0103.jpg,0,0.3408,0.0001,False,False,False
ARSE_crop,ARSE_0104.jpg,/data/JSM/06_2/ARSE_crop/ARSE_0104.jpg,0,0.3348,0.0,False,False,False
ARSE_crop,ARSE_0105.jpg,/data/JSM/06_2/ARSE_crop/ARSE_0105.jpg,0,0.3589,0.0001,False,False,False
ARSE_crop,ARSE_0106.jpg,/data/JSM/06_2/ARSE_crop/ARSE_0106.jpg,0,0.3288,0.0,False,False,False
ARSE_crop,ARSE_0107.jpg,/data/JSM/06_2/ARSE_crop/ARSE_0107.jpg,0,0.3541,0.0,False,False,False
ARSE_crop,ARSE_0108.jpg,/data/JSM/06_2/ARSE_crop/ARSE_0108.jpg,0,0.338,0.0,False,False,False
ARSE_crop,ARSE_0109.jpg,/data/JSM/06_2/ARSE_crop/ARSE_0109.jpg,0,0.4876,0.0001,False,False,False
ARSE_crop,ARSE_0110.jpg,/data/JSM/06_2/ARSE_crop/ARSE_0110.jpg,0,0.4888,0.0002,False,False,False
ARSE_crop,ARSE_0111.jpg,/data/JSM/06_2/ARSE_crop/ARSE_0111.jpg,0,0.363,0.0001,False,False,False
ARSE_crop,ARSE_0112.jpg,/data/JSM/06_2/ARSE_crop/ARSE_0112.jpg,0,0.3642,0.0,False,False,False
ARSE_crop,ARSE_0113.jpg,/data/JSM/06_2/ARSE_crop/ARSE_0113.jpg,0,0.3648,0.0,False,False,False
ARSE_crop,ARSE_0114.jpg,/data/JSM/06_2/ARSE_crop/ARSE_0114.jpg,0,0.3503,0.0,False,False,False
ARSE_crop,ARSE_0115.jpg,/data/JSM/06_2/ARSE_crop/ARSE_0115.jpg,0,0.4546,0.0,False,False,False
ARSE_crop,ARSE_0116.jpg,/data/JSM/06_2/ARSE_crop/ARSE_0116.jpg,0,0.3656,0.0,False,False,False
ARSE_crop,ARSE_0117.jpg,/data/JSM/06_2/ARSE_crop/ARSE_0117.jpg,0,0.3591,0.0,False,False,False
ARSE_crop,ARSE_0118.jpg,/data/JSM/06_2/ARSE_crop/ARSE_0118.jpg,0,0.3491,0.0,False,False,False
ARSE_crop,ARSE_0119.jpg,/data/JSM/06_2/ARSE_crop/ARSE_0119.jpg,0,0.3695,0.0001,False,False,False
ARSE_crop,ARSE_0120.jpg,/data/JSM/06_2/ARSE_crop/ARSE_0120.jpg,0,0.3407,0.0,False,False,False
ARSE_crop,ARSE_0121.jpg,/data/JSM/06_2/ARSE_crop/ARSE_0121.jpg,0,0.3573,0.0,False,False,False
ARSE_crop,ARSE_0122.jpg,/data/JSM/06_2/ARSE_crop/ARSE_0122.jpg,0,0.3574,0.0001,False,False,False
ARSE_crop,ARSE_0123.jpg,/data/JSM/06_2/ARSE_crop/ARSE_0123.jpg,0,0.452,0.0,False,False,False
ARSE_crop,ARSE_0124.jpg,/data/JSM/06_2/ARSE_crop/ARSE_0124.jpg,0,0.364,0.0001,False,False,False
ARSE_crop,ARSE_0125.jpg,/data/JSM/06_2/ARSE_crop/ARSE_0125.jpg,0,0.3937,0.0001,False,False,False
ARSE_crop,ARSE_0126.jpg,/data/JSM/06_2/ARSE_crop/ARSE_0126.jpg,0,0.3858,0.0001,False,False,False
ARSE_crop,ARSE_0127.jpg,/data/JSM/06_2/ARSE_crop/ARSE_0127.jpg,0,0.358,0.0,False,False,False
ARSE_crop,ARSE_0128.jpg,/data/JSM/06_2/ARSE_crop/ARSE_0128.jpg,0,0.3824,0.0,False,False,False
ARSE_crop,ARSE_0129.jpg,/data/JSM/06_2/ARSE_crop/ARSE_0129.jpg,0,0.3975,0.0,False,False,False
ARSE_crop,ARSE_0130.jpg,/data/JSM/06_2/ARSE_crop/ARSE_0130.jpg,0,0.3576,0.0,False,False,False
ARSE_crop,ARSE_0131.jpg,/data/JSM/06_2/ARSE_crop/ARSE_0131.jpg,0,0.3473,0.0,False,False,False
ARSE_crop,ARSE_0132.jpg,/data/JSM/06_2/ARSE_crop/ARSE_0132.jpg,0,0.4987,0.0,False,False,False
ARSE_crop,ARSE_0133.jpg,/data/JSM/06_2/ARSE_crop/ARSE_0133.jpg,0,0.3282,0.0,False,False,False
ARSE_crop,ARSE_0134.jpg,/data/JSM/06_2/ARSE_crop/ARSE_0134.jpg,0,0.3783,0.0,False,False,False
ARSE_crop,ARSE_0135.jpg,/data/JSM/06_2/ARSE_crop/ARSE_0135.jpg,0,0.3659,0.0001,False,False,False
ARSE_crop,ARSE_0136.jpg,/data/JSM/06_2/ARSE_crop/ARSE_0136.jpg,0,0.3645,0.0,False,False,False
ARSE_crop,ARSE_0137.jpg,/data/JSM/06_2/ARSE_crop/ARSE_0137.jpg,0,0.3589,0.0001,False,False,False
ARSE_crop,ARSE_0138.jpg,/data/JSM/06_2/ARSE_crop/ARSE_0138.jpg,0,0.3417,0.0,False,False,False
ARSE_crop,ARSE_0139.jpg,/data/JSM/06_2/ARSE_crop/ARSE_0139.jpg,0,0.46,0.0,False,False,False
ARSE_crop,ARSE_0140.jpg,/data/JSM/06_2/ARSE_crop/ARSE_0140.jpg,0,0.388,0.0,False,False,False
ARSE_crop,ARSE_0141.jpg,/data/JSM/06_2/ARSE_crop/ARSE_0141.jpg,0,0.3169,0.0,False,False,False
ARSE_crop,ARSE_0142.jpg,/data/JSM/06_2/ARSE_crop/ARSE_0142.jpg,0,0.3829,0.0,False,False,False
ARSE_crop,ARSE_0143.jpg,/data/JSM/06_2/ARSE_crop/ARSE_0143.jpg,0,0.3319,0.0,False,False,False
ARSE_crop,ARSE_0144.jpg,/data/JSM/06_2/ARSE_crop/ARSE_0144.jpg,0,0.3657,0.0,False,False,False
ARSE_crop,ARSE_0145.jpg,/data/JSM/06_2/ARSE_crop/ARSE_0145.jpg,0,0.3305,0.0,False,False,False
ARSE_crop,ARSE_0146.jpg,/data/JSM/06_2/ARSE_crop/ARSE_0146.jpg,0,0.4341,0.0,False,False,False
ARSE_crop,ARSE_0147.jpg,/data/JSM/06_2/ARSE_crop/ARSE_0147.jpg,0,0.3588,0.0,False,False,False
ARSE_crop,ARSE_0148.jpg,/data/JSM/06_2/ARSE_crop/ARSE_0148.jpg,0,0.3203,0.0,False,False,False
ARSE_crop,ARSE_0149.jpg,/data/JSM/06_2/ARSE_crop/ARSE_0149.jpg,0,0.3582,0.0001,False,False,False
ARSE_crop,ARSE_0150.jpg,/data/JSM/06_2/ARSE_crop/ARSE_0150.jpg,0,0.3105,0.0,False,False,False
ARSE_crop,ARSE_0151.jpg,/data/JSM/06_2/ARSE_crop/ARSE_0151.jpg,0,0.3608,0.0,False,False,False
ARSE_crop,ARSE_0152.jpg,/data/JSM/06_2/ARSE_crop/ARSE_0152.jpg,0,0.3455,0.0001,False,False,False
ARSE_crop,ARSE_0153.jpg,/data/JSM/06_2/ARSE_crop/ARSE_0153.jpg,0,0.4062,0.0,False,False,False
ARSE_crop,ARSE_0154.jpg,/data/JSM/06_2/ARSE_crop/ARSE_0154.jpg,0,0.3555,0.0,False,False,False
ARSE_crop,ARSE_0155.jpg,/data/JSM/06_2/ARSE_crop/ARSE_0155.jpg,0,0.3496,0.0,False,False,False
ARSE_crop,ARSE_0156.jpg,/data/JSM/06_2/ARSE_crop/ARSE_0156.jpg,0,0.3694,0.0001,False,False,False
ARSE_crop,ARSE_0157.jpg,/data/JSM/06_2/ARSE_crop/ARSE_0157.jpg,0,0.3379,0.0001,False,False,False
ARSE_crop,ARSE_0158.jpg,/data/JSM/06_2/ARSE_crop/ARSE_0158.jpg,0,0.3761,0.0,False,False,False
ARSE_crop,ARSE_0159.jpg,/data/JSM/06_2/ARSE_crop/ARSE_0159.jpg,0,0.3797,0.0,False,False,False
ARSE_crop,ARSE_0160.jpg,/data/JSM/06_2/ARSE_crop/ARSE_0160.jpg,0,0.4367,0.0,False,False,False
ARSE_crop,ARSE_0161.jpg,/data/JSM/06_2/ARSE_crop/ARSE_0161.jpg,0,0.3375,0.0,False,False,False
ARSE_crop,ARSE_0162.jpg,/data/JSM/06_2/ARSE_crop/ARSE_0162.jpg,0,0.3561,0.0001,False,False,False
ARSE_crop,ARSE_0163.jpg,/data/JSM/06_2/ARSE_crop/ARSE_0163.jpg,0,0.4898,0.0,False,False,False
ARSE_crop,ARSE_0164.jpg,/data/JSM/06_2/ARSE_crop/ARSE_0164.jpg,0,0.3373,0.0001,False,False,False
ARSE_crop,ARSE_0165.jpg,/data/JSM/06_2/ARSE_crop/ARSE_0165.jpg,0,0.3511,0.0001,False,False,False
ARSE_crop,ARSE_0166.jpg,/data/JSM/06_2/ARSE_crop/ARSE_0166.jpg,0,0.3512,0.0001,False,False,False
ARSE_crop,ARSE_0167.jpg,/data/JSM/06_2/ARSE_crop/ARSE_0167.jpg,0,0.3945,0.0001,False,False,False
ARSE_crop,ARSE_0168.jpg,/data/JSM/06_2/ARSE_crop/ARSE_0168.jpg,0,0.4114,0.0,False,False,False
ARSE_crop,ARSE_0169.jpg,/data/JSM/06_2/ARSE_crop/ARSE_0169.jpg,0,0.3773,0.0,False,False,False
ARSE_crop,ARSE_0170.jpg,/data/JSM/06_2/ARSE_crop/ARSE_0170.jpg,0,0.3307,0.0,False,False,False
ARSE_crop,ARSE_0171.jpg,/data/JSM/06_2/ARSE_crop/ARSE_0171.jpg,0,0.3287,0.0,False,False,False
ARSE_crop,ARSE_0172.jpg,/data/JSM/06_2/ARSE_crop/ARSE_0172.jpg,0,0.3043,0.0,False,False,False
ARSE_crop,ARSE_0173.jpg,/data/JSM/06_2/ARSE_crop/ARSE_0173.jpg,0,0.4486,0.0,False,False,False
ARSE_crop,ARSE_0174.jpg,/data/JSM/06_2/ARSE_crop/ARSE_0174.jpg,0,0.329,0.0,False,False,False
ARSE_crop,ARSE_0175.jpg,/data/JSM/06_2/ARSE_crop/ARSE_0175.jpg,0,0.3637,0.0,False,False,False
ARSE_crop,ARSE_0176.jpg,/data/JSM/06_2/ARSE_crop/ARSE_0176.jpg,0,0.3564,0.0,False,False,False
ARSE_crop,ARSE_0177.jpg,/data/JSM/06_2/ARSE_crop/ARSE_0177.jpg,0,0.373,0.0,False,False,False
ARSE_crop,ARSE_0178.jpg,/data/JSM/06_2/ARSE_crop/ARSE_0178.jpg,0,0.3676,0.0,False,False,False
ARSE_crop,ARSE_0179.jpg,/data/JSM/06_2/ARSE_crop/ARSE_0179.jpg,0,0.364,0.0,False,False,False
ARSE_crop,ARSE_0180.jpg,/data/JSM/06_2/ARSE_crop/ARSE_0180.jpg,0,0.3826,0.0,False,False,False
ARSE_crop,ARSE_0181.jpg,/data/JSM/06_2/ARSE_crop/ARSE_0181.jpg,0,0.3414,0.0,False,False,False
ARSE_crop,ARSE_0182.jpg,/data/JSM/06_2/ARSE_crop/ARSE_0182.jpg,0,0.3931,0.0,False,False,False
ARSE_crop,ARSE_0183.jpg,/data/JSM/06_2/ARSE_crop/ARSE_0183.jpg,0,0.315,0.0,False,False,False
ARSE_crop,ARSE_0184.jpg,/data/JSM/06_2/ARSE_crop/ARSE_0184.jpg,0,0.3535,0.0,False,False,False
ARSE_crop,ARSE_0185.jpg,/data/JSM/06_2/ARSE_crop/ARSE_0185.jpg,0,0.3367,0.0001,False,False,False
ARSE_crop,ARSE_0186.jpg,/data/JSM/06_2/ARSE_crop/ARSE_0186.jpg,0,0.3265,0.0001,False,False,False
ARSE_crop,ARSE_0187.jpg,/data/JSM/06_2/ARSE_crop/ARSE_0187.jpg,0,0.3647,0.0001,False,False,False
ARSE_crop,ARSE_0188.jpg,/data/JSM/06_2/ARSE_crop/ARSE_0188.jpg,0,0.432,0.0,False,False,False
ARSE_crop,ARSE_0189.jpg,/data/JSM/06_2/ARSE_crop/ARSE_0189.jpg,0,0.3303,0.0,False,False,False
ARSE_crop,ARSE_0190.jpg,/data/JSM/06_2/ARSE_crop/ARSE_0190.jpg,0,0.3661,0.0,False,False,False
ARSE_crop,ARSE_0191.jpg,/data/JSM/06_2/ARSE_crop/ARSE_0191.jpg,0,0.3412,0.0,False,False,False
ARSE_crop,ARSE_0192.jpg,/data/JSM/06_2/ARSE_crop/ARSE_0192.jpg,0,0.3264,0.0,False,False,False
ARSE_crop,ARSE_0193.jpg,/data/JSM/06_2/ARSE_crop/ARSE_0193.jpg,0,0.3065,0.0001,False,False,False
ARSE_crop,ARSE_0194.jpg,/data/JSM/06_2/ARSE_crop/ARSE_0194.jpg,0,0.3476,0.0001,False,False,False
ARSE_crop,ARSE_0195.jpg,/data/JSM/06_2/ARSE_crop/ARSE_0195.jpg,0,0.3749,0.0,False,False,False
ARSE_crop,ARSE_0196.jpg,/data/JSM/06_2/ARSE_crop/ARSE_0196.jpg,0,0.357,0.0,False,False,False
ARSE_crop,ARSE_0197.jpg,/data/JSM/06_2/ARSE_crop/ARSE_0197.jpg,0,0.3807,0.0,False,False,False
ARSE_crop,ARSE_0198.jpg,/data/JSM/06_2/ARSE_crop/ARSE_0198.jpg,0,0.3108,0.0,False,False,False
ARSE_crop,ARSE_0199.jpg,/data/JSM/06_2/ARSE_crop/ARSE_0199.jpg,0,0.3148,0.0001,False,False,False
ARSE_crop,ARSE_0200.jpg,/data/JSM/06_2/ARSE_crop/ARSE_0200.jpg,0,0.3268,0.0,False,False,False
ARSE_crop,ARSE_0201.jpg,/data/JSM/06_2/ARSE_crop/ARSE_0201.jpg,0,0.3503,0.0,False,False,False
ARSE_crop,ARSE_0202.jpg,/data/JSM/06_2/ARSE_crop/ARSE_0202.jpg,0,0.3735,0.0,False,False,False
ARSE_crop,ARSE_0203.jpg,/data/JSM/06_2/ARSE_crop/ARSE_0203.jpg,0,0.3659,0.0,False,False,False
ARSE_crop,ARSE_0204.jpg,/data/JSM/06_2/ARSE_crop/ARSE_0204.jpg,0,0.3984,0.0,False,False,False
ARSS_crop,ARSS_0000.jpg,/data/JSM/06_2/ARSS_crop/ARSS_0000.jpg,1,0.4159,0.0001,False,False,False
ARSS_crop,ARSS_0001.jpg,/data/JSM/06_2/ARSS_crop/ARSS_0001.jpg,1,0.4193,0.0,False,False,False
ARSS_crop,ARSS_0002.jpg,/data/JSM/06_2/ARSS_crop/ARSS_0002.jpg,1,0.4256,0.0,False,False,False
ARSS_crop,ARSS_0003.jpg,/data/JSM/06_2/ARSS_crop/ARSS_0003.jpg,1,0.3838,0.0,False,False,False
ARSS_crop,ARSS_0004.jpg,/data/JSM/06_2/ARSS_crop/ARSS_0004.jpg,1,0.4334,0.0001,False,False,False
ARSS_crop,ARSS_0005.jpg,/data/JSM/06_2/ARSS_crop/ARSS_0005.jpg,1,0.3736,0.0001,False,False,False
ARSS_crop,ARSS_0006.jpg,/data/JSM/06_2/ARSS_crop/ARSS_0006.jpg,1,0.4023,0.0,False,False,False
ARSS_crop,ARSS_0007.jpg,/data/JSM/06_2/ARSS_crop/ARSS_0007.jpg,1,0.3887,0.0,False,False,False
ARSS_crop,ARSS_0008.jpg,/data/JSM/06_2/ARSS_crop/ARSS_0008.jpg,1,0.4446,0.0001,False,False,False
ARSS_crop,ARSS_0009.jpg,/data/JSM/06_2/ARSS_crop/ARSS_0009.jpg,1,0.3693,0.0,False,False,False
ARSS_crop,ARSS_0010.jpg,/data/JSM/06_2/ARSS_crop/ARSS_0010.jpg,1,0.4615,0.0001,False,False,False
ARSS_crop,ARSS_0011.jpg,/data/JSM/06_2/ARSS_crop/ARSS_0011.jpg,1,0.3605,0.0001,False,False,False
ARSS_crop,ARSS_0012.jpg,/data/JSM/06_2/ARSS_crop/ARSS_0012.jpg,1,0.399,0.0,False,False,False
ARSS_crop,ARSS_0013.jpg,/data/JSM/06_2/ARSS_crop/ARSS_0013.jpg,1,0.4234,0.0,False,False,False
ARSS_crop,ARSS_0014.jpg,/data/JSM/06_2/ARSS_crop/ARSS_0014.jpg,1,0.352,0.0001,False,False,False
ARSS_crop,ARSS_0015.jpg,/data/JSM/06_2/ARSS_crop/ARSS_0015.jpg,1,0.3913,0.0,False,False,False
ARSS_crop,ARSS_0016.jpg,/data/JSM/06_2/ARSS_crop/ARSS_0016.jpg,1,0.4024,0.0,False,False,False
ARSS_crop,ARSS_0017.jpg,/data/JSM/06_2/ARSS_crop/ARSS_0017.jpg,1,0.4668,0.0,False,False,False
ARSS_crop,ARSS_0018.jpg,/data/JSM/06_2/ARSS_crop/ARSS_0018.jpg,1,0.4491,0.0,False,False,False
ARSS_crop,ARSS_0019.jpg,/data/JSM/06_2/ARSS_crop/ARSS_0019.jpg,1,0.4542,0.0,False,False,False
ARSS_crop,ARSS_0020.jpg,/data/JSM/06_2/ARSS_crop/ARSS_0020.jpg,1,0.4035,0.0,False,False,False
ARSS_crop,ARSS_0021.jpg,/data/JSM/06_2/ARSS_crop/ARSS_0021.jpg,1,0.4221,0.0,False,False,False
ARSS_crop,ARSS_0022.jpg,/data/JSM/06_2/ARSS_crop/ARSS_0022.jpg,1,0.4527,0.0,False,False,False
ARSS_crop,ARSS_0023.jpg,/data/JSM/06_2/ARSS_crop/ARSS_0023.jpg,1,0.487,0.0,False,False,False
ARSS_crop,ARSS_0024.jpg,/data/JSM/06_2/ARSS_crop/ARSS_0024.jpg,1,0.3974,0.0001,False,False,False
ARSS_crop,ARSS_0025.jpg,/data/JSM/06_2/ARSS_crop/ARSS_0025.jpg,1,0.3814,0.0,False,False,False
ARSS_crop,ARSS_0026.jpg,/data/JSM/06_2/ARSS_crop/ARSS_0026.jpg,1,0.4914,0.0,False,False,False
ARSS_crop,ARSS_0027.jpg,/data/JSM/06_2/ARSS_crop/ARSS_0027.jpg,1,0.4011,0.0,False,False,False
ARSS_crop,ARSS_0028.jpg,/data/JSM/06_2/ARSS_crop/ARSS_0028.jpg,1,0.4365,0.0,False,False,False
ARSS_crop,ARSS_0029.jpg,/data/JSM/06_2/ARSS_crop/ARSS_0029.jpg,1,0.402,0.0,False,False,False
ARSS_crop,ARSS_0030.jpg,/data/JSM/06_2/ARSS_crop/ARSS_0030.jpg,1,0.4774,0.0002,False,False,False
ARSS_crop,ARSS_0031.jpg,/data/JSM/06_2/ARSS_crop/ARSS_0031.jpg,1,0.4095,0.0,False,False,False
ARSS_crop,ARSS_0032.jpg,/data/JSM/06_2/ARSS_crop/ARSS_0032.jpg,1,0.4209,0.0,False,False,False
ARSS_crop,ARSS_0033.jpg,/data/JSM/06_2/ARSS_crop/ARSS_0033.jpg,1,0.4111,0.0,False,False,False
ARSS_crop,ARSS_0034.jpg,/data/JSM/06_2/ARSS_crop/ARSS_0034.jpg,1,0.4978,0.0001,False,False,False
ARSS_crop,ARSS_0035.jpg,/data/JSM/06_2/ARSS_crop/ARSS_0035.jpg,1,0.656,0.0001,True,False,False
ARSS_crop,ARSS_0036.jpg,/data/JSM/06_2/ARSS_crop/ARSS_0036.jpg,1,0.4757,0.0,False,False,False
ARSS_crop,ARSS_0037.jpg,/data/JSM/06_2/ARSS_crop/ARSS_0037.jpg,1,0.3939,0.0001,False,False,False
ARSS_crop,ARSS_0038.jpg,/data/JSM/06_2/ARSS_crop/ARSS_0038.jpg,1,0.425,0.0001,False,False,False
ARSS_crop,ARSS_0039.jpg,/data/JSM/06_2/ARSS_crop/ARSS_0039.jpg,1,0.4172,0.0001,False,False,False
ARSS_crop,ARSS_0040.jpg,/data/JSM/06_2/ARSS_crop/ARSS_0040.jpg,1,0.4227,0.0001,False,False,False
ARSS_crop,ARSS_0041.jpg,/data/JSM/06_2/ARSS_crop/ARSS_0041.jpg,1,0.3743,0.0,False,False,False
ARSS_crop,ARSS_0042.jpg,/data/JSM/06_2/ARSS_crop/ARSS_0042.jpg,1,0.4403,0.0,False,False,False
ARSS_crop,ARSS_0043.jpg,/data/JSM/06_2/ARSS_crop/ARSS_0043.jpg,1,0.3736,0.0,False,False,False
ARSS_crop,ARSS_0044.jpg,/data/JSM/06_2/ARSS_crop/ARSS_0044.jpg,1,0.4405,0.0001,False,False,False
ARSS_crop,ARSS_0045.jpg,/data/JSM/06_2/ARSS_crop/ARSS_0045.jpg,1,0.4333,0.0,False,False,False
ARSS_crop,ARSS_0046.jpg,/data/JSM/06_2/ARSS_crop/ARSS_0046.jpg,1,0.4751,0.0,False,False,False
ARSS_crop,ARSS_0047.jpg,/data/JSM/06_2/ARSS_crop/ARSS_0047.jpg,1,0.4501,0.0,False,False,False
ARSS_crop,ARSS_0048.jpg,/data/JSM/06_2/ARSS_crop/ARSS_0048.jpg,1,0.4232,0.0001,False,False,False
ARSS_crop,ARSS_0049.jpg,/data/JSM/06_2/ARSS_crop/ARSS_0049.jpg,1,0.4238,0.0001,False,False,False
ARSS_crop,ARSS_0050.jpg,/data/JSM/06_2/ARSS_crop/ARSS_0050.jpg,1,0.4014,0.0,False,False,False
ARSS_crop,ARSS_0051.jpg,/data/JSM/06_2/ARSS_crop/ARSS_0051.jpg,1,0.4385,0.0,False,False,False
ARSS_crop,ARSS_0052.jpg,/data/JSM/06_2/ARSS_crop/ARSS_0052.jpg,1,0.3826,0.0,False,False,False
ARSS_crop,ARSS_0053.jpg,/data/JSM/06_2/ARSS_crop/ARSS_0053.jpg,1,0.387,0.0001,False,False,False
ARSS_crop,ARSS_0054.jpg,/data/JSM/06_2/ARSS_crop/ARSS_0054.jpg,1,0.3633,0.0001,False,False,False
ARSS_crop,ARSS_0055.jpg,/data/JSM/06_2/ARSS_crop/ARSS_0055.jpg,1,0.3871,0.0,False,False,False
ARSS_crop,ARSS_0056.jpg,/data/JSM/06_2/ARSS_crop/ARSS_0056.jpg,1,0.3825,0.0,False,False,False
ARSS_crop,ARSS_0057.jpg,/data/JSM/06_2/ARSS_crop/ARSS_0057.jpg,1,0.4417,0.0,False,False,False
ARSS_crop,ARSS_0058.jpg,/data/JSM/06_2/ARSS_crop/ARSS_0058.jpg,1,0.37,0.0,False,False,False
ARSS_crop,ARSS_0059.jpg,/data/JSM/06_2/ARSS_crop/ARSS_0059.jpg,1,0.4074,0.0001,False,False,False
ARSS_crop,ARSS_0060.jpg,/data/JSM/06_2/ARSS_crop/ARSS_0060.jpg,1,0.4771,0.0,False,False,False
ARSS_crop,ARSS_0061.jpg,/data/JSM/06_2/ARSS_crop/ARSS_0061.jpg,1,0.4247,0.0,False,False,False
ARSS_crop,ARSS_0062.jpg,/data/JSM/06_2/ARSS_crop/ARSS_0062.jpg,1,0.4584,0.0001,False,False,False
ARSS_crop,ARSS_0063.jpg,/data/JSM/06_2/ARSS_crop/ARSS_0063.jpg,1,0.3405,0.0001,False,False,False
ARSS_crop,ARSS_0064.jpg,/data/JSM/06_2/ARSS_crop/ARSS_0064.jpg,1,0.438,0.0,False,False,False
ARSS_crop,ARSS_0065.jpg,/data/JSM/06_2/ARSS_crop/ARSS_0065.jpg,1,0.4867,0.0,False,False,False
ARSS_crop,ARSS_0066.jpg,/data/JSM/06_2/ARSS_crop/ARSS_0066.jpg,1,0.4348,0.0002,False,False,False
ARSS_crop,ARSS_0067.jpg,/data/JSM/06_2/ARSS_crop/ARSS_0067.jpg,1,0.4797,0.0,False,False,False
ARSS_crop,ARSS_0068.jpg,/data/JSM/06_2/ARSS_crop/ARSS_0068.jpg,1,0.3904,0.0001,False,False,False
ARSS_crop,ARSS_0069.jpg,/data/JSM/06_2/ARSS_crop/ARSS_0069.jpg,1,0.4012,0.0,False,False,False
ARSS_crop,ARSS_0070.jpg,/data/JSM/06_2/ARSS_crop/ARSS_0070.jpg,1,0.3984,0.0001,False,False,False
ARSS_crop,ARSS_0071.jpg,/data/JSM/06_2/ARSS_crop/ARSS_0071.jpg,1,0.4321,0.0,False,False,False
ARSS_crop,ARSS_0072.jpg,/data/JSM/06_2/ARSS_crop/ARSS_0072.jpg,1,0.3839,0.0,False,False,False
ARSS_crop,ARSS_0073.jpg,/data/JSM/06_2/ARSS_crop/ARSS_0073.jpg,1,0.4708,0.0002,False,False,False
ARSS_crop,ARSS_0074.jpg,/data/JSM/06_2/ARSS_crop/ARSS_0074.jpg,1,0.4121,0.0,False,False,False
ARSS_crop,ARSS_0075.jpg,/data/JSM/06_2/ARSS_crop/ARSS_0075.jpg,1,0.4669,0.0,False,False,False
ARSS_crop,ARSS_0076.jpg,/data/JSM/06_2/ARSS_crop/ARSS_0076.jpg,1,0.4373,0.0001,False,False,False
ARSS_crop,ARSS_0077.jpg,/data/JSM/06_2/ARSS_crop/ARSS_0077.jpg,1,0.3869,0.0,False,False,False
ARSS_crop,ARSS_0078.jpg,/data/JSM/06_2/ARSS_crop/ARSS_0078.jpg,1,0.4622,0.0001,False,False,False
ARSS_crop,ARSS_0079.jpg,/data/JSM/06_2/ARSS_crop/ARSS_0079.jpg,1,0.3699,0.0,False,False,False
ARSS_crop,ARSS_0080.jpg,/data/JSM/06_2/ARSS_crop/ARSS_0080.jpg,1,0.4443,0.0001,False,False,False
ARSS_crop,ARSS_0081.jpg,/data/JSM/06_2/ARSS_crop/ARSS_0081.jpg,1,0.4183,0.0,False,False,False
ARSS_crop,ARSS_0082.jpg,/data/JSM/06_2/ARSS_crop/ARSS_0082.jpg,1,0.4405,0.0,False,False,False
ARSS_crop,ARSS_0083.jpg,/data/JSM/06_2/ARSS_crop/ARSS_0083.jpg,1,0.4033,0.0,False,False,False
ARSS_crop,ARSS_0084.jpg,/data/JSM/06_2/ARSS_crop/ARSS_0084.jpg,1,0.4108,0.0,False,False,False
ARSS_crop,ARSS_0085.jpg,/data/JSM/06_2/ARSS_crop/ARSS_0085.jpg,1,0.4288,0.0,False,False,False
ARSS_crop,ARSS_0086.jpg,/data/JSM/06_2/ARSS_crop/ARSS_0086.jpg,1,0.3998,0.0001,False,False,False
ARSS_crop,ARSS_0087.jpg,/data/JSM/06_2/ARSS_crop/ARSS_0087.jpg,1,0.4112,0.0,False,False,False
ARSS_crop,ARSS_0088.jpg,/data/JSM/06_2/ARSS_crop/ARSS_0088.jpg,1,0.4279,0.0001,False,False,False
ARSS_crop,ARSS_0089.jpg,/data/JSM/06_2/ARSS_crop/ARSS_0089.jpg,1,0.4562,0.0,False,False,False
ARSS_crop,ARSS_0090.jpg,/data/JSM/06_2/ARSS_crop/ARSS_0090.jpg,1,0.3943,0.0,False,False,False
ARSS_crop,ARSS_0091.jpg,/data/JSM/06_2/ARSS_crop/ARSS_0091.jpg,1,0.4731,0.0,False,False,False
ARSS_crop,ARSS_0092.jpg,/data/JSM/06_2/ARSS_crop/ARSS_0092.jpg,1,0.3791,0.0,False,False,False
ARSS_crop,ARSS_0093.jpg,/data/JSM/06_2/ARSS_crop/ARSS_0093.jpg,1,0.4429,0.0001,False,False,False
ARSS_crop,ARSS_0094.jpg,/data/JSM/06_2/ARSS_crop/ARSS_0094.jpg,1,0.397,0.0001,False,False,False
ARSS_crop,ARSS_0095.jpg,/data/JSM/06_2/ARSS_crop/ARSS_0095.jpg,1,0.3935,0.0001,False,False,False
ARSS_crop,ARSS_0096.jpg,/data/JSM/06_2/ARSS_crop/ARSS_0096.jpg,1,0.4156,0.0001,False,False,False
ARSS_crop,ARSS_0097.jpg,/data/JSM/06_2/ARSS_crop/ARSS_0097.jpg,1,0.3805,0.0001,False,False,False
ARSS_crop,ARSS_0098.jpg,/data/JSM/06_2/ARSS_crop/ARSS_0098.jpg,1,0.4419,0.0001,False,False,False
ARSS_crop,ARSS_0099.jpg,/data/JSM/06_2/ARSS_crop/ARSS_0099.jpg,1,0.4534,0.0001,False,False,False
ARSS_crop,ARSS_0100.jpg,/data/JSM/06_2/ARSS_crop/ARSS_0100.jpg,1,0.451,0.0,False,False,False
ARSS_crop,ARSS_0101.jpg,/data/JSM/06_2/ARSS_crop/ARSS_0101.jpg,1,0.4086,0.0001,False,False,False
ARSS_crop,ARSS_0102.jpg,/data/JSM/06_2/ARSS_crop/ARSS_0102.jpg,1,0.3513,0.0,False,False,False
ARSS_crop,ARSS_0103.jpg,/data/JSM/06_2/ARSS_crop/ARSS_0103.jpg,1,0.3834,0.0001,False,False,False
ARSS_crop,ARSS_0104.jpg,/data/JSM/06_2/ARSS_crop/ARSS_0104.jpg,1,0.3768,0.0001,False,False,False
ARSS_crop,ARSS_0105.jpg,/data/JSM/06_2/ARSS_crop/ARSS_0105.jpg,1,0.4794,0.0001,False,False,False
ARSS_crop,ARSS_0106.jpg,/data/JSM/06_2/ARSS_crop/ARSS_0106.jpg,1,0.4535,0.0,False,False,False
ARSS_crop,ARSS_0107.jpg,/data/JSM/06_2/ARSS_crop/ARSS_0107.jpg,1,0.3938,0.0,False,False,False
ARSS_crop,ARSS_0108.jpg,/data/JSM/06_2/ARSS_crop/ARSS_0108.jpg,1,0.423,0.0,False,False,False
ARSS_crop,ARSS_0109.jpg,/data/JSM/06_2/ARSS_crop/ARSS_0109.jpg,1,0.4331,0.0,False,False,False
ARSS_crop,ARSS_0110.jpg,/data/JSM/06_2/ARSS_crop/ARSS_0110.jpg,1,0.4426,0.0,False,False,False
ARSS_crop,ARSS_0111.jpg,/data/JSM/06_2/ARSS_crop/ARSS_0111.jpg,1,0.4932,0.0,False,False,False
ARSS_crop,ARSS_0112.jpg,/data/JSM/06_2/ARSS_crop/ARSS_0112.jpg,1,0.4537,0.0001,False,False,False
ARSS_crop,ARSS_0113.jpg,/data/JSM/06_2/ARSS_crop/ARSS_0113.jpg,1,0.4355,0.0,False,False,False
ARSS_crop,ARSS_0114.jpg,/data/JSM/06_2/ARSS_crop/ARSS_0114.jpg,1,0.4308,0.0001,False,False,False
ARSS_crop,ARSS_0115.jpg,/data/JSM/06_2/ARSS_crop/ARSS_0115.jpg,1,0.4844,0.0,False,False,False
ARSS_crop,ARSS_0116.jpg,/data/JSM/06_2/ARSS_crop/ARSS_0116.jpg,1,0.4183,0.0,False,False,False
ARSS_crop,ARSS_0117.jpg,/data/JSM/06_2/ARSS_crop/ARSS_0117.jpg,1,0.7074,0.0003,True,False,False
ARSS_crop,ARSS_0118.jpg,/data/JSM/06_2/ARSS_crop/ARSS_0118.jpg,1,0.4011,0.0,False,False,False
ARSS_crop,ARSS_0119.jpg,/data/JSM/06_2/ARSS_crop/ARSS_0119.jpg,1,0.3714,0.0001,False,False,False
ARSS_crop,ARSS_0120.jpg,/data/JSM/06_2/ARSS_crop/ARSS_0120.jpg,1,0.4846,0.0001,False,False,False
ARSS_crop,ARSS_0121.jpg,/data/JSM/06_2/ARSS_crop/ARSS_0121.jpg,1,0.4455,0.0001,False,False,False
ARSS_crop,ARSS_0122.jpg,/data/JSM/06_2/ARSS_crop/ARSS_0122.jpg,1,0.432,0.0,False,False,False
ARSS_crop,ARSS_0123.jpg,/data/JSM/06_2/ARSS_crop/ARSS_0123.jpg,1,0.3894,0.0,False,False,False
ARSS_crop,ARSS_0124.jpg,/data/JSM/06_2/ARSS_crop/ARSS_0124.jpg,1,0.4059,0.0,False,False,False
ARSS_crop,ARSS_0125.jpg,/data/JSM/06_2/ARSS_crop/ARSS_0125.jpg,1,0.4453,0.0001,False,False,False
ARSS_crop,ARSS_0126.jpg,/data/JSM/06_2/ARSS_crop/ARSS_0126.jpg,1,0.3743,0.0001,False,False,False
ARSS_crop,ARSS_0127.jpg,/data/JSM/06_2/ARSS_crop/ARSS_0127.jpg,1,0.3672,0.0001,False,False,False
ARSS_crop,ARSS_0128.jpg,/data/JSM/06_2/ARSS_crop/ARSS_0128.jpg,1,0.5132,0.0001,False,False,False
ARSS_crop,ARSS_0129.jpg,/data/JSM/06_2/ARSS_crop/ARSS_0129.jpg,1,0.4379,0.0,False,False,False
ARSS_crop,ARSS_0130.jpg,/data/JSM/06_2/ARSS_crop/ARSS_0130.jpg,1,0.4299,0.0,False,False,False
ARSS_crop,ARSS_0131.jpg,/data/JSM/06_2/ARSS_crop/ARSS_0131.jpg,1,0.4946,0.0,False,False,False
ARSS_crop,ARSS_0132.jpg,/data/JSM/06_2/ARSS_crop/ARSS_0132.jpg,1,0.4544,0.0001,False,False,False
ARSS_crop,ARSS_0133.jpg,/data/JSM/06_2/ARSS_crop/ARSS_0133.jpg,1,0.4278,0.0001,False,False,False
ARSS_crop,ARSS_0134.jpg,/data/JSM/06_2/ARSS_crop/ARSS_0134.jpg,1,0.4099,0.0,False,False,False
ARSS_crop,ARSS_0135.jpg,/data/JSM/06_2/ARSS_crop/ARSS_0135.jpg,1,0.4692,0.0001,False,False,False
ARSS_crop,ARSS_0136.jpg,/data/JSM/06_2/ARSS_crop/ARSS_0136.jpg,1,0.4042,0.0,False,False,False
ARSS_crop,ARSS_0137.jpg,/data/JSM/06_2/ARSS_crop/ARSS_0137.jpg,1,0.3886,0.0,False,False,False
ARSS_crop,ARSS_0138.jpg,/data/JSM/06_2/ARSS_crop/ARSS_0138.jpg,1,0.4563,0.0001,False,False,False
ARSS_crop,ARSS_0139.jpg,/data/JSM/06_2/ARSS_crop/ARSS_0139.jpg,1,0.3971,0.0,False,False,False
ARSS_crop,ARSS_0140.jpg,/data/JSM/06_2/ARSS_crop/ARSS_0140.jpg,1,0.4038,0.0,False,False,False
ARSS_crop,ARSS_0141.jpg,/data/JSM/06_2/ARSS_crop/ARSS_0141.jpg,1,0.379,0.0002,False,False,False
ARSS_crop,ARSS_0142.jpg,/data/JSM/06_2/ARSS_crop/ARSS_0142.jpg,1,0.4117,0.0,False,False,False
ARSS_crop,ARSS_0143.jpg,/data/JSM/06_2/ARSS_crop/ARSS_0143.jpg,1,0.4089,0.0,False,False,False
ARSS_crop,ARSS_0144.jpg,/data/JSM/06_2/ARSS_crop/ARSS_0144.jpg,1,0.4748,0.0002,False,False,False
ARSS_crop,ARSS_0145.jpg,/data/JSM/06_2/ARSS_crop/ARSS_0145.jpg,1,0.447,0.0001,False,False,False
ARSS_crop,ARSS_0146.jpg,/data/JSM/06_2/ARSS_crop/ARSS_0146.jpg,1,0.4511,0.0001,False,False,False
ARSS_crop,ARSS_0147.jpg,/data/JSM/06_2/ARSS_crop/ARSS_0147.jpg,1,0.3994,0.0,False,False,False
ARSS_crop,ARSS_0148.jpg,/data/JSM/06_2/ARSS_crop/ARSS_0148.jpg,1,0.4467,0.0001,False,False,False
ARSS_crop,ARSS_0149.jpg,/data/JSM/06_2/ARSS_crop/ARSS_0149.jpg,1,0.4084,0.0,False,False,False
ARSS_crop,ARSS_0150.jpg,/data/JSM/06_2/ARSS_crop/ARSS_0150.jpg,1,0.4249,0.0,False,False,False
ARSS_crop,ARSS_0151.jpg,/data/JSM/06_2/ARSS_crop/ARSS_0151.jpg,1,0.3732,0.0,False,False,False
ARSS_crop,ARSS_0152.jpg,/data/JSM/06_2/ARSS_crop/ARSS_0152.jpg,1,0.3689,0.0,False,False,False
ARSS_crop,ARSS_0153.jpg,/data/JSM/06_2/ARSS_crop/ARSS_0153.jpg,1,0.6003,0.0,False,False,False
ARSS_crop,ARSS_0154.jpg,/data/JSM/06_2/ARSS_crop/ARSS_0154.jpg,1,0.447,0.0,False,False,False
ARSS_crop,ARSS_0155.jpg,/data/JSM/06_2/ARSS_crop/ARSS_0155.jpg,1,0.4333,0.0,False,False,False
ARSS_crop,ARSS_0156.jpg,/data/JSM/06_2/ARSS_crop/ARSS_0156.jpg,1,0.4329,0.0,False,False,False
ARSS_crop,ARSS_0157.jpg,/data/JSM/06_2/ARSS_crop/ARSS_0157.jpg,1,0.4555,0.0001,False,False,False
ARSS_crop,ARSS_0158.jpg,/data/JSM/06_2/ARSS_crop/ARSS_0158.jpg,1,0.3972,0.0001,False,False,False
ARSS_crop,ARSS_0159.jpg,/data/JSM/06_2/ARSS_crop/ARSS_0159.jpg,1,0.3334,0.0001,False,False,False
ARSS_crop,ARSS_0160.jpg,/data/JSM/06_2/ARSS_crop/ARSS_0160.jpg,1,0.4481,0.0,False,False,False
ARSS_crop,ARSS_0161.jpg,/data/JSM/06_2/ARSS_crop/ARSS_0161.jpg,1,0.4678,0.0001,False,False,False
ARSS_crop,ARSS_0162.jpg,/data/JSM/06_2/ARSS_crop/ARSS_0162.jpg,1,0.4377,0.0,False,False,False
ARSS_crop,ARSS_0163.jpg,/data/JSM/06_2/ARSS_crop/ARSS_0163.jpg,1,0.3699,0.0001,False,False,False
ARSS_crop,ARSS_0164.jpg,/data/JSM/06_2/ARSS_crop/ARSS_0164.jpg,1,0.4768,0.0,False,False,False
ARSS_crop,ARSS_0165.jpg,/data/JSM/06_2/ARSS_crop/ARSS_0165.jpg,1,0.4009,0.0,False,False,False
ARSS_crop,ARSS_0166.jpg,/data/JSM/06_2/ARSS_crop/ARSS_0166.jpg,1,0.3982,0.0,False,False,False
ARSS_crop,ARSS_0167.jpg,/data/JSM/06_2/ARSS_crop/ARSS_0167.jpg,1,0.7423,0.0001,True,False,False
ARSS_crop,ARSS_0168.jpg,/data/JSM/06_2/ARSS_crop/ARSS_0168.jpg,1,0.6739,0.0002,True,False,False
ARSS_crop,ARSS_0169.jpg,/data/JSM/06_2/ARSS_crop/ARSS_0169.jpg,1,0.4366,0.0001,False,False,False
ARSS_crop,ARSS_0170.jpg,/data/JSM/06_2/ARSS_crop/ARSS_0170.jpg,1,0.455,0.0001,False,False,False
ARSS_crop,ARSS_0171.jpg,/data/JSM/06_2/ARSS_crop/ARSS_0171.jpg,1,0.3977,0.0,False,False,False
ARSS_crop,ARSS_0172.jpg,/data/JSM/06_2/ARSS_crop/ARSS_0172.jpg,1,0.4104,0.0001,False,False,False
ARSS_crop,ARSS_0173.jpg,/data/JSM/06_2/ARSS_crop/ARSS_0173.jpg,1,0.4041,0.0001,False,False,False
ARSS_crop,ARSS_0174.jpg,/data/JSM/06_2/ARSS_crop/ARSS_0174.jpg,1,0.3872,0.0,False,False,False
ARSS_crop,ARSS_0175.jpg,/data/JSM/06_2/ARSS_crop/ARSS_0175.jpg,1,0.457,0.0,False,False,False
ARSS_crop,ARSS_0176.jpg,/data/JSM/06_2/ARSS_crop/ARSS_0176.jpg,1,0.4215,0.0001,False,False,False
ARSS_crop,ARSS_0177.jpg,/data/JSM/06_2/ARSS_crop/ARSS_0177.jpg,1,0.4185,0.0001,False,False,False
ARSS_crop,ARSS_0178.jpg,/data/JSM/06_2/ARSS_crop/ARSS_0178.jpg,1,0.4288,0.0,False,False,False
ARSS_crop,ARSS_0179.jpg,/data/JSM/06_2/ARSS_crop/ARSS_0179.jpg,1,0.3601,0.0,False,False,False
ARSS_crop,ARSS_0180.jpg,/data/JSM/06_2/ARSS_crop/ARSS_0180.jpg,1,0.342,0.0001,False,False,False
ARSS_crop,ARSS_0181.jpg,/data/JSM/06_2/ARSS_crop/ARSS_0181.jpg,1,0.5321,0.0001,False,False,False
ARSS_crop,ARSS_0182.jpg,/data/JSM/06_2/ARSS_crop/ARSS_0182.jpg,1,0.447,0.0001,False,False,False
ARSS_crop,ARSS_0183.jpg,/data/JSM/06_2/ARSS_crop/ARSS_0183.jpg,1,0.4942,0.0,False,False,False
ARSS_crop,ARSS_0184.jpg,/data/JSM/06_2/ARSS_crop/ARSS_0184.jpg,1,0.3889,0.0001,False,False,False
ARSS_crop,ARSS_0185.jpg,/data/JSM/06_2/ARSS_crop/ARSS_0185.jpg,1,0.371,0.0,False,False,False
ARSS_crop,ARSS_0186.jpg,/data/JSM/06_2/ARSS_crop/ARSS_0186.jpg,1,0.4227,0.0001,False,False,False
ARSS_crop,ARSS_0187.jpg,/data/JSM/06_2/ARSS_crop/ARSS_0187.jpg,1,0.4287,0.0001,False,False,False
ARSS_crop,ARSS_0188.jpg,/data/JSM/06_2/ARSS_crop/ARSS_0188.jpg,1,0.3587,0.0,False,False,False
ARSS_crop,ARSS_0189.jpg,/data/JSM/06_2/ARSS_crop/ARSS_0189.jpg,1,0.4287,0.0,False,False,False
ARSS_crop,ARSS_0190.jpg,/data/JSM/06_2/ARSS_crop/ARSS_0190.jpg,1,0.4196,0.0,False,False,False
ARSS_crop,ARSS_0191.jpg,/data/JSM/06_2/ARSS_crop/ARSS_0191.jpg,1,0.4792,0.0001,False,False,False
ARSS_crop,ARSS_0192.jpg,/data/JSM/06_2/ARSS_crop/ARSS_0192.jpg,1,0.4392,0.0,False,False,False
ARSS_crop,ARSS_0193.jpg,/data/JSM/06_2/ARSS_crop/ARSS_0193.jpg,1,0.4319,0.0001,False,False,False
ARSS_crop,ARSS_0194.jpg,/data/JSM/06_2/ARSS_crop/ARSS_0194.jpg,1,0.4324,0.0,False,False,False
ARSS_crop,ARSS_0195.jpg,/data/JSM/06_2/ARSS_crop/ARSS_0195.jpg,1,0.3902,0.0,False,False,False
ARSS_crop,ARSS_0196.jpg,/data/JSM/06_2/ARSS_crop/ARSS_0196.jpg,1,0.3792,0.0,False,False,False
ARSS_crop,ARSS_0197.jpg,/data/JSM/06_2/ARSS_crop/ARSS_0197.jpg,1,0.4042,0.0,False,False,False
ARSS_crop,ARSS_0198.jpg,/data/JSM/06_2/ARSS_crop/ARSS_0198.jpg,1,0.4069,0.0,False,False,False
ARSS_crop,ARSS_0199.jpg,/data/JSM/06_2/ARSS_crop/ARSS_0199.jpg,1,0.3869,0.0,False,False,False
ARSS_crop,ARSS_0200.jpg,/data/JSM/06_2/ARSS_crop/ARSS_0200.jpg,1,0.5027,0.0,False,False,False
ARSS_crop,ARSS_0201.jpg,/data/JSM/06_2/ARSS_crop/ARSS_0201.jpg,1,0.4388,0.0,False,False,False
ARSS_crop,ARSS_0202.jpg,/data/JSM/06_2/ARSS_crop/ARSS_0202.jpg,1,0.4648,0.0,False,False,False
ARSS_crop,ARSS_0203.jpg,/data/JSM/06_2/ARSS_crop/ARSS_0203.jpg,1,0.4176,0.0,False,False,False
ARSS_crop,ARSS_0204.jpg,/data/JSM/06_2/ARSS_crop/ARSS_0204.jpg,1,0.4286,0.0,False,False,False
ARSS_crop,ARSS_0205.jpg,/data/JSM/06_2/ARSS_crop/ARSS_0205.jpg,1,0.4022,0.0,False,False,False
ARSS_crop,ARSS_0206.jpg,/data/JSM/06_2/ARSS_crop/ARSS_0206.jpg,1,0.4026,0.0,False,False,False
ARSS_crop,ARSS_0207.jpg,/data/JSM/06_2/ARSS_crop/ARSS_0207.jpg,1,0.4179,0.0,False,False,False
ARSS_crop,ARSS_0208.jpg,/data/JSM/06_2/ARSS_crop/ARSS_0208.jpg,1,0.4,0.0,False,False,False
ARSS_crop,ARSS_0209.jpg,/data/JSM/06_2/ARSS_crop/ARSS_0209.jpg,1,0.4386,0.0002,False,False,False
ARSS_crop,ARSS_0210.jpg,/data/JSM/06_2/ARSS_crop/ARSS_0210.jpg,1,0.4208,0.0001,False,False,False
ARSS_crop,ARSS_0211.jpg,/data/JSM/06_2/ARSS_crop/ARSS_0211.jpg,1,0.4129,0.0,False,False,False
ARSS_crop,ARSS_0212.jpg,/data/JSM/06_2/ARSS_crop/ARSS_0212.jpg,1,0.4667,0.0,False,False,False
ARSS_crop,ARSS_0213.jpg,/data/JSM/06_2/ARSS_crop/ARSS_0213.jpg,1,0.4271,0.0,False,False,False
ARSS_crop,ARSS_0214.jpg,/data/JSM/06_2/ARSS_crop/ARSS_0214.jpg,1,0.4893,0.0,False,False,False
ARSS_crop,ARSS_0215.jpg,/data/JSM/06_2/ARSS_crop/ARSS_0215.jpg,1,0.414,0.0,False,False,False
ARSS_crop,ARSS_0216.jpg,/data/JSM/06_2/ARSS_crop/ARSS_0216.jpg,1,0.4207,0.0001,False,False,False
ARSS_crop,ARSS_0217.jpg,/data/JSM/06_2/ARSS_crop/ARSS_0217.jpg,1,0.4524,0.0,False,False,False
ARSS_crop,ARSS_0218.jpg,/data/JSM/06_2/ARSS_crop/ARSS_0218.jpg,1,0.4422,0.0001,False,False,False
ARSS_crop,ARSS_0219.jpg,/data/JSM/06_2/ARSS_crop/ARSS_0219.jpg,1,0.3438,0.0001,False,False,False
ARSS_crop,ARSS_0220.jpg,/data/JSM/06_2/ARSS_crop/ARSS_0220.jpg,1,0.3986,0.0,False,False,False
ARSS_crop,ARSS_0221.jpg,/data/JSM/06_2/ARSS_crop/ARSS_0221.jpg,1,0.655,0.0002,True,False,False
ARSS_crop,ARSS_0222.jpg,/data/JSM/06_2/ARSS_crop/ARSS_0222.jpg,1,0.4262,0.0,False,False,False
PJNA_crop,PJNA_0000.jpg,/data/JSM/06_2/PJNA_crop/PJNA_0000.jpg,2,0.3407,0.0002,False,False,False
PJNA_crop,PJNA_0001.jpg,/data/JSM/06_2/PJNA_crop/PJNA_0001.jpg,2,0.4203,0.0001,False,False,False
PJNA_crop,PJNA_0002.jpg,/data/JSM/06_2/PJNA_crop/PJNA_0002.jpg,2,0.2966,0.0001,False,False,False
PJNA_crop,PJNA_0003.jpg,/data/JSM/06_2/PJNA_crop/PJNA_0003.jpg,2,0.3233,0.0001,False,False,False
PJNA_crop,PJNA_0004.jpg,/data/JSM/06_2/PJNA_crop/PJNA_0004.jpg,2,0.3231,0.0001,False,False,False
PJNA_crop,PJNA_0005.jpg,/data/JSM/06_2/PJNA_crop/PJNA_0005.jpg,2,0.3225,0.0001,False,False,False
PJNA_crop,PJNA_0006.jpg,/data/JSM/06_2/PJNA_crop/PJNA_0006.jpg,2,0.2899,0.0001,False,False,False
PJNA_crop,PJNA_0007.jpg,/data/JSM/06_2/PJNA_crop/PJNA_0007.jpg,2,0.3073,0.0001,False,False,False
PJNA_crop,PJNA_0008.jpg,/data/JSM/06_2/PJNA_crop/PJNA_0008.jpg,2,0.3082,0.0001,False,False,False
PJNA_crop,PJNA_0009.jpg,/data/JSM/06_2/PJNA_crop/PJNA_0009.jpg,2,0.4071,0.0001,False,False,False
PJNA_crop,PJNA_0010.jpg,/data/JSM/06_2/PJNA_crop/PJNA_0010.jpg,2,0.3466,0.0,False,False,False
PJNA_crop,PJNA_0011.jpg,/data/JSM/06_2/PJNA_crop/PJNA_0011.jpg,2,0.3146,0.0001,False,False,False
PJNA_crop,PJNA_0012.jpg,/data/JSM/06_2/PJNA_crop/PJNA_0012.jpg,2,0.3124,0.0001,False,False,False
PJNA_crop,PJNA_0013.jpg,/data/JSM/06_2/PJNA_crop/PJNA_0013.jpg,2,0.306,0.0,False,False,False
PJNA_crop,PJNA_0014.jpg,/data/JSM/06_2/PJNA_crop/PJNA_0014.jpg,2,0.3234,0.0,False,False,False
PJNA_crop,PJNA_0015.jpg,/data/JSM/06_2/PJNA_crop/PJNA_0015.jpg,2,0.2874,0.0,False,False,False
PJNA_crop,PJNA_0016.jpg,/data/JSM/06_2/PJNA_crop/PJNA_0016.jpg,2,0.3282,0.0,False,False,False
PJNA_crop,PJNA_0017.jpg,/data/JSM/06_2/PJNA_crop/PJNA_0017.jpg,2,0.3156,0.0,False,False,False
PJNA_crop,PJNA_0018.jpg,/data/JSM/06_2/PJNA_crop/PJNA_0018.jpg,2,0.3188,0.0001,False,False,False
PJNA_crop,PJNA_0019.jpg,/data/JSM/06_2/PJNA_crop/PJNA_0019.jpg,2,0.313,0.0,False,False,False
PJNA_crop,PJNA_0020.jpg,/data/JSM/06_2/PJNA_crop/PJNA_0020.jpg,2,0.2944,0.0001,False,False,False
PJNA_crop,PJNA_0021.jpg,/data/JSM/06_2/PJNA_crop/PJNA_0021.jpg,2,0.3349,0.0,False,False,False
PJNA_crop,PJNA_0022.jpg,/data/JSM/06_2/PJNA_crop/PJNA_0022.jpg,2,0.3378,0.0,False,False,False
PJNA_crop,PJNA_0023.jpg,/data/JSM/06_2/PJNA_crop/PJNA_0023.jpg,2,0.3488,0.0,False,False,False
PJNA_crop,PJNA_0024.jpg,/data/JSM/06_2/PJNA_crop/PJNA_0024.jpg,2,0.308,0.0,False,False,False
PJNA_crop,PJNA_0025.jpg,/data/JSM/06_2/PJNA_crop/PJNA_0025.jpg,2,0.2864,0.0,False,False,False
PJNA_crop,PJNA_0026.jpg,/data/JSM/06_2/PJNA_crop/PJNA_0026.jpg,2,0.3184,0.0001,False,False,False
PJNA_crop,PJNA_0027.jpg,/data/JSM/06_2/PJNA_crop/PJNA_0027.jpg,2,0.3153,0.0001,False,False,False
PJNA_crop,PJNA_0028.jpg,/data/JSM/06_2/PJNA_crop/PJNA_0028.jpg,2,0.3646,0.0,False,False,False
PJNA_crop,PJNA_0029.jpg,/data/JSM/06_2/PJNA_crop/PJNA_0029.jpg,2,0.3255,0.0,False,False,False
PJNA_crop,PJNA_0030.jpg,/data/JSM/06_2/PJNA_crop/PJNA_0030.jpg,2,0.2636,0.0,False,False,False
PJNA_crop,PJNA_0031.jpg,/data/JSM/06_2/PJNA_crop/PJNA_0031.jpg,2,0.3254,0.0001,False,False,False
PJNA_crop,PJNA_0032.jpg,/data/JSM/06_2/PJNA_crop/PJNA_0032.jpg,2,0.2564,0.0,False,False,False
PJNA_crop,PJNA_0033.jpg,/data/JSM/06_2/PJNA_crop/PJNA_0033.jpg,2,0.3133,0.0,False,False,False
PJNA_crop,PJNA_0034.jpg,/data/JSM/06_2/PJNA_crop/PJNA_0034.jpg,2,0.3253,0.0001,False,False,False
PJNA_crop,PJNA_0035.jpg,/data/JSM/06_2/PJNA_crop/PJNA_0035.jpg,2,0.2789,0.0,False,False,False
PJNA_crop,PJNA_0036.jpg,/data/JSM/06_2/PJNA_crop/PJNA_0036.jpg,2,0.2971,0.0001,False,False,False
PJNA_crop,PJNA_0037.jpg,/data/JSM/06_2/PJNA_crop/PJNA_0037.jpg,2,0.3119,0.0,False,False,False
PJNA_crop,PJNA_0038.jpg,/data/JSM/06_2/PJNA_crop/PJNA_0038.jpg,2,0.2488,0.0,False,False,False
PJNA_crop,PJNA_0039.jpg,/data/JSM/06_2/PJNA_crop/PJNA_0039.jpg,2,0.2774,0.0,False,False,False
PJNA_crop,PJNA_0040.jpg,/data/JSM/06_2/PJNA_crop/PJNA_0040.jpg,2,0.3091,0.0,False,False,False
PJNA_crop,PJNA_0041.jpg,/data/JSM/06_2/PJNA_crop/PJNA_0041.jpg,2,0.2882,0.0001,False,False,False
PJNA_crop,PJNA_0042.jpg,/data/JSM/06_2/PJNA_crop/PJNA_0042.jpg,2,0.3637,0.0001,False,False,False
PJNA_crop,PJNA_0043.jpg,/data/JSM/06_2/PJNA_crop/PJNA_0043.jpg,2,0.2891,0.0001,False,False,False
PJNA_crop,PJNA_0044.jpg,/data/JSM/06_2/PJNA_crop/PJNA_0044.jpg,2,0.3696,0.0001,False,False,False
PJNA_crop,PJNA_0045.jpg,/data/JSM/06_2/PJNA_crop/PJNA_0045.jpg,2,0.3166,0.0001,False,False,False
PJNA_crop,PJNA_0046.jpg,/data/JSM/06_2/PJNA_crop/PJNA_0046.jpg,2,0.2946,0.0001,False,False,False
PJNA_crop,PJNA_0047.jpg,/data/JSM/06_2/PJNA_crop/PJNA_0047.jpg,2,0.2968,0.0001,False,False,False
PJNA_crop,PJNA_0048.jpg,/data/JSM/06_2/PJNA_crop/PJNA_0048.jpg,2,0.3443,0.0,False,False,False
PJNA_crop,PJNA_0049.jpg,/data/JSM/06_2/PJNA_crop/PJNA_0049.jpg,2,0.2863,0.0,False,False,False
PJNA_crop,PJNA_0050.jpg,/data/JSM/06_2/PJNA_crop/PJNA_0050.jpg,2,0.3253,0.0001,False,False,False
PJNA_crop,PJNA_0051.jpg,/data/JSM/06_2/PJNA_crop/PJNA_0051.jpg,2,0.3565,0.0,False,False,False
PJNA_crop,PJNA_0052.jpg,/data/JSM/06_2/PJNA_crop/PJNA_0052.jpg,2,0.3079,0.0001,False,False,False
PJNA_crop,PJNA_0053.jpg,/data/JSM/06_2/PJNA_crop/PJNA_0053.jpg,2,0.324,0.0001,False,False,False
PJNA_crop,PJNA_0054.jpg,/data/JSM/06_2/PJNA_crop/PJNA_0054.jpg,2,0.2935,0.0,False,False,False
PJNA_crop,PJNA_0055.jpg,/data/JSM/06_2/PJNA_crop/PJNA_0055.jpg,2,0.3316,0.0001,False,False,False
PJNA_crop,PJNA_0056.jpg,/data/JSM/06_2/PJNA_crop/PJNA_0056.jpg,2,0.2649,0.0002,False,False,False
PJNA_crop,PJNA_0057.jpg,/data/JSM/06_2/PJNA_crop/PJNA_0057.jpg,2,0.3209,0.0001,False,False,False
PJNA_crop,PJNA_0058.jpg,/data/JSM/06_2/PJNA_crop/PJNA_0058.jpg,2,0.3157,0.0001,False,False,False
PJNA_crop,PJNA_0059.jpg,/data/JSM/06_2/PJNA_crop/PJNA_0059.jpg,2,0.3276,0.0,False,False,False
PJNA_crop,PJNA_0060.jpg,/data/JSM/06_2/PJNA_crop/PJNA_0060.jpg,2,0.275,0.0001,False,False,False
PJNA_crop,PJNA_0061.jpg,/data/JSM/06_2/PJNA_crop/PJNA_0061.jpg,2,0.3898,0.0001,False,False,False
PJNA_crop,PJNA_0062.jpg,/data/JSM/06_2/PJNA_crop/PJNA_0062.jpg,2,0.3015,0.0001,False,False,False
PJNA_crop,PJNA_0063.jpg,/data/JSM/06_2/PJNA_crop/PJNA_0063.jpg,2,0.3438,0.0,False,False,False
PJNA_crop,PJNA_0064.jpg,/data/JSM/06_2/PJNA_crop/PJNA_0064.jpg,2,0.3094,0.0001,False,False,False
PJNA_crop,PJNA_0065.jpg,/data/JSM/06_2/PJNA_crop/PJNA_0065.jpg,2,0.3045,0.0,False,False,False
PJNA_crop,PJNA_0066.jpg,/data/JSM/06_2/PJNA_crop/PJNA_0066.jpg,2,0.2843,0.0,False,False,False
PJNA_crop,PJNA_0067.jpg,/data/JSM/06_2/PJNA_crop/PJNA_0067.jpg,2,0.2994,0.0,False,False,False
PJNA_crop,PJNA_0068.jpg,/data/JSM/06_2/PJNA_crop/PJNA_0068.jpg,2,0.3021,0.0,False,False,False
PJNA_crop,PJNA_0069.jpg,/data/JSM/06_2/PJNA_crop/PJNA_0069.jpg,2,0.3421,0.0,False,False,False
PJNA_crop,PJNA_0070.jpg,/data/JSM/06_2/PJNA_crop/PJNA_0070.jpg,2,0.361,0.0002,False,False,False
PJNA_crop,PJNA_0071.jpg,/data/JSM/06_2/PJNA_crop/PJNA_0071.jpg,2,0.2677,0.0001,False,False,False
PJNA_crop,PJNA_0072.jpg,/data/JSM/06_2/PJNA_crop/PJNA_0072.jpg,2,0.3253,0.0,False,False,False
PJNA_crop,PJNA_0073.jpg,/data/JSM/06_2/PJNA_crop/PJNA_0073.jpg,2,0.369,0.0001,False,False,False
PJNA_crop,PJNA_0074.jpg,/data/JSM/06_2/PJNA_crop/PJNA_0074.jpg,2,0.2774,0.0001,False,False,False
PJNA_crop,PJNA_0075.jpg,/data/JSM/06_2/PJNA_crop/PJNA_0075.jpg,2,0.3028,0.0001,False,False,False
PJNA_crop,PJNA_0076.jpg,/data/JSM/06_2/PJNA_crop/PJNA_0076.jpg,2,0.2722,0.0,False,False,False
PJNA_crop,PJNA_0077.jpg,/data/JSM/06_2/PJNA_crop/PJNA_0077.jpg,2,0.342,0.0002,False,False,False
PJNA_crop,PJNA_0078.jpg,/data/JSM/06_2/PJNA_crop/PJNA_0078.jpg,2,0.3242,0.0001,False,False,False
PJNA_crop,PJNA_0079.jpg,/data/JSM/06_2/PJNA_crop/PJNA_0079.jpg,2,0.3229,0.0,False,False,False
PJNA_crop,PJNA_0080.jpg,/data/JSM/06_2/PJNA_crop/PJNA_0080.jpg,2,0.3602,0.0,False,False,False
PJNA_crop,PJNA_0081.jpg,/data/JSM/06_2/PJNA_crop/PJNA_0081.jpg,2,0.3405,0.0,False,False,False
PJNA_crop,PJNA_0082.jpg,/data/JSM/06_2/PJNA_crop/PJNA_0082.jpg,2,0.3762,0.0,False,False,False
PJNA_crop,PJNA_0083.jpg,/data/JSM/06_2/PJNA_crop/PJNA_0083.jpg,2,0.3339,0.0,False,False,False
PJNA_crop,PJNA_0084.jpg,/data/JSM/06_2/PJNA_crop/PJNA_0084.jpg,2,0.344,0.0001,False,False,False
PJNA_crop,PJNA_0085.jpg,/data/JSM/06_2/PJNA_crop/PJNA_0085.jpg,2,0.2748,0.0,False,False,False
PJNA_crop,PJNA_0086.jpg,/data/JSM/06_2/PJNA_crop/PJNA_0086.jpg,2,0.2603,0.0,False,False,False
PJNA_crop,PJNA_0087.jpg,/data/JSM/06_2/PJNA_crop/PJNA_0087.jpg,2,0.3046,0.0001,False,False,False
PJNA_crop,PJNA_0088.jpg,/data/JSM/06_2/PJNA_crop/PJNA_0088.jpg,2,0.2999,0.0001,False,False,False
PJNA_crop,PJNA_0089.jpg,/data/JSM/06_2/PJNA_crop/PJNA_0089.jpg,2,0.3385,0.0,False,False,False
PJNA_crop,PJNA_0090.jpg,/data/JSM/06_2/PJNA_crop/PJNA_0090.jpg,2,0.303,0.0001,False,False,False
PJNA_crop,PJNA_0091.jpg,/data/JSM/06_2/PJNA_crop/PJNA_0091.jpg,2,0.3331,0.0001,False,False,False
PJNA_crop,PJNA_0092.jpg,/data/JSM/06_2/PJNA_crop/PJNA_0092.jpg,2,0.3565,0.0,False,False,False
PJNA_crop,PJNA_0093.jpg,/data/JSM/06_2/PJNA_crop/PJNA_0093.jpg,2,0.2767,0.0001,False,False,False
PJNA_crop,PJNA_0094.jpg,/data/JSM/06_2/PJNA_crop/PJNA_0094.jpg,2,0.3129,0.0,False,False,False
PJNA_crop,PJNA_0095.jpg,/data/JSM/06_2/PJNA_crop/PJNA_0095.jpg,2,0.4011,0.0001,False,False,False
PJNA_crop,PJNA_0096.jpg,/data/JSM/06_2/PJNA_crop/PJNA_0096.jpg,2,0.321,0.0001,False,False,False
PJNA_crop,PJNA_0097.jpg,/data/JSM/06_2/PJNA_crop/PJNA_0097.jpg,2,0.303,0.0001,False,False,False
PJNA_crop,PJNA_0098.jpg,/data/JSM/06_2/PJNA_crop/PJNA_0098.jpg,2,0.2582,0.0,False,False,False
PJNA_crop,PJNA_0099.jpg,/data/JSM/06_2/PJNA_crop/PJNA_0099.jpg,2,0.3243,0.0001,False,False,False
PJNA_crop,PJNA_0100.jpg,/data/JSM/06_2/PJNA_crop/PJNA_0100.jpg,2,0.3629,0.0,False,False,False
PJNA_crop,PJNA_0101.jpg,/data/JSM/06_2/PJNA_crop/PJNA_0101.jpg,2,0.3449,0.0,False,False,False
PJNA_crop,PJNA_0102.jpg,/data/JSM/06_2/PJNA_crop/PJNA_0102.jpg,2,0.3213,0.0001,False,False,False
PJNA_crop,PJNA_0103.jpg,/data/JSM/06_2/PJNA_crop/PJNA_0103.jpg,2,0.3303,0.0001,False,False,False
PJNA_crop,PJNA_0104.jpg,/data/JSM/06_2/PJNA_crop/PJNA_0104.jpg,2,0.2847,0.0,False,False,False
PJNA_crop,PJNA_0105.jpg,/data/JSM/06_2/PJNA_crop/PJNA_0105.jpg,2,0.2779,0.0001,False,False,False
PJNA_crop,PJNA_0106.jpg,/data/JSM/06_2/PJNA_crop/PJNA_0106.jpg,2,0.3351,0.0,False,False,False
PJNA_crop,PJNA_0107.jpg,/data/JSM/06_2/PJNA_crop/PJNA_0107.jpg,2,0.2892,0.0001,False,False,False
PJNA_crop,PJNA_0108.jpg,/data/JSM/06_2/PJNA_crop/PJNA_0108.jpg,2,0.3351,0.0001,False,False,False
PJNA_crop,PJNA_0109.jpg,/data/JSM/06_2/PJNA_crop/PJNA_0109.jpg,2,0.2937,0.0001,False,False,False
PJNA_crop,PJNA_0110.jpg,/data/JSM/06_2/PJNA_crop/PJNA_0110.jpg,2,0.3925,0.0,False,False,False
PJNA_crop,PJNA_0111.jpg,/data/JSM/06_2/PJNA_crop/PJNA_0111.jpg,2,0.3013,0.0001,False,False,False
PJNA_crop,PJNA_0112.jpg,/data/JSM/06_2/PJNA_crop/PJNA_0112.jpg,2,0.3296,0.0001,False,False,False
PJNA_crop,PJNA_0113.jpg,/data/JSM/06_2/PJNA_crop/PJNA_0113.jpg,2,0.3349,0.0,False,False,False
PJNA_crop,PJNA_0114.jpg,/data/JSM/06_2/PJNA_crop/PJNA_0114.jpg,2,0.3296,0.0,False,False,False
PJNA_crop,PJNA_0115.jpg,/data/JSM/06_2/PJNA_crop/PJNA_0115.jpg,2,0.3858,0.0,False,False,False
PJNA_crop,PJNA_0116.jpg,/data/JSM/06_2/PJNA_crop/PJNA_0116.jpg,2,0.2942,0.0001,False,False,False
PJNA_crop,PJNA_0117.jpg,/data/JSM/06_2/PJNA_crop/PJNA_0117.jpg,2,0.2932,0.0001,False,False,False
PJNA_crop,PJNA_0118.jpg,/data/JSM/06_2/PJNA_crop/PJNA_0118.jpg,2,0.2737,0.0,False,False,False
PJNA_crop,PJNA_0119.jpg,/data/JSM/06_2/PJNA_crop/PJNA_0119.jpg,2,0.2586,0.0001,False,False,False
PJNA_crop,PJNA_0120.jpg,/data/JSM/06_2/PJNA_crop/PJNA_0120.jpg,2,0.4267,0.0,False,False,False
PJNA_crop,PJNA_0121.jpg,/data/JSM/06_2/PJNA_crop/PJNA_0121.jpg,2,0.3046,0.0,False,False,False
PJNA_crop,PJNA_0122.jpg,/data/JSM/06_2/PJNA_crop/PJNA_0122.jpg,2,0.3763,0.0001,False,False,False
PJNA_crop,PJNA_0123.jpg,/data/JSM/06_2/PJNA_crop/PJNA_0123.jpg,2,0.319,0.0001,False,False,False
PJNA_crop,PJNA_0124.jpg,/data/JSM/06_2/PJNA_crop/PJNA_0124.jpg,2,0.3457,0.0001,False,False,False
PJNA_crop,PJNA_0125.jpg,/data/JSM/06_2/PJNA_crop/PJNA_0125.jpg,2,0.3082,0.0001,False,False,False
PJNA_crop,PJNA_0126.jpg,/data/JSM/06_2/PJNA_crop/PJNA_0126.jpg,2,0.3029,0.0001,False,False,False
PJNA_crop,PJNA_0127.jpg,/data/JSM/06_2/PJNA_crop/PJNA_0127.jpg,2,0.3528,0.0001,False,False,False
PJNA_crop,PJNA_0128.jpg,/data/JSM/06_2/PJNA_crop/PJNA_0128.jpg,2,0.3297,0.0001,False,False,False
PJNA_crop,PJNA_0129.jpg,/data/JSM/06_2/PJNA_crop/PJNA_0129.jpg,2,0.3187,0.0,False,False,False
PJNA_crop,PJNA_0130.jpg,/data/JSM/06_2/PJNA_crop/PJNA_0130.jpg,2,0.2914,0.0,False,False,False
PJNA_crop,PJNA_0131.jpg,/data/JSM/06_2/PJNA_crop/PJNA_0131.jpg,2,0.2597,0.0001,False,False,False
PJNA_crop,PJNA_0132.jpg,/data/JSM/06_2/PJNA_crop/PJNA_0132.jpg,2,0.2845,0.0,False,False,False
PJNA_crop,PJNA_0133.jpg,/data/JSM/06_2/PJNA_crop/PJNA_0133.jpg,2,0.2872,0.0001,False,False,False
PJNA_crop,PJNA_0134.jpg,/data/JSM/06_2/PJNA_crop/PJNA_0134.jpg,2,0.2993,0.0,False,False,False
PJNA_crop,PJNA_0135.jpg,/data/JSM/06_2/PJNA_crop/PJNA_0135.jpg,2,0.3221,0.0,False,False,False
PJNA_crop,PJNA_0136.jpg,/data/JSM/06_2/PJNA_crop/PJNA_0136.jpg,2,0.3233,0.0001,False,False,False
PJNA_crop,PJNA_0137.jpg,/data/JSM/06_2/PJNA_crop/PJNA_0137.jpg,2,0.3191,0.0001,False,False,False
PJNA_crop,PJNA_0138.jpg,/data/JSM/06_2/PJNA_crop/PJNA_0138.jpg,2,0.3639,0.0001,False,False,False
PJNA_crop,PJNA_0139.jpg,/data/JSM/06_2/PJNA_crop/PJNA_0139.jpg,2,0.3324,0.0001,False,False,False
PJNA_crop,PJNA_0140.jpg,/data/JSM/06_2/PJNA_crop/PJNA_0140.jpg,2,0.2982,0.0,False,False,False
PJNA_crop,PJNA_0141.jpg,/data/JSM/06_2/PJNA_crop/PJNA_0141.jpg,2,0.3359,0.0001,False,False,False
PJNA_crop,PJNA_0142.jpg,/data/JSM/06_2/PJNA_crop/PJNA_0142.jpg,2,0.3,0.0001,False,False,False
PJNA_crop,PJNA_0143.jpg,/data/JSM/06_2/PJNA_crop/PJNA_0143.jpg,2,0.2502,0.0002,False,False,False
PJNA_crop,PJNA_0144.jpg,/data/JSM/06_2/PJNA_crop/PJNA_0144.jpg,2,0.3039,0.0,False,False,False
PJNA_crop,PJNA_0145.jpg,/data/JSM/06_2/PJNA_crop/PJNA_0145.jpg,2,0.2944,0.0001,False,False,False
PJNA_crop,PJNA_0146.jpg,/data/JSM/06_2/PJNA_crop/PJNA_0146.jpg,2,0.2982,0.0,False,False,False
PJNA_crop,PJNA_0147.jpg,/data/JSM/06_2/PJNA_crop/PJNA_0147.jpg,2,0.2995,0.0001,False,False,False
PJNA_crop,PJNA_0148.jpg,/data/JSM/06_2/PJNA_crop/PJNA_0148.jpg,2,0.3254,0.0,False,False,False
PJNA_crop,PJNA_0149.jpg,/data/JSM/06_2/PJNA_crop/PJNA_0149.jpg,2,0.3464,0.0001,False,False,False
PJNA_crop,PJNA_0150.jpg,/data/JSM/06_2/PJNA_crop/PJNA_0150.jpg,2,0.3373,0.0,False,False,False
PJNA_crop,PJNA_0151.jpg,/data/JSM/06_2/PJNA_crop/PJNA_0151.jpg,2,0.3323,0.0,False,False,False
PJNA_crop,PJNA_0152.jpg,/data/JSM/06_2/PJNA_crop/PJNA_0152.jpg,2,0.2848,0.0001,False,False,False
PJNA_crop,PJNA_0153.jpg,/data/JSM/06_2/PJNA_crop/PJNA_0153.jpg,2,0.3141,0.0,False,False,False
PJNA_crop,PJNA_0154.jpg,/data/JSM/06_2/PJNA_crop/PJNA_0154.jpg,2,0.3443,0.0001,False,False,False
PJNA_crop,PJNA_0155.jpg,/data/JSM/06_2/PJNA_crop/PJNA_0155.jpg,2,0.3001,0.0001,False,False,False
PJNA_crop,PJNA_0156.jpg,/data/JSM/06_2/PJNA_crop/PJNA_0156.jpg,2,0.2732,0.0001,False,False,False
PJNA_crop,PJNA_0157.jpg,/data/JSM/06_2/PJNA_crop/PJNA_0157.jpg,2,0.3353,0.0001,False,False,False
PJNA_crop,PJNA_0158.jpg,/data/JSM/06_2/PJNA_crop/PJNA_0158.jpg,2,0.3156,0.0001,False,False,False
PJNA_crop,PJNA_0159.jpg,/data/JSM/06_2/PJNA_crop/PJNA_0159.jpg,2,0.3168,0.0,False,False,False
PJNA_crop,PJNA_0160.jpg,/data/JSM/06_2/PJNA_crop/PJNA_0160.jpg,2,0.3654,0.0,False,False,False
PJNA_crop,PJNA_0161.jpg,/data/JSM/06_2/PJNA_crop/PJNA_0161.jpg,2,0.3569,0.0001,False,False,False
PJNA_crop,PJNA_0162.jpg,/data/JSM/06_2/PJNA_crop/PJNA_0162.jpg,2,0.2873,0.0001,False,False,False
PJNA_crop,PJNA_0163.jpg,/data/JSM/06_2/PJNA_crop/PJNA_0163.jpg,2,0.3709,0.0,False,False,False
PJNA_crop,PJNA_0164.jpg,/data/JSM/06_2/PJNA_crop/PJNA_0164.jpg,2,0.3102,0.0,False,False,False
PJNA_crop,PJNA_0165.jpg,/data/JSM/06_2/PJNA_crop/PJNA_0165.jpg,2,0.3048,0.0001,False,False,False
PJNA_crop,PJNA_0166.jpg,/data/JSM/06_2/PJNA_crop/PJNA_0166.jpg,2,0.3049,0.0001,False,False,False
PJNA_crop,PJNA_0167.jpg,/data/JSM/06_2/PJNA_crop/PJNA_0167.jpg,2,0.3484,0.0,False,False,False
PJNA_crop,PJNA_0168.jpg,/data/JSM/06_2/PJNA_crop/PJNA_0168.jpg,2,0.3033,0.0,False,False,False
PJNA_crop,PJNA_0169.jpg,/data/JSM/06_2/PJNA_crop/PJNA_0169.jpg,2,0.3359,0.0,False,False,False
PJNA_crop,PJNA_0170.jpg,/data/JSM/06_2/PJNA_crop/PJNA_0170.jpg,2,0.2991,0.0,False,False,False
PJNA_crop,PJNA_0171.jpg,/data/JSM/06_2/PJNA_crop/PJNA_0171.jpg,2,0.3153,0.0,False,False,False
PJNA_crop,PJNA_0172.jpg,/data/JSM/06_2/PJNA_crop/PJNA_0172.jpg,2,0.2789,0.0002,False,False,False
PJNA_crop,PJNA_0173.jpg,/data/JSM/06_2/PJNA_crop/PJNA_0173.jpg,2,0.3375,0.0002,False,False,False
PJNA_crop,PJNA_0174.jpg,/data/JSM/06_2/PJNA_crop/PJNA_0174.jpg,2,0.2882,0.0001,False,False,False
PJNA_crop,PJNA_0175.jpg,/data/JSM/06_2/PJNA_crop/PJNA_0175.jpg,2,0.3036,0.0,False,False,False
PJNA_crop,PJNA_0176.jpg,/data/JSM/06_2/PJNA_crop/PJNA_0176.jpg,2,0.3298,0.0001,False,False,False
PJNA_crop,PJNA_0177.jpg,/data/JSM/06_2/PJNA_crop/PJNA_0177.jpg,2,0.2997,0.0,False,False,False
PJNA_crop,PJNA_0178.jpg,/data/JSM/06_2/PJNA_crop/PJNA_0178.jpg,2,0.3338,0.0001,False,False,False
PJNA_crop,PJNA_0179.jpg,/data/JSM/06_2/PJNA_crop/PJNA_0179.jpg,2,0.3138,0.0,False,False,False
PJNA_crop,PJNA_0180.jpg,/data/JSM/06_2/PJNA_crop/PJNA_0180.jpg,2,0.3011,0.0,False,False,False
PJNA_crop,PJNA_0181.jpg,/data/JSM/06_2/PJNA_crop/PJNA_0181.jpg,2,0.2659,0.0001,False,False,False
PJNA_crop,PJNA_0182.jpg,/data/JSM/06_2/PJNA_crop/PJNA_0182.jpg,2,0.3747,0.0001,False,False,False
PJNA_crop,PJNA_0183.jpg,/data/JSM/06_2/PJNA_crop/PJNA_0183.jpg,2,0.3407,0.0,False,False,False
PJNA_crop,PJNA_0184.jpg,/data/JSM/06_2/PJNA_crop/PJNA_0184.jpg,2,0.3318,0.0001,False,False,False
PJNA_crop,PJNA_0185.jpg,/data/JSM/06_2/PJNA_crop/PJNA_0185.jpg,2,0.2812,0.0001,False,False,False
PJNA_crop,PJNA_0186.jpg,/data/JSM/06_2/PJNA_crop/PJNA_0186.jpg,2,0.2572,0.0,False,False,False
PJNA_crop,PJNA_0187.jpg,/data/JSM/06_2/PJNA_crop/PJNA_0187.jpg,2,0.3505,0.0,False,False,False
PJNA_crop,PJNA_0188.jpg,/data/JSM/06_2/PJNA_crop/PJNA_0188.jpg,2,0.2793,0.0,False,False,False
PJNA_crop,PJNA_0189.jpg,/data/JSM/06_2/PJNA_crop/PJNA_0189.jpg,2,0.3362,0.0001,False,False,False
PJNA_crop,PJNA_0190.jpg,/data/JSM/06_2/PJNA_crop/PJNA_0190.jpg,2,0.3394,0.0,False,False,False
PJNA_crop,PJNA_0191.jpg,/data/JSM/06_2/PJNA_crop/PJNA_0191.jpg,2,0.3384,0.0001,False,False,False
PJNA_crop,PJNA_0192.jpg,/data/JSM/06_2/PJNA_crop/PJNA_0192.jpg,2,0.3169,0.0001,False,False,False
PJNA_crop,PJNA_0193.jpg,/data/JSM/06_2/PJNA_crop/PJNA_0193.jpg,2,0.3025,0.0,False,False,False
PJNA_crop,PJNA_0194.jpg,/data/JSM/06_2/PJNA_crop/PJNA_0194.jpg,2,0.3377,0.0,False,False,False
PJNA_crop,PJNA_0195.jpg,/data/JSM/06_2/PJNA_crop/PJNA_0195.jpg,2,0.3319,0.0,False,False,False
PJNA_crop,PJNA_0196.jpg,/data/JSM/06_2/PJNA_crop/PJNA_0196.jpg,2,0.3325,0.0,False,False,False
PJNA_crop,PJNA_0197.jpg,/data/JSM/06_2/PJNA_crop/PJNA_0197.jpg,2,0.3435,0.0001,False,False,False
PJNA_crop,PJNA_0198.jpg,/data/JSM/06_2/PJNA_crop/PJNA_0198.jpg,2,0.3184,0.0,False,False,False
PJNA_crop,PJNA_0199.jpg,/data/JSM/06_2/PJNA_crop/PJNA_0199.jpg,2,0.2788,0.0001,False,False,False
PJNA_crop,PJNA_0200.jpg,/data/JSM/06_2/PJNA_crop/PJNA_0200.jpg,2,0.3223,0.0,False,False,False
PJNA_crop,PJNA_0201.jpg,/data/JSM/06_2/PJNA_crop/PJNA_0201.jpg,2,0.3213,0.0,False,False,False
PJNA_crop,PJNA_0202.jpg,/data/JSM/06_2/PJNA_crop/PJNA_0202.jpg,2,0.3172,0.0001,False,False,False
PJNA_crop,PJNA_0203.jpg,/data/JSM/06_2/PJNA_crop/PJNA_0203.jpg,2,0.2846,0.0,False,False,False
PJNA_crop,PJNA_0204.jpg,/data/JSM/06_2/PJNA_crop/PJNA_0204.jpg,2,0.3028,0.0001,False,False,False
PJNA_crop,PJNA_0205.jpg,/data/JSM/06_2/PJNA_crop/PJNA_0205.jpg,2,0.3678,0.0001,False,False,False
PJNA_crop,PJNA_0206.jpg,/data/JSM/06_2/PJNA_crop/PJNA_0206.jpg,2,0.2735,0.0001,False,False,False
PJNA_crop,PJNA_0207.jpg,/data/JSM/06_2/PJNA_crop/PJNA_0207.jpg,2,0.3823,0.0001,False,False,False
PJNA_crop,PJNA_0208.jpg,/data/JSM/06_2/PJNA_crop/PJNA_0208.jpg,2,0.327,0.0,False,False,False
PJNA_crop,PJNA_0209.jpg,/data/JSM/06_2/PJNA_crop/PJNA_0209.jpg,2,0.3131,0.0001,False,False,False
PJNA_crop,PJNA_0210.jpg,/data/JSM/06_2/PJNA_crop/PJNA_0210.jpg,2,0.2978,0.0001,False,False,False
PJNA_crop,PJNA_0211.jpg,/data/JSM/06_2/PJNA_crop/PJNA_0211.jpg,2,0.313,0.0001,False,False,False
PJNA_crop,PJNA_0212.jpg,/data/JSM/06_2/PJNA_crop/PJNA_0212.jpg,2,0.3118,0.0,False,False,False
PJNA_crop,PJNA_0213.jpg,/data/JSM/06_2/PJNA_crop/PJNA_0213.jpg,2,0.3082,0.0,False,False,False
PJNA_crop,PJNA_0214.jpg,/data/JSM/06_2/PJNA_crop/PJNA_0214.jpg,2,0.3189,0.0001,False,False,False
PJNA_crop,PJNA_0215.jpg,/data/JSM/06_2/PJNA_crop/PJNA_0215.jpg,2,0.3078,0.0001,False,False,False
PJNA_crop,PJNA_0216.jpg,/data/JSM/06_2/PJNA_crop/PJNA_0216.jpg,2,0.321,0.0001,False,False,False
PJNA_crop,PJNA_0217.jpg,/data/JSM/06_2/PJNA_crop/PJNA_0217.jpg,2,0.3225,0.0001,False,False,False
PJNA_crop,PJNA_0218.jpg,/data/JSM/06_2/PJNA_crop/PJNA_0218.jpg,2,0.2945,0.0,False,False,False
PJNA_crop,PJNA_0219.jpg,/data/JSM/06_2/PJNA_crop/PJNA_0219.jpg,2,0.2695,0.0001,False,False,False
PJNA_crop,PJNA_0220.jpg,/data/JSM/06_2/PJNA_crop/PJNA_0220.jpg,2,0.3306,0.0,False,False,False
PJNA_crop,PJNA_0221.jpg,/data/JSM/06_2/PJNA_crop/PJNA_0221.jpg,2,0.3448,0.0002,False,False,False
PJNA_crop,PJNA_0222.jpg,/data/JSM/06_2/PJNA_crop/PJNA_0222.jpg,2,0.3595,0.0002,False,False,False
PJNA_crop,PJNA_0223.jpg,/data/JSM/06_2/PJNA_crop/PJNA_0223.jpg,2,0.3363,0.0,False,False,False
PJNA_crop,PJNA_0224.jpg,/data/JSM/06_2/PJNA_crop/PJNA_0224.jpg,2,0.3168,0.0001,False,False,False
PJNA_crop,PJNA_0225.jpg,/data/JSM/06_2/PJNA_crop/PJNA_0225.jpg,2,0.3092,0.0001,False,False,False
PJNA_crop,PJNA_0226.jpg,/data/JSM/06_2/PJNA_crop/PJNA_0226.jpg,2,0.4444,0.0,False,False,False
PJNA_crop,PJNA_0227.jpg,/data/JSM/06_2/PJNA_crop/PJNA_0227.jpg,2,0.3209,0.0,False,False,False
PRDA_crop,PRDA_0000.jpg,/data/JSM/06_2/PRDA_crop/PRDA_0000.jpg,3,0.3258,0.0,False,False,False
PRDA_crop,PRDA_0001.jpg,/data/JSM/06_2/PRDA_crop/PRDA_0001.jpg,3,0.3459,0.0002,False,False,False
PRDA_crop,PRDA_0002.jpg,/data/JSM/06_2/PRDA_crop/PRDA_0002.jpg,3,0.361,0.0,False,False,False
PRDA_crop,PRDA_0003.jpg,/data/JSM/06_2/PRDA_crop/PRDA_0003.jpg,3,0.3048,0.0,False,False,False
PRDA_crop,PRDA_0004.jpg,/data/JSM/06_2/PRDA_crop/PRDA_0004.jpg,3,0.3569,0.0001,False,False,False
PRDA_crop,PRDA_0005.jpg,/data/JSM/06_2/PRDA_crop/PRDA_0005.jpg,3,0.3752,0.0001,False,False,False
PRDA_crop,PRDA_0006.jpg,/data/JSM/06_2/PRDA_crop/PRDA_0006.jpg,3,0.3852,0.0,False,False,False
PRDA_crop,PRDA_0007.jpg,/data/JSM/06_2/PRDA_crop/PRDA_0007.jpg,3,0.328,0.0,False,False,False
PRDA_crop,PRDA_0008.jpg,/data/JSM/06_2/PRDA_crop/PRDA_0008.jpg,3,0.3636,0.0001,False,False,False
PRDA_crop,PRDA_0009.jpg,/data/JSM/06_2/PRDA_crop/PRDA_0009.jpg,3,0.3084,0.0001,False,False,False
PRDA_crop,PRDA_0010.jpg,/data/JSM/06_2/PRDA_crop/PRDA_0010.jpg,3,0.4482,0.0001,False,False,False
PRDA_crop,PRDA_0011.jpg,/data/JSM/06_2/PRDA_crop/PRDA_0011.jpg,3,0.3394,0.0,False,False,False
PRDA_crop,PRDA_0012.jpg,/data/JSM/06_2/PRDA_crop/PRDA_0012.jpg,3,0.3335,0.0,False,False,False
PRDA_crop,PRDA_0013.jpg,/data/JSM/06_2/PRDA_crop/PRDA_0013.jpg,3,0.3966,0.0,False,False,False
PRDA_crop,PRDA_0014.jpg,/data/JSM/06_2/PRDA_crop/PRDA_0014.jpg,3,0.3719,0.0001,False,False,False
PRDA_crop,PRDA_0015.jpg,/data/JSM/06_2/PRDA_crop/PRDA_0015.jpg,3,0.3455,0.0,False,False,False
PRDA_crop,PRDA_0016.jpg,/data/JSM/06_2/PRDA_crop/PRDA_0016.jpg,3,0.4111,0.0,False,False,False
PRDA_crop,PRDA_0017.jpg,/data/JSM/06_2/PRDA_crop/PRDA_0017.jpg,3,0.3798,0.0,False,False,False
PRDA_crop,PRDA_0018.jpg,/data/JSM/06_2/PRDA_crop/PRDA_0018.jpg,3,0.4072,0.0,False,False,False
PRDA_crop,PRDA_0019.jpg,/data/JSM/06_2/PRDA_crop/PRDA_0019.jpg,3,0.3856,0.0001,False,False,False
PRDA_crop,PRDA_0020.jpg,/data/JSM/06_2/PRDA_crop/PRDA_0020.jpg,3,0.3594,0.0001,False,False,False
PRDA_crop,PRDA_0021.jpg,/data/JSM/06_2/PRDA_crop/PRDA_0021.jpg,3,0.3704,0.0001,False,False,False
PRDA_crop,PRDA_0022.jpg,/data/JSM/06_2/PRDA_crop/PRDA_0022.jpg,3,0.3986,0.0,False,False,False
PRDA_crop,PRDA_0023.jpg,/data/JSM/06_2/PRDA_crop/PRDA_0023.jpg,3,0.3592,0.0001,False,False,False
PRDA_crop,PRDA_0024.jpg,/data/JSM/06_2/PRDA_crop/PRDA_0024.jpg,3,0.3349,0.0001,False,False,False
PRDA_crop,PRDA_0025.jpg,/data/JSM/06_2/PRDA_crop/PRDA_0025.jpg,3,0.3938,0.0,False,False,False
PRDA_crop,PRDA_0026.jpg,/data/JSM/06_2/PRDA_crop/PRDA_0026.jpg,3,0.3793,0.0001,False,False,False
PRDA_crop,PRDA_0027.jpg,/data/JSM/06_2/PRDA_crop/PRDA_0027.jpg,3,0.3362,0.0001,False,False,False
PRDA_crop,PRDA_0028.jpg,/data/JSM/06_2/PRDA_crop/PRDA_0028.jpg,3,0.3836,0.0,False,False,False
PRDA_crop,PRDA_0029.jpg,/data/JSM/06_2/PRDA_crop/PRDA_0029.jpg,3,0.3724,0.0001,False,False,False
PRDA_crop,PRDA_0030.jpg,/data/JSM/06_2/PRDA_crop/PRDA_0030.jpg,3,0.3967,0.0001,False,False,False
PRDA_crop,PRDA_0031.jpg,/data/JSM/06_2/PRDA_crop/PRDA_0031.jpg,3,0.3404,0.0001,False,False,False
PRDA_crop,PRDA_0032.jpg,/data/JSM/06_2/PRDA_crop/PRDA_0032.jpg,3,0.3236,0.0,False,False,False
PRDA_crop,PRDA_0033.jpg,/data/JSM/06_2/PRDA_crop/PRDA_0033.jpg,3,0.3373,0.0001,False,False,False
PRDA_crop,PRDA_0034.jpg,/data/JSM/06_2/PRDA_crop/PRDA_0034.jpg,3,0.3406,0.0001,False,False,False
PRDA_crop,PRDA_0035.jpg,/data/JSM/06_2/PRDA_crop/PRDA_0035.jpg,3,0.414,0.0,False,False,False
PRDA_crop,PRDA_0036.jpg,/data/JSM/06_2/PRDA_crop/PRDA_0036.jpg,3,0.4265,0.0001,False,False,False
PRDA_crop,PRDA_0037.jpg,/data/JSM/06_2/PRDA_crop/PRDA_0037.jpg,3,0.4306,0.0,False,False,False
PRDA_crop,PRDA_0038.jpg,/data/JSM/06_2/PRDA_crop/PRDA_0038.jpg,3,0.37,0.0001,False,False,False
PRDA_crop,PRDA_0039.jpg,/data/JSM/06_2/PRDA_crop/PRDA_0039.jpg,3,0.3362,0.0,False,False,False
PRDA_crop,PRDA_0040.jpg,/data/JSM/06_2/PRDA_crop/PRDA_0040.jpg,3,0.2998,0.0,False,False,False
PRDA_crop,PRDA_0041.jpg,/data/JSM/06_2/PRDA_crop/PRDA_0041.jpg,3,0.3596,0.0,False,False,False
PRDA_crop,PRDA_0042.jpg,/data/JSM/06_2/PRDA_crop/PRDA_0042.jpg,3,0.3269,0.0,False,False,False
PRDA_crop,PRDA_0043.jpg,/data/JSM/06_2/PRDA_crop/PRDA_0043.jpg,3,0.3051,0.0,False,False,False
PRDA_crop,PRDA_0044.jpg,/data/JSM/06_2/PRDA_crop/PRDA_0044.jpg,3,0.3647,0.0001,False,False,False
PRDA_crop,PRDA_0045.jpg,/data/JSM/06_2/PRDA_crop/PRDA_0045.jpg,3,0.3432,0.0001,False,False,False
PRDA_crop,PRDA_0046.jpg,/data/JSM/06_2/PRDA_crop/PRDA_0046.jpg,3,0.3087,0.0,False,False,False
PRDA_crop,PRDA_0047.jpg,/data/JSM/06_2/PRDA_crop/PRDA_0047.jpg,3,0.3415,0.0001,False,False,False
PRDA_crop,PRDA_0048.jpg,/data/JSM/06_2/PRDA_crop/PRDA_0048.jpg,3,0.3711,0.0001,False,False,False
PRDA_crop,PRDA_0049.jpg,/data/JSM/06_2/PRDA_crop/PRDA_0049.jpg,3,0.3441,0.0001,False,False,False
PRDA_crop,PRDA_0050.jpg,/data/JSM/06_2/PRDA_crop/PRDA_0050.jpg,3,0.4377,0.0,False,False,False
PRDA_crop,PRDA_0051.jpg,/data/JSM/06_2/PRDA_crop/PRDA_0051.jpg,3,0.3281,0.0,False,False,False
PRDA_crop,PRDA_0052.jpg,/data/JSM/06_2/PRDA_crop/PRDA_0052.jpg,3,0.3734,0.0,False,False,False
PRDA_crop,PRDA_0053.jpg,/data/JSM/06_2/PRDA_crop/PRDA_0053.jpg,3,0.4164,0.0,False,False,False
PRDA_crop,PRDA_0054.jpg,/data/JSM/06_2/PRDA_crop/PRDA_0054.jpg,3,0.3424,0.0001,False,False,False
PRDA_crop,PRDA_0055.jpg,/data/JSM/06_2/PRDA_crop/PRDA_0055.jpg,3,0.366,0.0001,False,False,False
PRDA_crop,PRDA_0056.jpg,/data/JSM/06_2/PRDA_crop/PRDA_0056.jpg,3,0.4368,0.0,False,False,False
PRDA_crop,PRDA_0057.jpg,/data/JSM/06_2/PRDA_crop/PRDA_0057.jpg,3,0.3231,0.0001,False,False,False
PRDA_crop,PRDA_0058.jpg,/data/JSM/06_2/PRDA_crop/PRDA_0058.jpg,3,0.446,0.0001,False,False,False
PRDA_crop,PRDA_0059.jpg,/data/JSM/06_2/PRDA_crop/PRDA_0059.jpg,3,0.4023,0.0,False,False,False
PRDA_crop,PRDA_0060.jpg,/data/JSM/06_2/PRDA_crop/PRDA_0060.jpg,3,0.3331,0.0,False,False,False
PRDA_crop,PRDA_0061.jpg,/data/JSM/06_2/PRDA_crop/PRDA_0061.jpg,3,0.3091,0.0001,False,False,False
PRDA_crop,PRDA_0062.jpg,/data/JSM/06_2/PRDA_crop/PRDA_0062.jpg,3,0.3926,0.0,False,False,False
PRDA_crop,PRDA_0063.jpg,/data/JSM/06_2/PRDA_crop/PRDA_0063.jpg,3,0.4,0.0,False,False,False
PRDA_crop,PRDA_0064.jpg,/data/JSM/06_2/PRDA_crop/PRDA_0064.jpg,3,0.3855,0.0001,False,False,False
PRDA_crop,PRDA_0065.jpg,/data/JSM/06_2/PRDA_crop/PRDA_0065.jpg,3,0.3102,0.0,False,False,False
PRDA_crop,PRDA_0066.jpg,/data/JSM/06_2/PRDA_crop/PRDA_0066.jpg,3,0.3142,0.0,False,False,False
PRDA_crop,PRDA_0067.jpg,/data/JSM/06_2/PRDA_crop/PRDA_0067.jpg,3,0.495,0.0002,False,False,False
PRDA_crop,PRDA_0068.jpg,/data/JSM/06_2/PRDA_crop/PRDA_0068.jpg,3,0.38,0.0,False,False,False
PRDA_crop,PRDA_0069.jpg,/data/JSM/06_2/PRDA_crop/PRDA_0069.jpg,3,0.3689,0.0001,False,False,False
PRDA_crop,PRDA_0070.jpg,/data/JSM/06_2/PRDA_crop/PRDA_0070.jpg,3,0.3241,0.0001,False,False,False
PRDA_crop,PRDA_0071.jpg,/data/JSM/06_2/PRDA_crop/PRDA_0071.jpg,3,0.3723,0.0001,False,False,False
PRDA_crop,PRDA_0072.jpg,/data/JSM/06_2/PRDA_crop/PRDA_0072.jpg,3,0.304,0.0001,False,False,False
PRDA_crop,PRDA_0073.jpg,/data/JSM/06_2/PRDA_crop/PRDA_0073.jpg,3,0.3282,0.0,False,False,False
PRDA_crop,PRDA_0074.jpg,/data/JSM/06_2/PRDA_crop/PRDA_0074.jpg,3,0.3667,0.0001,False,False,False
PRDA_crop,PRDA_0075.jpg,/data/JSM/06_2/PRDA_crop/PRDA_0075.jpg,3,0.341,0.0001,False,False,False
PRDA_crop,PRDA_0076.jpg,/data/JSM/06_2/PRDA_crop/PRDA_0076.jpg,3,0.3292,0.0,False,False,False
PRDA_crop,PRDA_0077.jpg,/data/JSM/06_2/PRDA_crop/PRDA_0077.jpg,3,0.3483,0.0,False,False,False
PRDA_crop,PRDA_0078.jpg,/data/JSM/06_2/PRDA_crop/PRDA_0078.jpg,3,0.3106,0.0001,False,False,False
PRDA_crop,PRDA_0079.jpg,/data/JSM/06_2/PRDA_crop/PRDA_0079.jpg,3,0.4435,0.0001,False,False,False
PRDA_crop,PRDA_0080.jpg,/data/JSM/06_2/PRDA_crop/PRDA_0080.jpg,3,0.3056,0.0,False,False,False
PRDA_crop,PRDA_0081.jpg,/data/JSM/06_2/PRDA_crop/PRDA_0081.jpg,3,0.3752,0.0,False,False,False
PRDA_crop,PRDA_0082.jpg,/data/JSM/06_2/PRDA_crop/PRDA_0082.jpg,3,0.3961,0.0001,False,False,False
PRDA_crop,PRDA_0083.jpg,/data/JSM/06_2/PRDA_crop/PRDA_0083.jpg,3,0.3769,0.0001,False,False,False
PRDA_crop,PRDA_0084.jpg,/data/JSM/06_2/PRDA_crop/PRDA_0084.jpg,3,0.3478,0.0,False,False,False
PRDA_crop,PRDA_0085.jpg,/data/JSM/06_2/PRDA_crop/PRDA_0085.jpg,3,0.3425,0.0001,False,False,False
PRDA_crop,PRDA_0086.jpg,/data/JSM/06_2/PRDA_crop/PRDA_0086.jpg,3,0.4252,0.0001,False,False,False
PRDA_crop,PRDA_0087.jpg,/data/JSM/06_2/PRDA_crop/PRDA_0087.jpg,3,0.3785,0.0001,False,False,False
PRDA_crop,PRDA_0088.jpg,/data/JSM/06_2/PRDA_crop/PRDA_0088.jpg,3,0.3588,0.0001,False,False,False
PRDA_crop,PRDA_0089.jpg,/data/JSM/06_2/PRDA_crop/PRDA_0089.jpg,3,0.3548,0.0001,False,False,False
PRDA_crop,PRDA_0090.jpg,/data/JSM/06_2/PRDA_crop/PRDA_0090.jpg,3,0.316,0.0001,False,False,False
PRDA_crop,PRDA_0091.jpg,/data/JSM/06_2/PRDA_crop/PRDA_0091.jpg,3,0.343,0.0,False,False,False
PRDA_crop,PRDA_0092.jpg,/data/JSM/06_2/PRDA_crop/PRDA_0092.jpg,3,0.368,0.0,False,False,False
PRDA_crop,PRDA_0093.jpg,/data/JSM/06_2/PRDA_crop/PRDA_0093.jpg,3,0.3727,0.0,False,False,False
PRDA_crop,PRDA_0094.jpg,/data/JSM/06_2/PRDA_crop/PRDA_0094.jpg,3,0.4316,0.0001,False,False,False
PRDA_crop,PRDA_0095.jpg,/data/JSM/06_2/PRDA_crop/PRDA_0095.jpg,3,0.3511,0.0,False,False,False
PRDA_crop,PRDA_0096.jpg,/data/JSM/06_2/PRDA_crop/PRDA_0096.jpg,3,0.4661,0.0,False,False,False
PRDA_crop,PRDA_0097.jpg,/data/JSM/06_2/PRDA_crop/PRDA_0097.jpg,3,0.2845,0.0001,False,False,False
PRDA_crop,PRDA_0098.jpg,/data/JSM/06_2/PRDA_crop/PRDA_0098.jpg,3,0.3709,0.0001,False,False,False
PRDA_crop,PRDA_0099.jpg,/data/JSM/06_2/PRDA_crop/PRDA_0099.jpg,3,0.3563,0.0001,False,False,False
PRDA_crop,PRDA_0100.jpg,/data/JSM/06_2/PRDA_crop/PRDA_0100.jpg,3,0.405,0.0,False,False,False
PRDA_crop,PRDA_0101.jpg,/data/JSM/06_2/PRDA_crop/PRDA_0101.jpg,3,0.3872,0.0001,False,False,False
PRDA_crop,PRDA_0102.jpg,/data/JSM/06_2/PRDA_crop/PRDA_0102.jpg,3,0.3341,0.0001,False,False,False
PRDA_crop,PRDA_0103.jpg,/data/JSM/06_2/PRDA_crop/PRDA_0103.jpg,3,0.3617,0.0001,False,False,False
PRDA_crop,PRDA_0104.jpg,/data/JSM/06_2/PRDA_crop/PRDA_0104.jpg,3,0.3721,0.0001,False,False,False
PRDA_crop,PRDA_0105.jpg,/data/JSM/06_2/PRDA_crop/PRDA_0105.jpg,3,0.3976,0.0,False,False,False
PRDA_crop,PRDA_0106.jpg,/data/JSM/06_2/PRDA_crop/PRDA_0106.jpg,3,0.3779,0.0001,False,False,False
PRDA_crop,PRDA_0107.jpg,/data/JSM/06_2/PRDA_crop/PRDA_0107.jpg,3,0.3615,0.0,False,False,False
PRDA_crop,PRDA_0108.jpg,/data/JSM/06_2/PRDA_crop/PRDA_0108.jpg,3,0.299,0.0001,False,False,False
PRDA_crop,PRDA_0109.jpg,/data/JSM/06_2/PRDA_crop/PRDA_0109.jpg,3,0.3646,0.0001,False,False,False
PRDA_crop,PRDA_0110.jpg,/data/JSM/06_2/PRDA_crop/PRDA_0110.jpg,3,0.388,0.0001,False,False,False
PRDA_crop,PRDA_0111.jpg,/data/JSM/06_2/PRDA_crop/PRDA_0111.jpg,3,0.3622,0.0,False,False,False
PRDA_crop,PRDA_0112.jpg,/data/JSM/06_2/PRDA_crop/PRDA_0112.jpg,3,0.3523,0.0001,False,False,False
PRDA_crop,PRDA_0113.jpg,/data/JSM/06_2/PRDA_crop/PRDA_0113.jpg,3,0.3464,0.0001,False,False,False
PRDA_crop,PRDA_0114.jpg,/data/JSM/06_2/PRDA_crop/PRDA_0114.jpg,3,0.3393,0.0001,False,False,False
PRDA_crop,PRDA_0115.jpg,/data/JSM/06_2/PRDA_crop/PRDA_0115.jpg,3,0.4086,0.0001,False,False,False
PRDA_crop,PRDA_0116.jpg,/data/JSM/06_2/PRDA_crop/PRDA_0116.jpg,3,0.3879,0.0,False,False,False
PRDA_crop,PRDA_0117.jpg,/data/JSM/06_2/PRDA_crop/PRDA_0117.jpg,3,0.3838,0.0001,False,False,False
PRDA_crop,PRDA_0118.jpg,/data/JSM/06_2/PRDA_crop/PRDA_0118.jpg,3,0.43,0.0002,False,False,False
PRDA_crop,PRDA_0119.jpg,/data/JSM/06_2/PRDA_crop/PRDA_0119.jpg,3,0.4276,0.0,False,False,False
PRDA_crop,PRDA_0120.jpg,/data/JSM/06_2/PRDA_crop/PRDA_0120.jpg,3,0.3483,0.0002,False,False,False
PRDA_crop,PRDA_0121.jpg,/data/JSM/06_2/PRDA_crop/PRDA_0121.jpg,3,0.4525,0.0001,False,False,False
PRDA_crop,PRDA_0122.jpg,/data/JSM/06_2/PRDA_crop/PRDA_0122.jpg,3,0.3196,0.0,False,False,False
PRDA_crop,PRDA_0123.jpg,/data/JSM/06_2/PRDA_crop/PRDA_0123.jpg,3,0.4249,0.0,False,False,False
PRDA_crop,PRDA_0124.jpg,/data/JSM/06_2/PRDA_crop/PRDA_0124.jpg,3,0.3663,0.0001,False,False,False
PRDA_crop,PRDA_0125.jpg,/data/JSM/06_2/PRDA_crop/PRDA_0125.jpg,3,0.326,0.0,False,False,False
PRDA_crop,PRDA_0126.jpg,/data/JSM/06_2/PRDA_crop/PRDA_0126.jpg,3,0.3078,0.0001,False,False,False
PRDA_crop,PRDA_0127.jpg,/data/JSM/06_2/PRDA_crop/PRDA_0127.jpg,3,0.3412,0.0,False,False,False
PRDA_crop,PRDA_0128.jpg,/data/JSM/06_2/PRDA_crop/PRDA_0128.jpg,3,0.367,0.0,False,False,False
PRDA_crop,PRDA_0129.jpg,/data/JSM/06_2/PRDA_crop/PRDA_0129.jpg,3,0.2987,0.0,False,False,False
PRDA_crop,PRDA_0130.jpg,/data/JSM/06_2/PRDA_crop/PRDA_0130.jpg,3,0.3347,0.0,False,False,False
PRDA_crop,PRDA_0131.jpg,/data/JSM/06_2/PRDA_crop/PRDA_0131.jpg,3,0.3935,0.0001,False,False,False
PRDA_crop,PRDA_0132.jpg,/data/JSM/06_2/PRDA_crop/PRDA_0132.jpg,3,0.3872,0.0,False,False,False
PRDA_crop,PRDA_0133.jpg,/data/JSM/06_2/PRDA_crop/PRDA_0133.jpg,3,0.3461,0.0,False,False,False
PRDA_crop,PRDA_0134.jpg,/data/JSM/06_2/PRDA_crop/PRDA_0134.jpg,3,0.3514,0.0,False,False,False
PRDA_crop,PRDA_0135.jpg,/data/JSM/06_2/PRDA_crop/PRDA_0135.jpg,3,0.4442,0.0,False,False,False
PRDA_crop,PRDA_0136.jpg,/data/JSM/06_2/PRDA_crop/PRDA_0136.jpg,3,0.4135,0.0,False,False,False
PRDA_crop,PRDA_0137.jpg,/data/JSM/06_2/PRDA_crop/PRDA_0137.jpg,3,0.3552,0.0,False,False,False
PRDA_crop,PRDA_0138.jpg,/data/JSM/06_2/PRDA_crop/PRDA_0138.jpg,3,0.3564,0.0,False,False,False
PRDA_crop,PRDA_0139.jpg,/data/JSM/06_2/PRDA_crop/PRDA_0139.jpg,3,0.3606,0.0,False,False,False
PRDA_crop,PRDA_0140.jpg,/data/JSM/06_2/PRDA_crop/PRDA_0140.jpg,3,0.3692,0.0,False,False,False
PRDA_crop,PRDA_0141.jpg,/data/JSM/06_2/PRDA_crop/PRDA_0141.jpg,3,0.3798,0.0,False,False,False
PRDA_crop,PRDA_0142.jpg,/data/JSM/06_2/PRDA_crop/PRDA_0142.jpg,3,0.3991,0.0002,False,False,False
PRDA_crop,PRDA_0143.jpg,/data/JSM/06_2/PRDA_crop/PRDA_0143.jpg,3,0.3706,0.0001,False,False,False
PRDA_crop,PRDA_0144.jpg,/data/JSM/06_2/PRDA_crop/PRDA_0144.jpg,3,0.3501,0.0001,False,False,False
PRDA_crop,PRDA_0145.jpg,/data/JSM/06_2/PRDA_crop/PRDA_0145.jpg,3,0.4096,0.0001,False,False,False
PRDA_crop,PRDA_0146.jpg,/data/JSM/06_2/PRDA_crop/PRDA_0146.jpg,3,0.3715,0.0001,False,False,False
PRDA_crop,PRDA_0147.jpg,/data/JSM/06_2/PRDA_crop/PRDA_0147.jpg,3,0.3456,0.0,False,False,False
PRDA_crop,PRDA_0148.jpg,/data/JSM/06_2/PRDA_crop/PRDA_0148.jpg,3,0.2888,0.0001,False,False,False
PRDA_crop,PRDA_0149.jpg,/data/JSM/06_2/PRDA_crop/PRDA_0149.jpg,3,0.3544,0.0001,False,False,False
PRDA_crop,PRDA_0150.jpg,/data/JSM/06_2/PRDA_crop/PRDA_0150.jpg,3,0.321,0.0,False,False,False
PRDA_crop,PRDA_0151.jpg,/data/JSM/06_2/PRDA_crop/PRDA_0151.jpg,3,0.392,0.0,False,False,False
PRDA_crop,PRDA_0152.jpg,/data/JSM/06_2/PRDA_crop/PRDA_0152.jpg,3,0.3645,0.0,False,False,False
PRDA_crop,PRDA_0153.jpg,/data/JSM/06_2/PRDA_crop/PRDA_0153.jpg,3,0.3047,0.0001,False,False,False
PRDA_crop,PRDA_0154.jpg,/data/JSM/06_2/PRDA_crop/PRDA_0154.jpg,3,0.3471,0.0002,False,False,False
PRDA_crop,PRDA_0155.jpg,/data/JSM/06_2/PRDA_crop/PRDA_0155.jpg,3,0.4097,0.0001,False,False,False
PRDA_crop,PRDA_0156.jpg,/data/JSM/06_2/PRDA_crop/PRDA_0156.jpg,3,0.3671,0.0,False,False,False
PRDA_crop,PRDA_0157.jpg,/data/JSM/06_2/PRDA_crop/PRDA_0157.jpg,3,0.3318,0.0001,False,False,False
PRDA_crop,PRDA_0158.jpg,/data/JSM/06_2/PRDA_crop/PRDA_0158.jpg,3,0.3792,0.0001,False,False,False
PRDA_crop,PRDA_0159.jpg,/data/JSM/06_2/PRDA_crop/PRDA_0159.jpg,3,0.3419,0.0001,False,False,False
PRDA_crop,PRDA_0160.jpg,/data/JSM/06_2/PRDA_crop/PRDA_0160.jpg,3,0.3469,0.0001,False,False,False
PRDA_crop,PRDA_0161.jpg,/data/JSM/06_2/PRDA_crop/PRDA_0161.jpg,3,0.3536,0.0002,False,False,False
PRDA_crop,PRDA_0162.jpg,/data/JSM/06_2/PRDA_crop/PRDA_0162.jpg,3,0.3553,0.0001,False,False,False
PRDA_crop,PRDA_0163.jpg,/data/JSM/06_2/PRDA_crop/PRDA_0163.jpg,3,0.3538,0.0001,False,False,False
PRDA_crop,PRDA_0164.jpg,/data/JSM/06_2/PRDA_crop/PRDA_0164.jpg,3,0.2918,0.0001,False,False,False
PRDA_crop,PRDA_0165.jpg,/data/JSM/06_2/PRDA_crop/PRDA_0165.jpg,3,0.3826,0.0001,False,False,False
PRDA_crop,PRDA_0166.jpg,/data/JSM/06_2/PRDA_crop/PRDA_0166.jpg,3,0.3221,0.0,False,False,False
PRDA_crop,PRDA_0167.jpg,/data/JSM/06_2/PRDA_crop/PRDA_0167.jpg,3,0.3365,0.0,False,False,False
PRDA_crop,PRDA_0168.jpg,/data/JSM/06_2/PRDA_crop/PRDA_0168.jpg,3,0.3668,0.0001,False,False,False
PRDA_crop,PRDA_0169.jpg,/data/JSM/06_2/PRDA_crop/PRDA_0169.jpg,3,0.3928,0.0001,False,False,False
PRDA_crop,PRDA_0170.jpg,/data/JSM/06_2/PRDA_crop/PRDA_0170.jpg,3,0.3675,0.0001,False,False,False
PRDA_crop,PRDA_0171.jpg,/data/JSM/06_2/PRDA_crop/PRDA_0171.jpg,3,0.3715,0.0001,False,False,False
PRDA_crop,PRDA_0172.jpg,/data/JSM/06_2/PRDA_crop/PRDA_0172.jpg,3,0.3376,0.0001,False,False,False
PRDA_crop,PRDA_0173.jpg,/data/JSM/06_2/PRDA_crop/PRDA_0173.jpg,3,0.3275,0.0,False,False,False
PRDA_crop,PRDA_0174.jpg,/data/JSM/06_2/PRDA_crop/PRDA_0174.jpg,3,0.3475,0.0,False,False,False
PRDA_crop,PRDA_0175.jpg,/data/JSM/06_2/PRDA_crop/PRDA_0175.jpg,3,0.3545,0.0001,False,False,False
PRDA_crop,PRDA_0176.jpg,/data/JSM/06_2/PRDA_crop/PRDA_0176.jpg,3,0.3881,0.0001,False,False,False
PRDA_crop,PRDA_0177.jpg,/data/JSM/06_2/PRDA_crop/PRDA_0177.jpg,3,0.376,0.0002,False,False,False
PRDA_crop,PRDA_0178.jpg,/data/JSM/06_2/PRDA_crop/PRDA_0178.jpg,3,0.3239,0.0001,False,False,False
PRDA_crop,PRDA_0179.jpg,/data/JSM/06_2/PRDA_crop/PRDA_0179.jpg,3,0.4243,0.0001,False,False,False
PRDA_crop,PRDA_0180.jpg,/data/JSM/06_2/PRDA_crop/PRDA_0180.jpg,3,0.396,0.0001,False,False,False
PRDA_crop,PRDA_0181.jpg,/data/JSM/06_2/PRDA_crop/PRDA_0181.jpg,3,0.3814,0.0,False,False,False
PRDA_crop,PRDA_0182.jpg,/data/JSM/06_2/PRDA_crop/PRDA_0182.jpg,3,0.321,0.0002,False,False,False
PRDA_crop,PRDA_0183.jpg,/data/JSM/06_2/PRDA_crop/PRDA_0183.jpg,3,0.348,0.0001,False,False,False
PRDA_crop,PRDA_0184.jpg,/data/JSM/06_2/PRDA_crop/PRDA_0184.jpg,3,0.385,0.0,False,False,False
PRDA_crop,PRDA_0185.jpg,/data/JSM/06_2/PRDA_crop/PRDA_0185.jpg,3,0.2974,0.0001,False,False,False
PRDA_crop,PRDA_0186.jpg,/data/JSM/06_2/PRDA_crop/PRDA_0186.jpg,3,0.3078,0.0,False,False,False
PRDA_crop,PRDA_0187.jpg,/data/JSM/06_2/PRDA_crop/PRDA_0187.jpg,3,0.3253,0.0001,False,False,False
PRDA_crop,PRDA_0188.jpg,/data/JSM/06_2/PRDA_crop/PRDA_0188.jpg,3,0.3771,0.0001,False,False,False
PRDA_crop,PRDA_0189.jpg,/data/JSM/06_2/PRDA_crop/PRDA_0189.jpg,3,0.3483,0.0001,False,False,False
PRDA_crop,PRDA_0190.jpg,/data/JSM/06_2/PRDA_crop/PRDA_0190.jpg,3,0.4263,0.0,False,False,False
PRDA_crop,PRDA_0191.jpg,/data/JSM/06_2/PRDA_crop/PRDA_0191.jpg,3,0.3887,0.0001,False,False,False
PRDA_crop,PRDA_0192.jpg,/data/JSM/06_2/PRDA_crop/PRDA_0192.jpg,3,0.3587,0.0001,False,False,False
PRDA_crop,PRDA_0193.jpg,/data/JSM/06_2/PRDA_crop/PRDA_0193.jpg,3,0.3284,0.0,False,False,False
PRDA_crop,PRDA_0194.jpg,/data/JSM/06_2/PRDA_crop/PRDA_0194.jpg,3,0.3257,0.0001,False,False,False
PRDA_crop,PRDA_0195.jpg,/data/JSM/06_2/PRDA_crop/PRDA_0195.jpg,3,0.3226,0.0001,False,False,False
PRDA_crop,PRDA_0196.jpg,/data/JSM/06_2/PRDA_crop/PRDA_0196.jpg,3,0.3699,0.0,False,False,False
PRDA_crop,PRDA_0197.jpg,/data/JSM/06_2/PRDA_crop/PRDA_0197.jpg,3,0.3764,0.0,False,False,False
PRDA_crop,PRDA_0198.jpg,/data/JSM/06_2/PRDA_crop/PRDA_0198.jpg,3,0.361,0.0,False,False,False
PRDA_crop,PRDA_0199.jpg,/data/JSM/06_2/PRDA_crop/PRDA_0199.jpg,3,0.327,0.0001,False,False,False
PRDA_crop,PRDA_0200.jpg,/data/JSM/06_2/PRDA_crop/PRDA_0200.jpg,3,0.3436,0.0001,False,False,False
PRDA_crop,PRDA_0201.jpg,/data/JSM/06_2/PRDA_crop/PRDA_0201.jpg,3,0.292,0.0,False,False,False
PRDA_crop,PRDA_0202.jpg,/data/JSM/06_2/PRDA_crop/PRDA_0202.jpg,3,0.3342,0.0001,False,False,False
PRDA_crop,PRDA_0203.jpg,/data/JSM/06_2/PRDA_crop/PRDA_0203.jpg,3,0.3778,0.0,False,False,False
PRDA_crop,PRDA_0204.jpg,/data/JSM/06_2/PRDA_crop/PRDA_0204.jpg,3,0.2819,0.0001,False,False,False
PRDA_crop,PRDA_0205.jpg,/data/JSM/06_2/PRDA_crop/PRDA_0205.jpg,3,0.3194,0.0001,False,False,False
PRDA_crop,PRDA_0206.jpg,/data/JSM/06_2/PRDA_crop/PRDA_0206.jpg,3,0.3811,0.0,False,False,False
PRDA_crop,PRDA_0207.jpg,/data/JSM/06_2/PRDA_crop/PRDA_0207.jpg,3,0.426,0.0001,False,False,False
PRDA_crop,PRDA_0208.jpg,/data/JSM/06_2/PRDA_crop/PRDA_0208.jpg,3,0.3291,0.0001,False,False,False
PRDA_crop,PRDA_0209.jpg,/data/JSM/06_2/PRDA_crop/PRDA_0209.jpg,3,0.44,0.0001,False,False,False
PRDA_crop,PRDA_0210.jpg,/data/JSM/06_2/PRDA_crop/PRDA_0210.jpg,3,0.3502,0.0001,False,False,False
PRDA_crop,PRDA_0211.jpg,/data/JSM/06_2/PRDA_crop/PRDA_0211.jpg,3,0.3012,0.0,False,False,False
PRDA_crop,PRDA_0212.jpg,/data/JSM/06_2/PRDA_crop/PRDA_0212.jpg,3,0.3205,0.0001,False,False,False
PRDA_crop,PRDA_0213.jpg,/data/JSM/06_2/PRDA_crop/PRDA_0213.jpg,3,0.3701,0.0001,False,False,False
PRDA_crop,PRDA_0214.jpg,/data/JSM/06_2/PRDA_crop/PRDA_0214.jpg,3,0.3457,0.0001,False,False,False
PRDA_crop,PRDA_0215.jpg,/data/JSM/06_2/PRDA_crop/PRDA_0215.jpg,3,0.3243,0.0001,False,False,False
PRDA_crop,PRDA_0216.jpg,/data/JSM/06_2/PRDA_crop/PRDA_0216.jpg,3,0.3657,0.0,False,False,False
PRDA_crop,PRDA_0217.jpg,/data/JSM/06_2/PRDA_crop/PRDA_0217.jpg,3,0.3598,0.0,False,False,False
PRDA_crop,PRDA_0218.jpg,/data/JSM/06_2/PRDA_crop/PRDA_0218.jpg,3,0.3681,0.0001,False,False,False
PRDA_crop,PRDA_0219.jpg,/data/JSM/06_2/PRDA_crop/PRDA_0219.jpg,3,0.3758,0.0,False,False,False
PRDA_crop,PRDA_0220.jpg,/data/JSM/06_2/PRDA_crop/PRDA_0220.jpg,3,0.3384,0.0,False,False,False
PRDA_crop,PRDA_0221.jpg,/data/JSM/06_2/PRDA_crop/PRDA_0221.jpg,3,0.3439,0.0001,False,False,False
PRDA_crop,PRDA_0222.jpg,/data/JSM/06_2/PRDA_crop/PRDA_0222.jpg,3,0.3842,0.0001,False,False,False
PRDA_crop,PRDA_0223.jpg,/data/JSM/06_2/PRDA_crop/PRDA_0223.jpg,3,0.3613,0.0001,False,False,False
PRDA_crop,PRDA_0224.jpg,/data/JSM/06_2/PRDA_crop/PRDA_0224.jpg,3,0.3482,0.0001,False,False,False
PRDA_crop,PRDA_0225.jpg,/data/JSM/06_2/PRDA_crop/PRDA_0225.jpg,3,0.3213,0.0,False,False,False
PRDA_crop,PRDA_0226.jpg,/data/JSM/06_2/PRDA_crop/PRDA_0226.jpg,3,0.356,0.0001,False,False,False
PRDA_crop,PRDA_0227.jpg,/data/JSM/06_2/PRDA_crop/PRDA_0227.jpg,3,0.3444,0.0,False,False,False
PRPE_crop,PRPE_0000.jpg,/data/JSM/06_2/PRPE_crop/PRPE_0000.jpg,4,0.3524,0.0001,False,False,False
PRPE_crop,PRPE_0001.jpg,/data/JSM/06_2/PRPE_crop/PRPE_0001.jpg,4,0.3595,0.0,False,False,False
PRPE_crop,PRPE_0002.jpg,/data/JSM/06_2/PRPE_crop/PRPE_0002.jpg,4,0.3366,0.0,False,False,False
PRPE_crop,PRPE_0003.jpg,/data/JSM/06_2/PRPE_crop/PRPE_0003.jpg,4,0.3397,0.0,False,False,False
PRPE_crop,PRPE_0004.jpg,/data/JSM/06_2/PRPE_crop/PRPE_0004.jpg,4,0.3181,0.0001,False,False,False
PRPE_crop,PRPE_0005.jpg,/data/JSM/06_2/PRPE_crop/PRPE_0005.jpg,4,0.3179,0.0,False,False,False
PRPE_crop,PRPE_0006.jpg,/data/JSM/06_2/PRPE_crop/PRPE_0006.jpg,4,0.289,0.0,False,False,False
PRPE_crop,PRPE_0007.jpg,/data/JSM/06_2/PRPE_crop/PRPE_0007.jpg,4,0.3292,0.0,False,False,False
PRPE_crop,PRPE_0008.jpg,/data/JSM/06_2/PRPE_crop/PRPE_0008.jpg,4,0.319,0.0,False,False,False
PRPE_crop,PRPE_0009.jpg,/data/JSM/06_2/PRPE_crop/PRPE_0009.jpg,4,0.3309,0.0,False,False,False
PRPE_crop,PRPE_0010.jpg,/data/JSM/06_2/PRPE_crop/PRPE_0010.jpg,4,0.3329,0.0,False,False,False
PRPE_crop,PRPE_0011.jpg,/data/JSM/06_2/PRPE_crop/PRPE_0011.jpg,4,0.3511,0.0001,False,False,False
PRPE_crop,PRPE_0012.jpg,/data/JSM/06_2/PRPE_crop/PRPE_0012.jpg,4,0.3675,0.0,False,False,False
PRPE_crop,PRPE_0013.jpg,/data/JSM/06_2/PRPE_crop/PRPE_0013.jpg,4,0.2673,0.0,False,False,False
PRPE_crop,PRPE_0014.jpg,/data/JSM/06_2/PRPE_crop/PRPE_0014.jpg,4,0.2971,0.0,False,False,False
PRPE_crop,PRPE_0015.jpg,/data/JSM/06_2/PRPE_crop/PRPE_0015.jpg,4,0.3318,0.0,False,False,False
PRPE_crop,PRPE_0016.jpg,/data/JSM/06_2/PRPE_crop/PRPE_0016.jpg,4,0.3222,0.0002,False,False,False
PRPE_crop,PRPE_0017.jpg,/data/JSM/06_2/PRPE_crop/PRPE_0017.jpg,4,0.3035,0.0001,False,False,False
PRPE_crop,PRPE_0018.jpg,/data/JSM/06_2/PRPE_crop/PRPE_0018.jpg,4,0.2919,0.0,False,False,False
PRPE_crop,PRPE_0019.jpg,/data/JSM/06_2/PRPE_crop/PRPE_0019.jpg,4,0.282,0.0001,False,False,False
PRPE_crop,PRPE_0020.jpg,/data/JSM/06_2/PRPE_crop/PRPE_0020.jpg,4,0.3687,0.0,False,False,False
PRPE_crop,PRPE_0021.jpg,/data/JSM/06_2/PRPE_crop/PRPE_0021.jpg,4,0.3105,0.0001,False,False,False
PRPE_crop,PRPE_0022.jpg,/data/JSM/06_2/PRPE_crop/PRPE_0022.jpg,4,0.3317,0.0001,False,False,False
PRPE_crop,PRPE_0023.jpg,/data/JSM/06_2/PRPE_crop/PRPE_0023.jpg,4,0.338,0.0,False,False,False
PRPE_crop,PRPE_0024.jpg,/data/JSM/06_2/PRPE_crop/PRPE_0024.jpg,4,0.3464,0.0001,False,False,False
PRPE_crop,PRPE_0025.jpg,/data/JSM/06_2/PRPE_crop/PRPE_0025.jpg,4,0.3306,0.0,False,False,False
PRPE_crop,PRPE_0026.jpg,/data/JSM/06_2/PRPE_crop/PRPE_0026.jpg,4,0.3047,0.0,False,False,False
PRPE_crop,PRPE_0027.jpg,/data/JSM/06_2/PRPE_crop/PRPE_0027.jpg,4,0.2384,0.0001,False,False,False
PRPE_crop,PRPE_0028.jpg,/data/JSM/06_2/PRPE_crop/PRPE_0028.jpg,4,0.3247,0.0,False,False,False
PRPE_crop,PRPE_0029.jpg,/data/JSM/06_2/PRPE_crop/PRPE_0029.jpg,4,0.3184,0.0,False,False,False
PRPE_crop,PRPE_0030.jpg,/data/JSM/06_2/PRPE_crop/PRPE_0030.jpg,4,0.3313,0.0001,False,False,False
PRPE_crop,PRPE_0031.jpg,/data/JSM/06_2/PRPE_crop/PRPE_0031.jpg,4,0.3356,0.0001,False,False,False
PRPE_crop,PRPE_0032.jpg,/data/JSM/06_2/PRPE_crop/PRPE_0032.jpg,4,0.3374,0.0,False,False,False
PRPE_crop,PRPE_0033.jpg,/data/JSM/06_2/PRPE_crop/PRPE_0033.jpg,4,0.3744,0.0,False,False,False
PRPE_crop,PRPE_0034.jpg,/data/JSM/06_2/PRPE_crop/PRPE_0034.jpg,4,0.3136,0.0,False,False,False
PRPE_crop,PRPE_0035.jpg,/data/JSM/06_2/PRPE_crop/PRPE_0035.jpg,4,0.3347,0.0001,False,False,False
PRPE_crop,PRPE_0036.jpg,/data/JSM/06_2/PRPE_crop/PRPE_0036.jpg,4,0.3665,0.0,False,False,False
PRPE_crop,PRPE_0037.jpg,/data/JSM/06_2/PRPE_crop/PRPE_0037.jpg,4,0.2986,0.0,False,False,False
PRPE_crop,PRPE_0038.jpg,/data/JSM/06_2/PRPE_crop/PRPE_0038.jpg,4,0.3607,0.0001,False,False,False
PRPE_crop,PRPE_0039.jpg,/data/JSM/06_2/PRPE_crop/PRPE_0039.jpg,4,0.3525,0.0001,False,False,False
PRPE_crop,PRPE_0040.jpg,/data/JSM/06_2/PRPE_crop/PRPE_0040.jpg,4,0.2934,0.0001,False,False,False
PRPE_crop,PRPE_0041.jpg,/data/JSM/06_2/PRPE_crop/PRPE_0041.jpg,4,0.3047,0.0001,False,False,False
PRPE_crop,PRPE_0042.jpg,/data/JSM/06_2/PRPE_crop/PRPE_0042.jpg,4,0.292,0.0001,False,False,False
PRPE_crop,PRPE_0043.jpg,/data/JSM/06_2/PRPE_crop/PRPE_0043.jpg,4,0.3195,0.0,False,False,False
PRPE_crop,PRPE_0044.jpg,/data/JSM/06_2/PRPE_crop/PRPE_0044.jpg,4,0.3721,0.0,False,False,False
PRPE_crop,PRPE_0045.jpg,/data/JSM/06_2/PRPE_crop/PRPE_0045.jpg,4,0.3406,0.0001,False,False,False
PRPE_crop,PRPE_0046.jpg,/data/JSM/06_2/PRPE_crop/PRPE_0046.jpg,4,0.3371,0.0001,False,False,False
PRPE_crop,PRPE_0047.jpg,/data/JSM/06_2/PRPE_crop/PRPE_0047.jpg,4,0.3921,0.0001,False,False,False
PRPE_crop,PRPE_0048.jpg,/data/JSM/06_2/PRPE_crop/PRPE_0048.jpg,4,0.3751,0.0001,False,False,False
PRPE_crop,PRPE_0049.jpg,/data/JSM/06_2/PRPE_crop/PRPE_0049.jpg,4,0.343,0.0,False,False,False
PRPE_crop,PRPE_0050.jpg,/data/JSM/06_2/PRPE_crop/PRPE_0050.jpg,4,0.3183,0.0001,False,False,False
PRPE_crop,PRPE_0051.jpg,/data/JSM/06_2/PRPE_crop/PRPE_0051.jpg,4,0.3391,0.0001,False,False,False
PRPE_crop,PRPE_0052.jpg,/data/JSM/06_2/PRPE_crop/PRPE_0052.jpg,4,0.3598,0.0001,False,False,False
PRPE_crop,PRPE_0053.jpg,/data/JSM/06_2/PRPE_crop/PRPE_0053.jpg,4,0.3546,0.0001,False,False,False
PRPE_crop,PRPE_0054.jpg,/data/JSM/06_2/PRPE_crop/PRPE_0054.jpg,4,0.3653,0.0,False,False,False
PRPE_crop,PRPE_0055.jpg,/data/JSM/06_2/PRPE_crop/PRPE_0055.jpg,4,0.3049,0.0001,False,False,False
PRPE_crop,PRPE_0056.jpg,/data/JSM/06_2/PRPE_crop/PRPE_0056.jpg,4,0.3583,0.0001,False,False,False
PRPE_crop,PRPE_0057.jpg,/data/JSM/06_2/PRPE_crop/PRPE_0057.jpg,4,0.3578,0.0001,False,False,False
PRPE_crop,PRPE_0058.jpg,/data/JSM/06_2/PRPE_crop/PRPE_0058.jpg,4,0.3317,0.0001,False,False,False
PRPE_crop,PRPE_0059.jpg,/data/JSM/06_2/PRPE_crop/PRPE_0059.jpg,4,0.3269,0.0,False,False,False
PRPE_crop,PRPE_0060.jpg,/data/JSM/06_2/PRPE_crop/PRPE_0060.jpg,4,0.337,0.0001,False,False,False
PRPE_crop,PRPE_0061.jpg,/data/JSM/06_2/PRPE_crop/PRPE_0061.jpg,4,0.3369,0.0001,False,False,False
PRPE_crop,PRPE_0062.jpg,/data/JSM/06_2/PRPE_crop/PRPE_0062.jpg,4,0.3048,0.0001,False,False,False
PRPE_crop,PRPE_0063.jpg,/data/JSM/06_2/PRPE_crop/PRPE_0063.jpg,4,0.3375,0.0001,False,False,False
PRPE_crop,PRPE_0064.jpg,/data/JSM/06_2/PRPE_crop/PRPE_0064.jpg,4,0.34,0.0,False,False,False
PRPE_crop,PRPE_0065.jpg,/data/JSM/06_2/PRPE_crop/PRPE_0065.jpg,4,0.3551,0.0001,False,False,False
PRPE_crop,PRPE_0066.jpg,/data/JSM/06_2/PRPE_crop/PRPE_0066.jpg,4,0.3403,0.0,False,False,False
PRPE_crop,PRPE_0067.jpg,/data/JSM/06_2/PRPE_crop/PRPE_0067.jpg,4,0.3584,0.0001,False,False,False
PRPE_crop,PRPE_0068.jpg,/data/JSM/06_2/PRPE_crop/PRPE_0068.jpg,4,0.3463,0.0001,False,False,False
PRPE_crop,PRPE_0069.jpg,/data/JSM/06_2/PRPE_crop/PRPE_0069.jpg,4,0.3318,0.0,False,False,False
PRPE_crop,PRPE_0070.jpg,/data/JSM/06_2/PRPE_crop/PRPE_0070.jpg,4,0.3251,0.0,False,False,False
PRPE_crop,PRPE_0071.jpg,/data/JSM/06_2/PRPE_crop/PRPE_0071.jpg,4,0.3016,0.0001,False,False,False
PRPE_crop,PRPE_0072.jpg,/data/JSM/06_2/PRPE_crop/PRPE_0072.jpg,4,0.379,0.0001,False,False,False
PRPE_crop,PRPE_0073.jpg,/data/JSM/06_2/PRPE_crop/PRPE_0073.jpg,4,0.3243,0.0,False,False,False
PRPE_crop,PRPE_0074.jpg,/data/JSM/06_2/PRPE_crop/PRPE_0074.jpg,4,0.3098,0.0,False,False,False
PRPE_crop,PRPE_0075.jpg,/data/JSM/06_2/PRPE_crop/PRPE_0075.jpg,4,0.3428,0.0001,False,False,False
PRPE_crop,PRPE_0076.jpg,/data/JSM/06_2/PRPE_crop/PRPE_0076.jpg,4,0.3527,0.0,False,False,False
PRPE_crop,PRPE_0077.jpg,/data/JSM/06_2/PRPE_crop/PRPE_0077.jpg,4,0.3718,0.0,False,False,False
PRPE_crop,PRPE_0078.jpg,/data/JSM/06_2/PRPE_crop/PRPE_0078.jpg,4,0.3412,0.0,False,False,False
PRPE_crop,PRPE_0079.jpg,/data/JSM/06_2/PRPE_crop/PRPE_0079.jpg,4,0.335,0.0,False,False,False
PRPE_crop,PRPE_0080.jpg,/data/JSM/06_2/PRPE_crop/PRPE_0080.jpg,4,0.3616,0.0001,False,False,False
PRPE_crop,PRPE_0081.jpg,/data/JSM/06_2/PRPE_crop/PRPE_0081.jpg,4,0.3606,0.0,False,False,False
PRPE_crop,PRPE_0082.jpg,/data/JSM/06_2/PRPE_crop/PRPE_0082.jpg,4,0.3402,0.0001,False,False,False
PRPE_crop,PRPE_0083.jpg,/data/JSM/06_2/PRPE_crop/PRPE_0083.jpg,4,0.3559,0.0001,False,False,False
PRPE_crop,PRPE_0084.jpg,/data/JSM/06_2/PRPE_crop/PRPE_0084.jpg,4,0.2974,0.0001,False,False,False
PRPE_crop,PRPE_0085.jpg,/data/JSM/06_2/PRPE_crop/PRPE_0085.jpg,4,0.2928,0.0,False,False,False
PRPE_crop,PRPE_0086.jpg,/data/JSM/06_2/PRPE_crop/PRPE_0086.jpg,4,0.3375,0.0001,False,False,False
PRPE_crop,PRPE_0087.jpg,/data/JSM/06_2/PRPE_crop/PRPE_0087.jpg,4,0.292,0.0,False,False,False
PRPE_crop,PRPE_0088.jpg,/data/JSM/06_2/PRPE_crop/PRPE_0088.jpg,4,0.3018,0.0,False,False,False
PRPE_crop,PRPE_0089.jpg,/data/JSM/06_2/PRPE_crop/PRPE_0089.jpg,4,0.2822,0.0,False,False,False
PRPE_crop,PRPE_0090.jpg,/data/JSM/06_2/PRPE_crop/PRPE_0090.jpg,4,0.3333,0.0,False,False,False
PRPE_crop,PRPE_0091.jpg,/data/JSM/06_2/PRPE_crop/PRPE_0091.jpg,4,0.3639,0.0,False,False,False
PRPE_crop,PRPE_0092.jpg,/data/JSM/06_2/PRPE_crop/PRPE_0092.jpg,4,0.4042,0.0,False,False,False
PRPE_crop,PRPE_0093.jpg,/data/JSM/06_2/PRPE_crop/PRPE_0093.jpg,4,0.3478,0.0001,False,False,False
PRPE_crop,PRPE_0094.jpg,/data/JSM/06_2/PRPE_crop/PRPE_0094.jpg,4,0.3504,0.0001,False,False,False
PRPE_crop,PRPE_0095.jpg,/data/JSM/06_2/PRPE_crop/PRPE_0095.jpg,4,0.3705,0.0001,False,False,False
PRPE_crop,PRPE_0096.jpg,/data/JSM/06_2/PRPE_crop/PRPE_0096.jpg,4,0.3095,0.0001,False,False,False
PRPE_crop,PRPE_0097.jpg,/data/JSM/06_2/PRPE_crop/PRPE_0097.jpg,4,0.3386,0.0,False,False,False
PRPE_crop,PRPE_0098.jpg,/data/JSM/06_2/PRPE_crop/PRPE_0098.jpg,4,0.3512,0.0001,False,False,False
PRPE_crop,PRPE_0099.jpg,/data/JSM/06_2/PRPE_crop/PRPE_0099.jpg,4,0.3159,0.0001,False,False,False
PRPE_crop,PRPE_0100.jpg,/data/JSM/06_2/PRPE_crop/PRPE_0100.jpg,4,0.4358,0.0001,False,False,False
PRPE_crop,PRPE_0101.jpg,/data/JSM/06_2/PRPE_crop/PRPE_0101.jpg,4,0.3308,0.0,False,False,False
PRPE_crop,PRPE_0102.jpg,/data/JSM/06_2/PRPE_crop/PRPE_0102.jpg,4,0.3359,0.0001,False,False,False
PRPE_crop,PRPE_0103.jpg,/data/JSM/06_2/PRPE_crop/PRPE_0103.jpg,4,0.349,0.0,False,False,False
PRPE_crop,PRPE_0104.jpg,/data/JSM/06_2/PRPE_crop/PRPE_0104.jpg,4,0.3496,0.0,False,False,False
PRPE_crop,PRPE_0105.jpg,/data/JSM/06_2/PRPE_crop/PRPE_0105.jpg,4,0.3788,0.0,False,False,False
PRPE_crop,PRPE_0106.jpg,/data/JSM/06_2/PRPE_crop/PRPE_0106.jpg,4,0.3028,0.0,False,False,False
PRPE_crop,PRPE_0107.jpg,/data/JSM/06_2/PRPE_crop/PRPE_0107.jpg,4,0.3299,0.0001,False,False,False
PRPE_crop,PRPE_0108.jpg,/data/JSM/06_2/PRPE_crop/PRPE_0108.jpg,4,0.3222,0.0001,False,False,False
PRPE_crop,PRPE_0109.jpg,/data/JSM/06_2/PRPE_crop/PRPE_0109.jpg,4,0.3179,0.0,False,False,False
PRPE_crop,PRPE_0110.jpg,/data/JSM/06_2/PRPE_crop/PRPE_0110.jpg,4,0.3301,0.0,False,False,False
PRPE_crop,PRPE_0111.jpg,/data/JSM/06_2/PRPE_crop/PRPE_0111.jpg,4,0.2934,0.0002,False,False,False
PRPE_crop,PRPE_0112.jpg,/data/JSM/06_2/PRPE_crop/PRPE_0112.jpg,4,0.342,0.0,False,False,False
PRPE_crop,PRPE_0113.jpg,/data/JSM/06_2/PRPE_crop/PRPE_0113.jpg,4,0.3749,0.0001,False,False,False
PRPE_crop,PRPE_0114.jpg,/data/JSM/06_2/PRPE_crop/PRPE_0114.jpg,4,0.3448,0.0,False,False,False
PRPE_crop,PRPE_0115.jpg,/data/JSM/06_2/PRPE_crop/PRPE_0115.jpg,4,0.3552,0.0,False,False,False
PRPE_crop,PRPE_0116.jpg,/data/JSM/06_2/PRPE_crop/PRPE_0116.jpg,4,0.3271,0.0001,False,False,False
PRPE_crop,PRPE_0117.jpg,/data/JSM/06_2/PRPE_crop/PRPE_0117.jpg,4,0.3226,0.0,False,False,False
PRPE_crop,PRPE_0118.jpg,/data/JSM/06_2/PRPE_crop/PRPE_0118.jpg,4,0.3613,0.0001,False,False,False
PRPE_crop,PRPE_0119.jpg,/data/JSM/06_2/PRPE_crop/PRPE_0119.jpg,4,0.3627,0.0001,False,False,False
PRPE_crop,PRPE_0120.jpg,/data/JSM/06_2/PRPE_crop/PRPE_0120.jpg,4,0.3176,0.0001,False,False,False
PRPE_crop,PRPE_0121.jpg,/data/JSM/06_2/PRPE_crop/PRPE_0121.jpg,4,0.326,0.0,False,False,False
PRPE_crop,PRPE_0122.jpg,/data/JSM/06_2/PRPE_crop/PRPE_0122.jpg,4,0.3661,0.0001,False,False,False
PRPE_crop,PRPE_0123.jpg,/data/JSM/06_2/PRPE_crop/PRPE_0123.jpg,4,0.3577,0.0001,False,False,False
PRPE_crop,PRPE_0124.jpg,/data/JSM/06_2/PRPE_crop/PRPE_0124.jpg,4,0.3359,0.0,False,False,False
PRPE_crop,PRPE_0125.jpg,/data/JSM/06_2/PRPE_crop/PRPE_0125.jpg,4,0.3433,0.0001,False,False,False
PRPE_crop,PRPE_0126.jpg,/data/JSM/06_2/PRPE_crop/PRPE_0126.jpg,4,0.3222,0.0,False,False,False
PRPE_crop,PRPE_0127.jpg,/data/JSM/06_2/PRPE_crop/PRPE_0127.jpg,4,0.3949,0.0,False,False,False
PRPE_crop,PRPE_0128.jpg,/data/JSM/06_2/PRPE_crop/PRPE_0128.jpg,4,0.3377,0.0001,False,False,False
PRPE_crop,PRPE_0129.jpg,/data/JSM/06_2/PRPE_crop/PRPE_0129.jpg,4,0.4556,0.0,False,False,False
PRPE_crop,PRPE_0130.jpg,/data/JSM/06_2/PRPE_crop/PRPE_0130.jpg,4,0.3349,0.0001,False,False,False
PRPE_crop,PRPE_0131.jpg,/data/JSM/06_2/PRPE_crop/PRPE_0131.jpg,4,0.3372,0.0,False,False,False
PRPE_crop,PRPE_0132.jpg,/data/JSM/06_2/PRPE_crop/PRPE_0132.jpg,4,0.2845,0.0,False,False,False
PRPE_crop,PRPE_0133.jpg,/data/JSM/06_2/PRPE_crop/PRPE_0133.jpg,4,0.3492,0.0001,False,False,False
PRPE_crop,PRPE_0134.jpg,/data/JSM/06_2/PRPE_crop/PRPE_0134.jpg,4,0.3359,0.0,False,False,False
PRPE_crop,PRPE_0135.jpg,/data/JSM/06_2/PRPE_crop/PRPE_0135.jpg,4,0.3517,0.0,False,False,False
PRPE_crop,PRPE_0136.jpg,/data/JSM/06_2/PRPE_crop/PRPE_0136.jpg,4,0.3602,0.0,False,False,False
PRPE_crop,PRPE_0137.jpg,/data/JSM/06_2/PRPE_crop/PRPE_0137.jpg,4,0.3081,0.0001,False,False,False
PRPE_crop,PRPE_0138.jpg,/data/JSM/06_2/PRPE_crop/PRPE_0138.jpg,4,0.3121,0.0,False,False,False
PRPE_crop,PRPE_0139.jpg,/data/JSM/06_2/PRPE_crop/PRPE_0139.jpg,4,0.3768,0.0,False,False,False
PRPE_crop,PRPE_0140.jpg,/data/JSM/06_2/PRPE_crop/PRPE_0140.jpg,4,0.3636,0.0001,False,False,False
PRPE_crop,PRPE_0141.jpg,/data/JSM/06_2/PRPE_crop/PRPE_0141.jpg,4,0.323,0.0,False,False,False
PRPE_crop,PRPE_0142.jpg,/data/JSM/06_2/PRPE_crop/PRPE_0142.jpg,4,0.3343,0.0,False,False,False
PRPE_crop,PRPE_0143.jpg,/data/JSM/06_2/PRPE_crop/PRPE_0143.jpg,4,0.3259,0.0,False,False,False
PRPE_crop,PRPE_0144.jpg,/data/JSM/06_2/PRPE_crop/PRPE_0144.jpg,4,0.3337,0.0001,False,False,False
PRPE_crop,PRPE_0145.jpg,/data/JSM/06_2/PRPE_crop/PRPE_0145.jpg,4,0.3728,0.0,False,False,False
PRPE_crop,PRPE_0146.jpg,/data/JSM/06_2/PRPE_crop/PRPE_0146.jpg,4,0.3775,0.0001,False,False,False
PRPE_crop,PRPE_0147.jpg,/data/JSM/06_2/PRPE_crop/PRPE_0147.jpg,4,0.381,0.0001,False,False,False
PRPE_crop,PRPE_0148.jpg,/data/JSM/06_2/PRPE_crop/PRPE_0148.jpg,4,0.3372,0.0001,False,False,False
PRPE_crop,PRPE_0149.jpg,/data/JSM/06_2/PRPE_crop/PRPE_0149.jpg,4,0.3154,0.0,False,False,False
PRPE_crop,PRPE_0150.jpg,/data/JSM/06_2/PRPE_crop/PRPE_0150.jpg,4,0.3173,0.0002,False,False,False
PRPE_crop,PRPE_0151.jpg,/data/JSM/06_2/PRPE_crop/PRPE_0151.jpg,4,0.293,0.0001,False,False,False
PRPE_crop,PRPE_0152.jpg,/data/JSM/06_2/PRPE_crop/PRPE_0152.jpg,4,0.2999,0.0001,False,False,False
PRPE_crop,PRPE_0153.jpg,/data/JSM/06_2/PRPE_crop/PRPE_0153.jpg,4,0.3704,0.0001,False,False,False
PRPE_crop,PRPE_0154.jpg,/data/JSM/06_2/PRPE_crop/PRPE_0154.jpg,4,0.3701,0.0,False,False,False
PRPE_crop,PRPE_0155.jpg,/data/JSM/06_2/PRPE_crop/PRPE_0155.jpg,4,0.3439,0.0,False,False,False
PRPE_crop,PRPE_0156.jpg,/data/JSM/06_2/PRPE_crop/PRPE_0156.jpg,4,0.3426,0.0,False,False,False
PRPE_crop,PRPE_0157.jpg,/data/JSM/06_2/PRPE_crop/PRPE_0157.jpg,4,0.3127,0.0,False,False,False
PRPE_crop,PRPE_0158.jpg,/data/JSM/06_2/PRPE_crop/PRPE_0158.jpg,4,0.3081,0.0,False,False,False
PRPE_crop,PRPE_0159.jpg,/data/JSM/06_2/PRPE_crop/PRPE_0159.jpg,4,0.3138,0.0,False,False,False
PRPE_crop,PRPE_0160.jpg,/data/JSM/06_2/PRPE_crop/PRPE_0160.jpg,4,0.315,0.0001,False,False,False
PRPE_crop,PRPE_0161.jpg,/data/JSM/06_2/PRPE_crop/PRPE_0161.jpg,4,0.3375,0.0,False,False,False
PRPE_crop,PRPE_0162.jpg,/data/JSM/06_2/PRPE_crop/PRPE_0162.jpg,4,0.3396,0.0001,False,False,False
PRPE_crop,PRPE_0163.jpg,/data/JSM/06_2/PRPE_crop/PRPE_0163.jpg,4,0.3208,0.0,False,False,False
PRPE_crop,PRPE_0164.jpg,/data/JSM/06_2/PRPE_crop/PRPE_0164.jpg,4,0.3224,0.0001,False,False,False
PRPE_crop,PRPE_0165.jpg,/data/JSM/06_2/PRPE_crop/PRPE_0165.jpg,4,0.3337,0.0001,False,False,False
PRPE_crop,PRPE_0166.jpg,/data/JSM/06_2/PRPE_crop/PRPE_0166.jpg,4,0.3452,0.0,False,False,False
PRPE_crop,PRPE_0167.jpg,/data/JSM/06_2/PRPE_crop/PRPE_0167.jpg,4,0.2962,0.0,False,False,False
PRPE_crop,PRPE_0168.jpg,/data/JSM/06_2/PRPE_crop/PRPE_0168.jpg,4,0.2834,0.0,False,False,False
PRPE_crop,PRPE_0169.jpg,/data/JSM/06_2/PRPE_crop/PRPE_0169.jpg,4,0.3221,0.0001,False,False,False
PRPE_crop,PRPE_0170.jpg,/data/JSM/06_2/PRPE_crop/PRPE_0170.jpg,4,0.3248,0.0,False,False,False
PRPE_crop,PRPE_0171.jpg,/data/JSM/06_2/PRPE_crop/PRPE_0171.jpg,4,0.3292,0.0002,False,False,False
PRPE_crop,PRPE_0172.jpg,/data/JSM/06_2/PRPE_crop/PRPE_0172.jpg,4,0.3651,0.0,False,False,False
PRPE_crop,PRPE_0173.jpg,/data/JSM/06_2/PRPE_crop/PRPE_0173.jpg,4,0.3694,0.0,False,False,False
PRPE_crop,PRPE_0174.jpg,/data/JSM/06_2/PRPE_crop/PRPE_0174.jpg,4,0.3082,0.0,False,False,False
PRPE_crop,PRPE_0175.jpg,/data/JSM/06_2/PRPE_crop/PRPE_0175.jpg,4,0.3096,0.0001,False,False,False
PRPE_crop,PRPE_0176.jpg,/data/JSM/06_2/PRPE_crop/PRPE_0176.jpg,4,0.3245,0.0001,False,False,False
PRPE_crop,PRPE_0177.jpg,/data/JSM/06_2/PRPE_crop/PRPE_0177.jpg,4,0.3312,0.0,False,False,False
PRPE_crop,PRPE_0178.jpg,/data/JSM/06_2/PRPE_crop/PRPE_0178.jpg,4,0.3381,0.0001,False,False,False
PRPE_crop,PRPE_0179.jpg,/data/JSM/06_2/PRPE_crop/PRPE_0179.jpg,4,0.341,0.0,False,False,False
PRPE_crop,PRPE_0180.jpg,/data/JSM/06_2/PRPE_crop/PRPE_0180.jpg,4,0.325,0.0001,False,False,False
PRPE_crop,PRPE_0181.jpg,/data/JSM/06_2/PRPE_crop/PRPE_0181.jpg,4,0.3361,0.0001,False,False,False
PRPE_crop,PRPE_0182.jpg,/data/JSM/06_2/PRPE_crop/PRPE_0182.jpg,4,0.3275,0.0001,False,False,False
PRPE_crop,PRPE_0183.jpg,/data/JSM/06_2/PRPE_crop/PRPE_0183.jpg,4,0.34,0.0,False,False,False
PRPE_crop,PRPE_0184.jpg,/data/JSM/06_2/PRPE_crop/PRPE_0184.jpg,4,0.3582,0.0002,False,False,False
PRPE_crop,PRPE_0185.jpg,/data/JSM/06_2/PRPE_crop/PRPE_0185.jpg,4,0.3081,0.0,False,False,False
PRPE_crop,PRPE_0186.jpg,/data/JSM/06_2/PRPE_crop/PRPE_0186.jpg,4,0.312,0.0,False,False,False
PRPE_crop,PRPE_0187.jpg,/data/JSM/06_2/PRPE_crop/PRPE_0187.jpg,4,0.3776,0.0,False,False,False
PRPE_crop,PRPE_0188.jpg,/data/JSM/06_2/PRPE_crop/PRPE_0188.jpg,4,0.3219,0.0001,False,False,False
PRPE_crop,PRPE_0189.jpg,/data/JSM/06_2/PRPE_crop/PRPE_0189.jpg,4,0.3126,0.0,False,False,False
PRPE_crop,PRPE_0190.jpg,/data/JSM/06_2/PRPE_crop/PRPE_0190.jpg,4,0.3099,0.0001,False,False,False
PRPE_crop,PRPE_0191.jpg,/data/JSM/06_2/PRPE_crop/PRPE_0191.jpg,4,0.3254,0.0,False,False,False
PRPE_crop,PRPE_0192.jpg,/data/JSM/06_2/PRPE_crop/PRPE_0192.jpg,4,0.3404,0.0,False,False,False
PRPE_crop,PRPE_0193.jpg,/data/JSM/06_2/PRPE_crop/PRPE_0193.jpg,4,0.3221,0.0001,False,False,False
PRPE_crop,PRPE_0194.jpg,/data/JSM/06_2/PRPE_crop/PRPE_0194.jpg,4,0.3444,0.0,False,False,False
PRPE_crop,PRPE_0195.jpg,/data/JSM/06_2/PRPE_crop/PRPE_0195.jpg,4,0.3505,0.0,False,False,False
PRPE_crop,PRPE_0196.jpg,/data/JSM/06_2/PRPE_crop/PRPE_0196.jpg,4,0.2901,0.0001,False,False,False
PRPE_crop,PRPE_0197.jpg,/data/JSM/06_2/PRPE_crop/PRPE_0197.jpg,4,0.3216,0.0,False,False,False
PRPE_crop,PRPE_0198.jpg,/data/JSM/06_2/PRPE_crop/PRPE_0198.jpg,4,0.3279,0.0,False,False,False
PRPE_crop,PRPE_0199.jpg,/data/JSM/06_2/PRPE_crop/PRPE_0199.jpg,4,0.3078,0.0001,False,False,False
PRPE_crop,PRPE_0200.jpg,/data/JSM/06_2/PRPE_crop/PRPE_0200.jpg,4,0.3662,0.0001,False,False,False
PRPE_crop,PRPE_0201.jpg,/data/JSM/06_2/PRPE_crop/PRPE_0201.jpg,4,0.3059,0.0,False,False,False
PRPE_crop,PRPE_0202.jpg,/data/JSM/06_2/PRPE_crop/PRPE_0202.jpg,4,0.313,0.0001,False,False,False
PRPE_crop,PRPE_0203.jpg,/data/JSM/06_2/PRPE_crop/PRPE_0203.jpg,4,0.3068,0.0001,False,False,False
PRPE_crop,PRPE_0204.jpg,/data/JSM/06_2/PRPE_crop/PRPE_0204.jpg,4,0.3541,0.0,False,False,False
PRPE_crop,PRPE_0205.jpg,/data/JSM/06_2/PRPE_crop/PRPE_0205.jpg,4,0.352,0.0,False,False,False
PRPE_crop,PRPE_0206.jpg,/data/JSM/06_2/PRPE_crop/PRPE_0206.jpg,4,0.3403,0.0001,False,False,False
PRPE_crop,PRPE_0207.jpg,/data/JSM/06_2/PRPE_crop/PRPE_0207.jpg,4,0.329,0.0001,False,False,False
PRPE_crop,PRPE_0208.jpg,/data/JSM/06_2/PRPE_crop/PRPE_0208.jpg,4,0.3224,0.0,False,False,False
PRPE_crop,PRPE_0209.jpg,/data/JSM/06_2/PRPE_crop/PRPE_0209.jpg,4,0.3182,0.0001,False,False,False
PRPE_crop,PRPE_0210.jpg,/data/JSM/06_2/PRPE_crop/PRPE_0210.jpg,4,0.3428,0.0001,False,False,False
PRPE_crop,PRPE_0211.jpg,/data/JSM/06_2/PRPE_crop/PRPE_0211.jpg,4,0.3235,0.0,False,False,False
PRPE_crop,PRPE_0212.jpg,/data/JSM/06_2/PRPE_crop/PRPE_0212.jpg,4,0.3514,0.0001,False,False,False
PRPE_crop,PRPE_0213.jpg,/data/JSM/06_2/PRPE_crop/PRPE_0213.jpg,4,0.2985,0.0001,False,False,False
PRPE_crop,PRPE_0214.jpg,/data/JSM/06_2/PRPE_crop/PRPE_0214.jpg,4,0.3345,0.0001,False,False,False
PRPE_crop,PRPE_0215.jpg,/data/JSM/06_2/PRPE_crop/PRPE_0215.jpg,4,0.3596,0.0001,False,False,False
PRPE_crop,PRPE_0216.jpg,/data/JSM/06_2/PRPE_crop/PRPE_0216.jpg,4,0.3342,0.0001,False,False,False
PRPE_crop,PRPE_0217.jpg,/data/JSM/06_2/PRPE_crop/PRPE_0217.jpg,4,0.3039,0.0,False,False,False
PRPE_crop,PRPE_0218.jpg,/data/JSM/06_2/PRPE_crop/PRPE_0218.jpg,4,0.3228,0.0001,False,False,False
PRPE_crop,PRPE_0219.jpg,/data/JSM/06_2/PRPE_crop/PRPE_0219.jpg,4,0.3259,0.0001,False,False,False
PRPE_crop,PRPE_0220.jpg,/data/JSM/06_2/PRPE_crop/PRPE_0220.jpg,4,0.323,0.0001,False,False,False
PRPE_crop,PRPE_0221.jpg,/data/JSM/06_2/PRPE_crop/PRPE_0221.jpg,4,0.333,0.0,False,False,False
PRPE_crop,PRPE_0222.jpg,/data/JSM/06_2/PRPE_crop/PRPE_0222.jpg,4,0.3735,0.0,False,False,False
PRPE_crop,PRPE_0223.jpg,/data/JSM/06_2/PRPE_crop/PRPE_0223.jpg,4,0.3368,0.0001,False,False,False
PRPE_crop,PRPE_0224.jpg,/data/JSM/06_2/PRPE_crop/PRPE_0224.jpg,4,0.3699,0.0,False,False,False
PRPE_crop,PRPE_0225.jpg,/data/JSM/06_2/PRPE_crop/PRPE_0225.jpg,4,0.3512,0.0001,False,False,False
PRPE_crop,PRPE_0226.jpg,/data/JSM/06_2/PRPE_crop/PRPE_0226.jpg,4,0.3262,0.0001,False,False,False
PRPE_crop,PRPE_0227.jpg,/data/JSM/06_2/PRPE_crop/PRPE_0227.jpg,4,0.3317,0.0,False,False,False
PRPE_crop,PRPE_0228.jpg,/data/JSM/06_2/PRPE_crop/PRPE_0228.jpg,4,0.3654,0.0001,False,False,False
PRPE_crop,PRPE_0229.jpg,/data/JSM/06_2/PRPE_crop/PRPE_0229.jpg,4,0.3639,0.0001,False,False,False
PRPE_crop,PRPE_0230.jpg,/data/JSM/06_2/PRPE_crop/PRPE_0230.jpg,4,0.3458,0.0,False,False,False
PRPE_crop,PRPE_0231.jpg,/data/JSM/06_2/PRPE_crop/PRPE_0231.jpg,4,0.3528,0.0001,False,False,False
PRPE_crop,PRPE_0232.jpg,/data/JSM/06_2/PRPE_crop/PRPE_0232.jpg,4,0.3495,0.0,False,False,False
PRPE_crop,PRPE_0233.jpg,/data/JSM/06_2/PRPE_crop/PRPE_0233.jpg,4,0.3242,0.0001,False,False,False
PRPE_crop,PRPE_0234.jpg,/data/JSM/06_2/PRPE_crop/PRPE_0234.jpg,4,0.3595,0.0001,False,False,False
PRPE_crop,PRPE_0235.jpg,/data/JSM/06_2/PRPE_crop/PRPE_0235.jpg,4,0.3582,0.0,False,False,False
PRPE_crop,PRPE_0236.jpg,/data/JSM/06_2/PRPE_crop/PRPE_0236.jpg,4,0.2881,0.0001,False,False,False
PRPE_crop,PRPE_0237.jpg,/data/JSM/06_2/PRPE_crop/PRPE_0237.jpg,4,0.2918,0.0001,False,False,False
PRPE_crop,PRPE_0238.jpg,/data/JSM/06_2/PRPE_crop/PRPE_0238.jpg,4,0.3,0.0,False,False,False
PRPE_crop,PRPE_0239.jpg,/data/JSM/06_2/PRPE_crop/PRPE_0239.jpg,4,0.3514,0.0,False,False,False
