filename,class,true_label,condition,mask_ratio,correct,confidence
ARSE_0179,ARSE_crop,0,full,0.0,1.0,0.9397
ARSE_0179,ARSE_crop,0,ig_mask,0.1,0.0,0.5229
ARSE_0179,ARSE_crop,0,random_mask,0.1,0.0,0.5797
ARSE_0179,ARSE_crop,0,fft_mask,0.1,0.0,0.3949
ARSE_0179,ARSE_crop,0,gabor_mask,0.1,0.0,0.6531
ARSE_0179,ARSE_crop,0,dt_mask,0.1,1.0,0.9362
ARSE_0179,ARSE_crop,0,ig_mask,0.2,0.0,0.9009
ARSE_0179,ARSE_crop,0,random_mask,0.2,0.0,0.704
ARSE_0179,ARSE_crop,0,fft_mask,0.2,0.0,0.8682
ARSE_0179,ARSE_crop,0,gabor_mask,0.2,0.0,0.918
ARSE_0179,ARSE_crop,0,dt_mask,0.2,1.0,0.9297
ARSE_0179,ARSE_crop,0,ig_mask,0.3,0.0,0.9458
ARSE_0179,ARSE_crop,0,random_mask,0.3,0.0,0.7998
ARSE_0179,ARSE_crop,0,fft_mask,0.3,0.0,0.7702
ARSE_0179,ARSE_crop,0,gabor_mask,0.3,0.0,0.9369
ARSE_0179,ARSE_crop,0,dt_mask,0.3,1.0,0.9144
ARSE_0157,ARSE_crop,0,full,0.0,1.0,0.9341
ARSE_0157,ARSE_crop,0,ig_mask,0.1,0.0,0.9307
ARSE_0157,ARSE_crop,0,random_mask,0.1,0.0,0.9339
ARSE_0157,ARSE_crop,0,fft_mask,0.1,0.0,0.8166
ARSE_0157,ARSE_crop,0,gabor_mask,0.1,0.0,0.6169
ARSE_0157,ARSE_crop,0,dt_mask,0.1,1.0,0.9226
ARSE_0157,ARSE_crop,0,ig_mask,0.2,0.0,0.9473
ARSE_0157,ARSE_crop,0,random_mask,0.2,0.0,0.9443
ARSE_0157,ARSE_crop,0,fft_mask,0.2,0.0,0.877
ARSE_0157,ARSE_crop,0,gabor_mask,0.2,0.0,0.8907
ARSE_0157,ARSE_crop,0,dt_mask,0.2,1.0,0.9158
ARSE_0157,ARSE_crop,0,ig_mask,0.3,0.0,0.9358
ARSE_0157,ARSE_crop,0,random_mask,0.3,0.0,0.9486
ARSE_0157,ARSE_crop,0,fft_mask,0.3,0.0,0.8166
ARSE_0157,ARSE_crop,0,gabor_mask,0.3,0.0,0.9426
ARSE_0157,ARSE_crop,0,dt_mask,0.3,1.0,0.7966
PRDA_0015,PRDA_crop,3,full,0.0,1.0,0.8218
PRDA_0015,PRDA_crop,3,ig_mask,0.1,0.0,0.9552
PRDA_0015,PRDA_crop,3,random_mask,0.1,0.2,0.7455
PRDA_0015,PRDA_crop,3,fft_mask,0.1,1.0,0.5538
PRDA_0015,PRDA_crop,3,gabor_mask,0.1,1.0,0.6971
PRDA_0015,PRDA_crop,3,dt_mask,0.1,1.0,0.7134
PRDA_0015,PRDA_crop,3,ig_mask,0.2,0.0,0.9579
PRDA_0015,PRDA_crop,3,random_mask,0.2,0.0,0.9127
PRDA_0015,PRDA_crop,3,fft_mask,0.2,0.0,0.4947
PRDA_0015,PRDA_crop,3,gabor_mask,0.2,0.0,0.7163
PRDA_0015,PRDA_crop,3,dt_mask,0.2,0.0,0.4795
PRDA_0015,PRDA_crop,3,ig_mask,0.3,0.0,0.9486
PRDA_0015,PRDA_crop,3,random_mask,0.3,0.0,0.9355
PRDA_0015,PRDA_crop,3,fft_mask,0.3,0.0,0.4205
PRDA_0015,PRDA_crop,3,gabor_mask,0.3,0.0,0.957
PRDA_0015,PRDA_crop,3,dt_mask,0.3,0.0,0.3759
PRPE_0035,PRPE_crop,4,full,0.0,1.0,0.935
PRPE_0035,PRPE_crop,4,ig_mask,0.1,1.0,0.963
PRPE_0035,PRPE_crop,4,random_mask,0.1,1.0,0.9447
PRPE_0035,PRPE_crop,4,fft_mask,0.1,1.0,0.7959
PRPE_0035,PRPE_crop,4,gabor_mask,0.1,1.0,0.9578
PRPE_0035,PRPE_crop,4,dt_mask,0.1,1.0,0.9378
PRPE_0035,PRPE_crop,4,ig_mask,0.2,1.0,0.9615
PRPE_0035,PRPE_crop,4,random_mask,0.2,1.0,0.9539
PRPE_0035,PRPE_crop,4,fft_mask,0.2,0.0,0.6936
PRPE_0035,PRPE_crop,4,gabor_mask,0.2,1.0,0.9487
PRPE_0035,PRPE_crop,4,dt_mask,0.2,1.0,0.9465
PRPE_0035,PRPE_crop,4,ig_mask,0.3,1.0,0.9562
PRPE_0035,PRPE_crop,4,random_mask,0.3,1.0,0.9586
PRPE_0035,PRPE_crop,4,fft_mask,0.3,0.0,0.5925
PRPE_0035,PRPE_crop,4,gabor_mask,0.3,1.0,0.897
PRPE_0035,PRPE_crop,4,dt_mask,0.3,1.0,0.9403
PJNA_0205,PJNA_crop,2,full,0.0,1.0,0.5806
PJNA_0205,PJNA_crop,2,ig_mask,0.1,0.0,0.9262
PJNA_0205,PJNA_crop,2,random_mask,0.1,0.0,0.7743
PJNA_0205,PJNA_crop,2,fft_mask,0.1,0.0,0.4358
PJNA_0205,PJNA_crop,2,gabor_mask,0.1,0.0,0.5945
PJNA_0205,PJNA_crop,2,dt_mask,0.1,1.0,0.7502
PJNA_0205,PJNA_crop,2,ig_mask,0.2,0.0,0.7227
PJNA_0205,PJNA_crop,2,random_mask,0.2,0.0,0.9113
PJNA_0205,PJNA_crop,2,fft_mask,0.2,1.0,0.8816
PJNA_0205,PJNA_crop,2,gabor_mask,0.2,0.0,0.675
PJNA_0205,PJNA_crop,2,dt_mask,0.2,1.0,0.8349
PJNA_0205,PJNA_crop,2,ig_mask,0.3,0.0,0.7821
PJNA_0205,PJNA_crop,2,random_mask,0.3,0.0,0.9354
PJNA_0205,PJNA_crop,2,fft_mask,0.3,1.0,0.7614
PJNA_0205,PJNA_crop,2,gabor_mask,0.3,0.0,0.9385
PJNA_0205,PJNA_crop,2,dt_mask,0.3,1.0,0.8604
PRDA_0100,PRDA_crop,3,full,0.0,1.0,0.8535
PRDA_0100,PRDA_crop,3,ig_mask,0.1,0.0,0.6303
PRDA_0100,PRDA_crop,3,random_mask,0.1,0.1,0.6064
PRDA_0100,PRDA_crop,3,fft_mask,0.1,1.0,0.7247
PRDA_0100,PRDA_crop,3,gabor_mask,0.1,1.0,0.4949
PRDA_0100,PRDA_crop,3,dt_mask,0.1,1.0,0.8188
PRDA_0100,PRDA_crop,3,ig_mask,0.2,0.0,0.6329
PRDA_0100,PRDA_crop,3,random_mask,0.2,0.0,0.8178
PRDA_0100,PRDA_crop,3,fft_mask,0.2,1.0,0.7546
PRDA_0100,PRDA_crop,3,gabor_mask,0.2,0.0,0.6925
PRDA_0100,PRDA_crop,3,dt_mask,0.2,1.0,0.7514
PRDA_0100,PRDA_crop,3,ig_mask,0.3,1.0,0.6515
PRDA_0100,PRDA_crop,3,random_mask,0.3,0.0,0.896
PRDA_0100,PRDA_crop,3,fft_mask,0.3,1.0,0.6445
PRDA_0100,PRDA_crop,3,gabor_mask,0.3,0.0,0.7959
PRDA_0100,PRDA_crop,3,dt_mask,0.3,1.0,0.6523
ARSS_0096,ARSS_crop,1,full,0.0,1.0,0.9789
ARSS_0096,ARSS_crop,1,ig_mask,0.1,0.0,0.4168
ARSS_0096,ARSS_crop,1,random_mask,0.1,0.0,0.7376
ARSS_0096,ARSS_crop,1,fft_mask,0.1,1.0,0.5099
ARSS_0096,ARSS_crop,1,gabor_mask,0.1,0.0,0.7579
ARSS_0096,ARSS_crop,1,dt_mask,0.1,1.0,0.974
ARSS_0096,ARSS_crop,1,ig_mask,0.2,0.0,0.8383
ARSS_0096,ARSS_crop,1,random_mask,0.2,0.0,0.639
ARSS_0096,ARSS_crop,1,fft_mask,0.2,0.0,0.462
ARSS_0096,ARSS_crop,1,gabor_mask,0.2,0.0,0.6865
ARSS_0096,ARSS_crop,1,dt_mask,0.2,1.0,0.9728
ARSS_0096,ARSS_crop,1,ig_mask,0.3,0.0,0.6387
ARSS_0096,ARSS_crop,1,random_mask,0.3,0.0,0.5518
ARSS_0096,ARSS_crop,1,fft_mask,0.3,0.0,0.7639
ARSS_0096,ARSS_crop,1,gabor_mask,0.3,0.0,0.926
ARSS_0096,ARSS_crop,1,dt_mask,0.3,1.0,0.9702
PRPE_0041,PRPE_crop,4,full,0.0,1.0,0.8654
PRPE_0041,PRPE_crop,4,ig_mask,0.1,1.0,0.9561
PRPE_0041,PRPE_crop,4,random_mask,0.1,1.0,0.9541
PRPE_0041,PRPE_crop,4,fft_mask,0.1,0.0,0.5581
PRPE_0041,PRPE_crop,4,gabor_mask,0.1,1.0,0.907
PRPE_0041,PRPE_crop,4,dt_mask,0.1,1.0,0.8853
PRPE_0041,PRPE_crop,4,ig_mask,0.2,1.0,0.9592
PRPE_0041,PRPE_crop,4,random_mask,0.2,1.0,0.9581
PRPE_0041,PRPE_crop,4,fft_mask,0.2,0.0,0.7477
PRPE_0041,PRPE_crop,4,gabor_mask,0.2,1.0,0.9184
PRPE_0041,PRPE_crop,4,dt_mask,0.2,1.0,0.8716
PRPE_0041,PRPE_crop,4,ig_mask,0.3,1.0,0.9593
PRPE_0041,PRPE_crop,4,random_mask,0.3,1.0,0.959
PRPE_0041,PRPE_crop,4,fft_mask,0.3,0.0,0.3716
PRPE_0041,PRPE_crop,4,gabor_mask,0.3,1.0,0.9341
PRPE_0041,PRPE_crop,4,dt_mask,0.3,1.0,0.8421
ARSS_0215,ARSS_crop,1,full,0.0,1.0,0.9746
ARSS_0215,ARSS_crop,1,ig_mask,0.1,1.0,0.6685
ARSS_0215,ARSS_crop,1,random_mask,0.1,0.0,0.5599
ARSS_0215,ARSS_crop,1,fft_mask,0.1,1.0,0.3888
ARSS_0215,ARSS_crop,1,gabor_mask,0.1,1.0,0.3571
ARSS_0215,ARSS_crop,1,dt_mask,0.1,1.0,0.9662
ARSS_0215,ARSS_crop,1,ig_mask,0.2,0.0,0.3978
ARSS_0215,ARSS_crop,1,random_mask,0.2,0.0,0.6445
ARSS_0215,ARSS_crop,1,fft_mask,0.2,0.0,0.4371
ARSS_0215,ARSS_crop,1,gabor_mask,0.2,0.0,0.9479
ARSS_0215,ARSS_crop,1,dt_mask,0.2,1.0,0.9382
ARSS_0215,ARSS_crop,1,ig_mask,0.3,0.0,0.4176
ARSS_0215,ARSS_crop,1,random_mask,0.3,0.0,0.7443
ARSS_0215,ARSS_crop,1,fft_mask,0.3,0.0,0.4676
ARSS_0215,ARSS_crop,1,gabor_mask,0.3,0.0,0.9547
ARSS_0215,ARSS_crop,1,dt_mask,0.3,1.0,0.9306
ARSE_0054,ARSE_crop,0,full,0.0,1.0,0.9308
ARSE_0054,ARSE_crop,0,ig_mask,0.1,0.0,0.9484
ARSE_0054,ARSE_crop,0,random_mask,0.1,0.0,0.9431
ARSE_0054,ARSE_crop,0,fft_mask,0.1,0.0,0.5725
ARSE_0054,ARSE_crop,0,gabor_mask,0.1,0.0,0.4062
ARSE_0054,ARSE_crop,0,dt_mask,0.1,1.0,0.9247
ARSE_0054,ARSE_crop,0,ig_mask,0.2,0.0,0.9523
ARSE_0054,ARSE_crop,0,random_mask,0.2,0.0,0.9405
ARSE_0054,ARSE_crop,0,fft_mask,0.2,0.0,0.8678
ARSE_0054,ARSE_crop,0,gabor_mask,0.2,0.0,0.9537
ARSE_0054,ARSE_crop,0,dt_mask,0.2,1.0,0.9189
ARSE_0054,ARSE_crop,0,ig_mask,0.3,0.0,0.9464
ARSE_0054,ARSE_crop,0,random_mask,0.3,0.0,0.949
ARSE_0054,ARSE_crop,0,fft_mask,0.3,0.0,0.8225
ARSE_0054,ARSE_crop,0,gabor_mask,0.3,0.0,0.9545
ARSE_0054,ARSE_crop,0,dt_mask,0.3,1.0,0.8843
PRDA_0064,PRDA_crop,3,full,0.0,1.0,0.8259
PRDA_0064,PRDA_crop,3,ig_mask,0.1,0.0,0.8957
PRDA_0064,PRDA_crop,3,random_mask,0.1,0.5,0.6314
PRDA_0064,PRDA_crop,3,fft_mask,0.1,0.0,0.4942
PRDA_0064,PRDA_crop,3,gabor_mask,0.1,1.0,0.7949
PRDA_0064,PRDA_crop,3,dt_mask,0.1,1.0,0.7158
PRDA_0064,PRDA_crop,3,ig_mask,0.2,0.0,0.9339
PRDA_0064,PRDA_crop,3,random_mask,0.2,0.1,0.6958
PRDA_0064,PRDA_crop,3,fft_mask,0.2,0.0,0.4996
PRDA_0064,PRDA_crop,3,gabor_mask,0.2,0.0,0.5945
PRDA_0064,PRDA_crop,3,dt_mask,0.2,1.0,0.4942
PRDA_0064,PRDA_crop,3,ig_mask,0.3,0.0,0.9385
PRDA_0064,PRDA_crop,3,random_mask,0.3,0.0,0.8217
PRDA_0064,PRDA_crop,3,fft_mask,0.3,0.0,0.4586
PRDA_0064,PRDA_crop,3,gabor_mask,0.3,0.0,0.9393
PRDA_0064,PRDA_crop,3,dt_mask,0.3,0.0,0.5095
PRPE_0151,PRPE_crop,4,full,0.0,1.0,0.9589
PRPE_0151,PRPE_crop,4,ig_mask,0.1,1.0,0.9599
PRPE_0151,PRPE_crop,4,random_mask,0.1,1.0,0.9507
PRPE_0151,PRPE_crop,4,fft_mask,0.1,1.0,0.9451
PRPE_0151,PRPE_crop,4,gabor_mask,0.1,1.0,0.9482
PRPE_0151,PRPE_crop,4,dt_mask,0.1,1.0,0.9551
PRPE_0151,PRPE_crop,4,ig_mask,0.2,1.0,0.9587
PRPE_0151,PRPE_crop,4,random_mask,0.2,1.0,0.9533
PRPE_0151,PRPE_crop,4,fft_mask,0.2,1.0,0.8763
PRPE_0151,PRPE_crop,4,gabor_mask,0.2,1.0,0.9082
PRPE_0151,PRPE_crop,4,dt_mask,0.2,1.0,0.892
PRPE_0151,PRPE_crop,4,ig_mask,0.3,1.0,0.9568
PRPE_0151,PRPE_crop,4,random_mask,0.3,1.0,0.9538
PRPE_0151,PRPE_crop,4,fft_mask,0.3,1.0,0.7784
PRPE_0151,PRPE_crop,4,gabor_mask,0.3,1.0,0.9369
PRPE_0151,PRPE_crop,4,dt_mask,0.3,1.0,0.7768
PRPE_0054,PRPE_crop,4,full,0.0,1.0,0.9637
PRPE_0054,PRPE_crop,4,ig_mask,0.1,1.0,0.9626
PRPE_0054,PRPE_crop,4,random_mask,0.1,1.0,0.9562
PRPE_0054,PRPE_crop,4,fft_mask,0.1,1.0,0.9323
PRPE_0054,PRPE_crop,4,gabor_mask,0.1,1.0,0.9586
PRPE_0054,PRPE_crop,4,dt_mask,0.1,1.0,0.9632
PRPE_0054,PRPE_crop,4,ig_mask,0.2,1.0,0.9609
PRPE_0054,PRPE_crop,4,random_mask,0.2,1.0,0.9572
PRPE_0054,PRPE_crop,4,fft_mask,0.2,1.0,0.8494
PRPE_0054,PRPE_crop,4,gabor_mask,0.2,1.0,0.9572
PRPE_0054,PRPE_crop,4,dt_mask,0.2,1.0,0.9623
PRPE_0054,PRPE_crop,4,ig_mask,0.3,1.0,0.9516
PRPE_0054,PRPE_crop,4,random_mask,0.3,1.0,0.9553
PRPE_0054,PRPE_crop,4,fft_mask,0.3,0.0,0.6616
PRPE_0054,PRPE_crop,4,gabor_mask,0.3,1.0,0.9473
PRPE_0054,PRPE_crop,4,dt_mask,0.3,1.0,0.9622
PRDA_0156,PRDA_crop,3,full,0.0,1.0,0.6802
PRDA_0156,PRDA_crop,3,ig_mask,0.1,0.0,0.9561
PRDA_0156,PRDA_crop,3,random_mask,0.1,0.1,0.7534
PRDA_0156,PRDA_crop,3,fft_mask,0.1,0.0,0.9234
PRDA_0156,PRDA_crop,3,gabor_mask,0.1,0.0,0.4302
PRDA_0156,PRDA_crop,3,dt_mask,0.1,0.0,0.8756
PRDA_0156,PRDA_crop,3,ig_mask,0.2,0.0,0.9542
PRDA_0156,PRDA_crop,3,random_mask,0.2,0.0,0.8816
PRDA_0156,PRDA_crop,3,fft_mask,0.2,1.0,0.5421
PRDA_0156,PRDA_crop,3,gabor_mask,0.2,0.0,0.7513
PRDA_0156,PRDA_crop,3,dt_mask,0.2,0.0,0.9249
PRDA_0156,PRDA_crop,3,ig_mask,0.3,0.0,0.9481
PRDA_0156,PRDA_crop,3,random_mask,0.3,0.0,0.9268
PRDA_0156,PRDA_crop,3,fft_mask,0.3,0.0,0.4538
PRDA_0156,PRDA_crop,3,gabor_mask,0.3,0.0,0.9236
PRDA_0156,PRDA_crop,3,dt_mask,0.3,0.0,0.9228
PRDA_0191,PRDA_crop,3,full,0.0,1.0,0.7702
PRDA_0191,PRDA_crop,3,ig_mask,0.1,0.0,0.9072
PRDA_0191,PRDA_crop,3,random_mask,0.1,0.7,0.5208
PRDA_0191,PRDA_crop,3,fft_mask,0.1,1.0,0.443
PRDA_0191,PRDA_crop,3,gabor_mask,0.1,0.0,0.5234
PRDA_0191,PRDA_crop,3,dt_mask,0.1,1.0,0.4629
PRDA_0191,PRDA_crop,3,ig_mask,0.2,0.0,0.93
PRDA_0191,PRDA_crop,3,random_mask,0.2,0.0,0.709
PRDA_0191,PRDA_crop,3,fft_mask,0.2,0.0,0.5601
PRDA_0191,PRDA_crop,3,gabor_mask,0.2,0.0,0.929
PRDA_0191,PRDA_crop,3,dt_mask,0.2,0.0,0.4836
PRDA_0191,PRDA_crop,3,ig_mask,0.3,0.0,0.9034
PRDA_0191,PRDA_crop,3,random_mask,0.3,0.0,0.8286
PRDA_0191,PRDA_crop,3,fft_mask,0.3,0.0,0.6857
PRDA_0191,PRDA_crop,3,gabor_mask,0.3,0.0,0.9223
PRDA_0191,PRDA_crop,3,dt_mask,0.3,0.0,0.464
PJNA_0028,PJNA_crop,2,full,0.0,1.0,0.9238
PJNA_0028,PJNA_crop,2,ig_mask,0.1,1.0,0.4089
PJNA_0028,PJNA_crop,2,random_mask,0.1,0.3,0.5765
PJNA_0028,PJNA_crop,2,fft_mask,0.1,1.0,0.8016
PJNA_0028,PJNA_crop,2,gabor_mask,0.1,1.0,0.8375
PJNA_0028,PJNA_crop,2,dt_mask,0.1,1.0,0.9214
PJNA_0028,PJNA_crop,2,ig_mask,0.2,0.0,0.6578
PJNA_0028,PJNA_crop,2,random_mask,0.2,0.0,0.7715
PJNA_0028,PJNA_crop,2,fft_mask,0.2,1.0,0.908
PJNA_0028,PJNA_crop,2,gabor_mask,0.2,0.0,0.7392
PJNA_0028,PJNA_crop,2,dt_mask,0.2,1.0,0.9195
PJNA_0028,PJNA_crop,2,ig_mask,0.3,0.0,0.8651
PJNA_0028,PJNA_crop,2,random_mask,0.3,0.0,0.8529
PJNA_0028,PJNA_crop,2,fft_mask,0.3,1.0,0.6753
PJNA_0028,PJNA_crop,2,gabor_mask,0.3,0.0,0.9111
PJNA_0028,PJNA_crop,2,dt_mask,0.3,1.0,0.9157
ARSE_0014,ARSE_crop,0,full,0.0,1.0,0.9453
ARSE_0014,ARSE_crop,0,ig_mask,0.1,0.0,0.9202
ARSE_0014,ARSE_crop,0,random_mask,0.1,0.0,0.913
ARSE_0014,ARSE_crop,0,fft_mask,0.1,0.0,0.3895
ARSE_0014,ARSE_crop,0,gabor_mask,0.1,0.0,0.4988
ARSE_0014,ARSE_crop,0,dt_mask,0.1,1.0,0.9361
ARSE_0014,ARSE_crop,0,ig_mask,0.2,0.0,0.9572
ARSE_0014,ARSE_crop,0,random_mask,0.2,0.0,0.9384
ARSE_0014,ARSE_crop,0,fft_mask,0.2,0.0,0.8349
ARSE_0014,ARSE_crop,0,gabor_mask,0.2,0.0,0.9525
ARSE_0014,ARSE_crop,0,dt_mask,0.2,1.0,0.9257
ARSE_0014,ARSE_crop,0,ig_mask,0.3,0.0,0.9553
ARSE_0014,ARSE_crop,0,random_mask,0.3,0.0,0.9424
ARSE_0014,ARSE_crop,0,fft_mask,0.3,0.0,0.7838
ARSE_0014,ARSE_crop,0,gabor_mask,0.3,0.0,0.9578
ARSE_0014,ARSE_crop,0,dt_mask,0.3,1.0,0.7877
PRDA_0133,PRDA_crop,3,full,0.0,1.0,0.7986
PRDA_0133,PRDA_crop,3,ig_mask,0.1,0.0,0.8852
PRDA_0133,PRDA_crop,3,random_mask,0.1,0.3,0.6223
PRDA_0133,PRDA_crop,3,fft_mask,0.1,1.0,0.5883
PRDA_0133,PRDA_crop,3,gabor_mask,0.1,0.0,0.6425
PRDA_0133,PRDA_crop,3,dt_mask,0.1,1.0,0.784
PRDA_0133,PRDA_crop,3,ig_mask,0.2,0.0,0.9478
PRDA_0133,PRDA_crop,3,random_mask,0.2,0.0,0.826
PRDA_0133,PRDA_crop,3,fft_mask,0.2,1.0,0.4756
PRDA_0133,PRDA_crop,3,gabor_mask,0.2,0.0,0.8897
PRDA_0133,PRDA_crop,3,dt_mask,0.2,1.0,0.7001
PRDA_0133,PRDA_crop,3,ig_mask,0.3,0.0,0.9462
PRDA_0133,PRDA_crop,3,random_mask,0.3,0.0,0.923
PRDA_0133,PRDA_crop,3,fft_mask,0.3,0.0,0.6198
PRDA_0133,PRDA_crop,3,gabor_mask,0.3,0.0,0.912
PRDA_0133,PRDA_crop,3,dt_mask,0.3,1.0,0.6626
PRPE_0025,PRPE_crop,4,full,0.0,1.0,0.9627
PRPE_0025,PRPE_crop,4,ig_mask,0.1,1.0,0.9562
PRPE_0025,PRPE_crop,4,random_mask,0.1,1.0,0.9563
PRPE_0025,PRPE_crop,4,fft_mask,0.1,1.0,0.955
PRPE_0025,PRPE_crop,4,gabor_mask,0.1,1.0,0.9608
PRPE_0025,PRPE_crop,4,dt_mask,0.1,1.0,0.9605
PRPE_0025,PRPE_crop,4,ig_mask,0.2,1.0,0.959
PRPE_0025,PRPE_crop,4,random_mask,0.2,1.0,0.9575
PRPE_0025,PRPE_crop,4,fft_mask,0.2,1.0,0.5642
PRPE_0025,PRPE_crop,4,gabor_mask,0.2,1.0,0.9544
PRPE_0025,PRPE_crop,4,dt_mask,0.2,1.0,0.9614
PRPE_0025,PRPE_crop,4,ig_mask,0.3,1.0,0.9597
PRPE_0025,PRPE_crop,4,random_mask,0.3,1.0,0.9592
PRPE_0025,PRPE_crop,4,fft_mask,0.3,0.0,0.6478
PRPE_0025,PRPE_crop,4,gabor_mask,0.3,1.0,0.9511
PRPE_0025,PRPE_crop,4,dt_mask,0.3,1.0,0.9399
ARSE_0102,ARSE_crop,0,full,0.0,1.0,0.916
ARSE_0102,ARSE_crop,0,ig_mask,0.1,0.0,0.4508
ARSE_0102,ARSE_crop,0,random_mask,0.1,0.0,0.7989
ARSE_0102,ARSE_crop,0,fft_mask,0.1,1.0,0.7872
ARSE_0102,ARSE_crop,0,gabor_mask,0.1,0.0,0.4714
ARSE_0102,ARSE_crop,0,dt_mask,0.1,1.0,0.934
ARSE_0102,ARSE_crop,0,ig_mask,0.2,0.0,0.7387
ARSE_0102,ARSE_crop,0,random_mask,0.2,0.0,0.7419
ARSE_0102,ARSE_crop,0,fft_mask,0.2,0.0,0.3996
ARSE_0102,ARSE_crop,0,gabor_mask,0.2,0.0,0.6504
ARSE_0102,ARSE_crop,0,dt_mask,0.2,1.0,0.913
ARSE_0102,ARSE_crop,0,ig_mask,0.3,0.0,0.7221
ARSE_0102,ARSE_crop,0,random_mask,0.3,0.0,0.6786
ARSE_0102,ARSE_crop,0,fft_mask,0.3,0.0,0.7224
ARSE_0102,ARSE_crop,0,gabor_mask,0.3,0.0,0.9068
ARSE_0102,ARSE_crop,0,dt_mask,0.3,1.0,0.866
PRPE_0100,PRPE_crop,4,full,0.0,1.0,0.9583
PRPE_0100,PRPE_crop,4,ig_mask,0.1,1.0,0.9643
PRPE_0100,PRPE_crop,4,random_mask,0.1,1.0,0.9075
PRPE_0100,PRPE_crop,4,fft_mask,0.1,1.0,0.9447
PRPE_0100,PRPE_crop,4,gabor_mask,0.1,1.0,0.9557
PRPE_0100,PRPE_crop,4,dt_mask,0.1,1.0,0.9625
PRPE_0100,PRPE_crop,4,ig_mask,0.2,1.0,0.9634
PRPE_0100,PRPE_crop,4,random_mask,0.2,1.0,0.9346
PRPE_0100,PRPE_crop,4,fft_mask,0.2,1.0,0.512
PRPE_0100,PRPE_crop,4,gabor_mask,0.2,1.0,0.9611
PRPE_0100,PRPE_crop,4,dt_mask,0.2,1.0,0.9599
PRPE_0100,PRPE_crop,4,ig_mask,0.3,1.0,0.954
PRPE_0100,PRPE_crop,4,random_mask,0.3,1.0,0.9412
PRPE_0100,PRPE_crop,4,fft_mask,0.3,0.0,0.7246
PRPE_0100,PRPE_crop,4,gabor_mask,0.3,1.0,0.9572
PRPE_0100,PRPE_crop,4,dt_mask,0.3,1.0,0.9438
ARSS_0163,ARSS_crop,1,full,0.0,1.0,0.9754
ARSS_0163,ARSS_crop,1,ig_mask,0.1,0.0,0.4814
ARSS_0163,ARSS_crop,1,random_mask,0.1,0.0,0.9139
ARSS_0163,ARSS_crop,1,fft_mask,0.1,0.0,0.7717
ARSS_0163,ARSS_crop,1,gabor_mask,0.1,1.0,0.532
ARSS_0163,ARSS_crop,1,dt_mask,0.1,1.0,0.9716
ARSS_0163,ARSS_crop,1,ig_mask,0.2,0.0,0.9243
ARSS_0163,ARSS_crop,1,random_mask,0.2,0.0,0.9353
ARSS_0163,ARSS_crop,1,fft_mask,0.2,0.0,0.8612
ARSS_0163,ARSS_crop,1,gabor_mask,0.2,0.0,0.9278
ARSS_0163,ARSS_crop,1,dt_mask,0.2,1.0,0.9699
ARSS_0163,ARSS_crop,1,ig_mask,0.3,0.0,0.9473
ARSS_0163,ARSS_crop,1,random_mask,0.3,0.0,0.9433
ARSS_0163,ARSS_crop,1,fft_mask,0.3,0.0,0.687
ARSS_0163,ARSS_crop,1,gabor_mask,0.3,0.0,0.9344
ARSS_0163,ARSS_crop,1,dt_mask,0.3,1.0,0.9662
PJNA_0153,PJNA_crop,2,full,0.0,1.0,0.9261
PJNA_0153,PJNA_crop,2,ig_mask,0.1,1.0,0.4464
PJNA_0153,PJNA_crop,2,random_mask,0.1,0.2,0.6367
PJNA_0153,PJNA_crop,2,fft_mask,0.1,1.0,0.8853
PJNA_0153,PJNA_crop,2,gabor_mask,0.1,1.0,0.9105
PJNA_0153,PJNA_crop,2,dt_mask,0.1,1.0,0.9213
PJNA_0153,PJNA_crop,2,ig_mask,0.2,0.0,0.9105
PJNA_0153,PJNA_crop,2,random_mask,0.2,0.0,0.8724
PJNA_0153,PJNA_crop,2,fft_mask,0.2,1.0,0.901
PJNA_0153,PJNA_crop,2,gabor_mask,0.2,1.0,0.8785
PJNA_0153,PJNA_crop,2,dt_mask,0.2,1.0,0.9178
PJNA_0153,PJNA_crop,2,ig_mask,0.3,0.0,0.925
PJNA_0153,PJNA_crop,2,random_mask,0.3,0.0,0.8835
PJNA_0153,PJNA_crop,2,fft_mask,0.3,1.0,0.8472
PJNA_0153,PJNA_crop,2,gabor_mask,0.3,1.0,0.6095
PJNA_0153,PJNA_crop,2,dt_mask,0.3,1.0,0.9061
ARSS_0147,ARSS_crop,1,full,0.0,1.0,0.9819
ARSS_0147,ARSS_crop,1,ig_mask,0.1,0.0,0.5335
ARSS_0147,ARSS_crop,1,random_mask,0.1,0.0,0.5919
ARSS_0147,ARSS_crop,1,fft_mask,0.1,0.0,0.4525
ARSS_0147,ARSS_crop,1,gabor_mask,0.1,1.0,0.7407
ARSS_0147,ARSS_crop,1,dt_mask,0.1,1.0,0.9795
ARSS_0147,ARSS_crop,1,ig_mask,0.2,0.0,0.8903
ARSS_0147,ARSS_crop,1,random_mask,0.2,0.0,0.8637
ARSS_0147,ARSS_crop,1,fft_mask,0.2,0.0,0.615
ARSS_0147,ARSS_crop,1,gabor_mask,0.2,0.0,0.9366
ARSS_0147,ARSS_crop,1,dt_mask,0.2,1.0,0.9758
ARSS_0147,ARSS_crop,1,ig_mask,0.3,0.0,0.8757
ARSS_0147,ARSS_crop,1,random_mask,0.3,0.0,0.8933
ARSS_0147,ARSS_crop,1,fft_mask,0.3,0.0,0.5096
ARSS_0147,ARSS_crop,1,gabor_mask,0.3,0.0,0.9627
ARSS_0147,ARSS_crop,1,dt_mask,0.3,1.0,0.9699
PRDA_0046,PRDA_crop,3,full,0.0,1.0,0.751
PRDA_0046,PRDA_crop,3,ig_mask,0.1,0.0,0.9398
PRDA_0046,PRDA_crop,3,random_mask,0.1,0.0,0.7942
PRDA_0046,PRDA_crop,3,fft_mask,0.1,0.0,0.4803
PRDA_0046,PRDA_crop,3,gabor_mask,0.1,0.0,0.5133
PRDA_0046,PRDA_crop,3,dt_mask,0.1,1.0,0.6841
PRDA_0046,PRDA_crop,3,ig_mask,0.2,0.0,0.9238
PRDA_0046,PRDA_crop,3,random_mask,0.2,0.0,0.9067
PRDA_0046,PRDA_crop,3,fft_mask,0.2,0.0,0.8567
PRDA_0046,PRDA_crop,3,gabor_mask,0.2,0.0,0.8732
PRDA_0046,PRDA_crop,3,dt_mask,0.2,1.0,0.586
PRDA_0046,PRDA_crop,3,ig_mask,0.3,0.0,0.7995
PRDA_0046,PRDA_crop,3,random_mask,0.3,0.0,0.9031
PRDA_0046,PRDA_crop,3,fft_mask,0.3,0.0,0.5175
PRDA_0046,PRDA_crop,3,gabor_mask,0.3,0.0,0.6284
PRDA_0046,PRDA_crop,3,dt_mask,0.3,0.0,0.5827
ARSS_0069,ARSS_crop,1,full,0.0,1.0,0.9822
ARSS_0069,ARSS_crop,1,ig_mask,0.1,0.0,0.4236
ARSS_0069,ARSS_crop,1,random_mask,0.1,0.0,0.5056
ARSS_0069,ARSS_crop,1,fft_mask,0.1,0.0,0.3336
ARSS_0069,ARSS_crop,1,gabor_mask,0.1,0.0,0.6808
ARSS_0069,ARSS_crop,1,dt_mask,0.1,1.0,0.9793
ARSS_0069,ARSS_crop,1,ig_mask,0.2,0.0,0.8727
ARSS_0069,ARSS_crop,1,random_mask,0.2,0.0,0.6808
ARSS_0069,ARSS_crop,1,fft_mask,0.2,0.0,0.8726
ARSS_0069,ARSS_crop,1,gabor_mask,0.2,0.0,0.9254
ARSS_0069,ARSS_crop,1,dt_mask,0.2,1.0,0.9772
ARSS_0069,ARSS_crop,1,ig_mask,0.3,0.0,0.7179
ARSS_0069,ARSS_crop,1,random_mask,0.3,0.0,0.7432
ARSS_0069,ARSS_crop,1,fft_mask,0.3,0.0,0.606
ARSS_0069,ARSS_crop,1,gabor_mask,0.3,0.0,0.954
ARSS_0069,ARSS_crop,1,dt_mask,0.3,1.0,0.9742
PRDA_0059,PRDA_crop,3,full,0.0,1.0,0.8126
PRDA_0059,PRDA_crop,3,ig_mask,0.1,0.0,0.7226
PRDA_0059,PRDA_crop,3,random_mask,0.1,0.8,0.583
PRDA_0059,PRDA_crop,3,fft_mask,0.1,0.0,0.595
PRDA_0059,PRDA_crop,3,gabor_mask,0.1,1.0,0.827
PRDA_0059,PRDA_crop,3,dt_mask,0.1,1.0,0.6585
PRDA_0059,PRDA_crop,3,ig_mask,0.2,0.0,0.8475
PRDA_0059,PRDA_crop,3,random_mask,0.2,0.0,0.6613
PRDA_0059,PRDA_crop,3,fft_mask,0.2,1.0,0.5786
PRDA_0059,PRDA_crop,3,gabor_mask,0.2,1.0,0.6389
PRDA_0059,PRDA_crop,3,dt_mask,0.2,1.0,0.4128
PRDA_0059,PRDA_crop,3,ig_mask,0.3,0.0,0.8094
PRDA_0059,PRDA_crop,3,random_mask,0.3,0.0,0.7702
PRDA_0059,PRDA_crop,3,fft_mask,0.3,0.0,0.5867
PRDA_0059,PRDA_crop,3,gabor_mask,0.3,0.0,0.5997
PRDA_0059,PRDA_crop,3,dt_mask,0.3,1.0,0.4417
PJNA_0075,PJNA_crop,2,full,0.0,1.0,0.9228
PJNA_0075,PJNA_crop,2,ig_mask,0.1,1.0,0.768
PJNA_0075,PJNA_crop,2,random_mask,0.1,1.0,0.694
PJNA_0075,PJNA_crop,2,fft_mask,0.1,1.0,0.844
PJNA_0075,PJNA_crop,2,gabor_mask,0.1,1.0,0.8991
PJNA_0075,PJNA_crop,2,dt_mask,0.1,1.0,0.9188
PJNA_0075,PJNA_crop,2,ig_mask,0.2,0.0,0.4505
PJNA_0075,PJNA_crop,2,random_mask,0.2,0.6,0.645
PJNA_0075,PJNA_crop,2,fft_mask,0.2,1.0,0.9062
PJNA_0075,PJNA_crop,2,gabor_mask,0.2,1.0,0.895
PJNA_0075,PJNA_crop,2,dt_mask,0.2,1.0,0.9177
PJNA_0075,PJNA_crop,2,ig_mask,0.3,0.0,0.8762
PJNA_0075,PJNA_crop,2,random_mask,0.3,0.0,0.7657
PJNA_0075,PJNA_crop,2,fft_mask,0.3,0.0,0.4929
PJNA_0075,PJNA_crop,2,gabor_mask,0.3,1.0,0.8561
PJNA_0075,PJNA_crop,2,dt_mask,0.3,1.0,0.9108
PJNA_0033,PJNA_crop,2,full,0.0,1.0,0.9155
PJNA_0033,PJNA_crop,2,ig_mask,0.1,0.0,0.9346
PJNA_0033,PJNA_crop,2,random_mask,0.1,0.0,0.9093
PJNA_0033,PJNA_crop,2,fft_mask,0.1,1.0,0.9052
PJNA_0033,PJNA_crop,2,gabor_mask,0.1,0.0,0.5219
PJNA_0033,PJNA_crop,2,dt_mask,0.1,1.0,0.9078
PJNA_0033,PJNA_crop,2,ig_mask,0.2,0.0,0.9331
PJNA_0033,PJNA_crop,2,random_mask,0.2,0.0,0.9415
PJNA_0033,PJNA_crop,2,fft_mask,0.2,1.0,0.902
PJNA_0033,PJNA_crop,2,gabor_mask,0.2,0.0,0.6909
PJNA_0033,PJNA_crop,2,dt_mask,0.2,1.0,0.9021
PJNA_0033,PJNA_crop,2,ig_mask,0.3,0.0,0.9376
PJNA_0033,PJNA_crop,2,random_mask,0.3,0.0,0.9443
PJNA_0033,PJNA_crop,2,fft_mask,0.3,1.0,0.5685
PJNA_0033,PJNA_crop,2,gabor_mask,0.3,0.0,0.9326
PJNA_0033,PJNA_crop,2,dt_mask,0.3,1.0,0.8887
PJNA_0190,PJNA_crop,2,full,0.0,1.0,0.9242
PJNA_0190,PJNA_crop,2,ig_mask,0.1,0.0,0.4667
PJNA_0190,PJNA_crop,2,random_mask,0.1,1.0,0.6173
PJNA_0190,PJNA_crop,2,fft_mask,0.1,1.0,0.8762
PJNA_0190,PJNA_crop,2,gabor_mask,0.1,1.0,0.8862
PJNA_0190,PJNA_crop,2,dt_mask,0.1,1.0,0.9104
PJNA_0190,PJNA_crop,2,ig_mask,0.2,0.0,0.8812
PJNA_0190,PJNA_crop,2,random_mask,0.2,0.7,0.5573
PJNA_0190,PJNA_crop,2,fft_mask,0.2,1.0,0.8336
PJNA_0190,PJNA_crop,2,gabor_mask,0.2,0.0,0.873
PJNA_0190,PJNA_crop,2,dt_mask,0.2,1.0,0.918
PJNA_0190,PJNA_crop,2,ig_mask,0.3,0.0,0.9231
PJNA_0190,PJNA_crop,2,random_mask,0.3,0.1,0.7184
PJNA_0190,PJNA_crop,2,fft_mask,0.3,1.0,0.8408
PJNA_0190,PJNA_crop,2,gabor_mask,0.3,0.0,0.9451
PJNA_0190,PJNA_crop,2,dt_mask,0.3,1.0,0.9138
PJNA_0022,PJNA_crop,2,full,0.0,1.0,0.9261
PJNA_0022,PJNA_crop,2,ig_mask,0.1,0.0,0.5492
PJNA_0022,PJNA_crop,2,random_mask,0.1,0.1,0.7197
PJNA_0022,PJNA_crop,2,fft_mask,0.1,1.0,0.8841
PJNA_0022,PJNA_crop,2,gabor_mask,0.1,1.0,0.8872
PJNA_0022,PJNA_crop,2,dt_mask,0.1,1.0,0.9214
PJNA_0022,PJNA_crop,2,ig_mask,0.2,0.0,0.7371
PJNA_0022,PJNA_crop,2,random_mask,0.2,0.0,0.8842
PJNA_0022,PJNA_crop,2,fft_mask,0.2,1.0,0.8843
PJNA_0022,PJNA_crop,2,gabor_mask,0.2,1.0,0.6494
PJNA_0022,PJNA_crop,2,dt_mask,0.2,1.0,0.9182
PJNA_0022,PJNA_crop,2,ig_mask,0.3,0.0,0.846
PJNA_0022,PJNA_crop,2,random_mask,0.3,0.0,0.9153
PJNA_0022,PJNA_crop,2,fft_mask,0.3,1.0,0.8763
PJNA_0022,PJNA_crop,2,gabor_mask,0.3,0.0,0.9341
PJNA_0022,PJNA_crop,2,dt_mask,0.3,1.0,0.9139
PJNA_0143,PJNA_crop,2,full,0.0,1.0,0.9162
PJNA_0143,PJNA_crop,2,ig_mask,0.1,0.0,0.5067
PJNA_0143,PJNA_crop,2,random_mask,0.1,1.0,0.5685
PJNA_0143,PJNA_crop,2,fft_mask,0.1,1.0,0.8445
PJNA_0143,PJNA_crop,2,gabor_mask,0.1,1.0,0.8521
PJNA_0143,PJNA_crop,2,dt_mask,0.1,1.0,0.9151
PJNA_0143,PJNA_crop,2,ig_mask,0.2,0.0,0.8637
PJNA_0143,PJNA_crop,2,random_mask,0.2,0.7,0.572
PJNA_0143,PJNA_crop,2,fft_mask,0.2,1.0,0.8939
PJNA_0143,PJNA_crop,2,gabor_mask,0.2,1.0,0.7196
PJNA_0143,PJNA_crop,2,dt_mask,0.2,1.0,0.9131
PJNA_0143,PJNA_crop,2,ig_mask,0.3,0.0,0.9075
PJNA_0143,PJNA_crop,2,random_mask,0.3,0.1,0.7245
PJNA_0143,PJNA_crop,2,fft_mask,0.3,0.0,0.7795
PJNA_0143,PJNA_crop,2,gabor_mask,0.3,1.0,0.7326
PJNA_0143,PJNA_crop,2,dt_mask,0.3,1.0,0.911
PRDA_0029,PRDA_crop,3,full,0.0,1.0,0.7985
PRDA_0029,PRDA_crop,3,ig_mask,0.1,0.0,0.9302
PRDA_0029,PRDA_crop,3,random_mask,0.1,0.0,0.6973
PRDA_0029,PRDA_crop,3,fft_mask,0.1,1.0,0.636
PRDA_0029,PRDA_crop,3,gabor_mask,0.1,0.0,0.756
PRDA_0029,PRDA_crop,3,dt_mask,0.1,1.0,0.5392
PRDA_0029,PRDA_crop,3,ig_mask,0.2,0.0,0.9587
PRDA_0029,PRDA_crop,3,random_mask,0.2,0.0,0.8884
PRDA_0029,PRDA_crop,3,fft_mask,0.2,1.0,0.7621
PRDA_0029,PRDA_crop,3,gabor_mask,0.2,0.0,0.9258
PRDA_0029,PRDA_crop,3,dt_mask,0.2,0.0,0.888
PRDA_0029,PRDA_crop,3,ig_mask,0.3,0.0,0.9618
PRDA_0029,PRDA_crop,3,random_mask,0.3,0.0,0.9369
PRDA_0029,PRDA_crop,3,fft_mask,0.3,0.0,0.3332
PRDA_0029,PRDA_crop,3,gabor_mask,0.3,0.0,0.9621
PRDA_0029,PRDA_crop,3,dt_mask,0.3,0.0,0.7776
ARSE_0021,ARSE_crop,0,full,0.0,1.0,0.9477
ARSE_0021,ARSE_crop,0,ig_mask,0.1,0.0,0.8691
ARSE_0021,ARSE_crop,0,random_mask,0.1,0.0,0.8651
ARSE_0021,ARSE_crop,0,fft_mask,0.1,0.0,0.6594
ARSE_0021,ARSE_crop,0,gabor_mask,0.1,1.0,0.4707
ARSE_0021,ARSE_crop,0,dt_mask,0.1,1.0,0.9377
ARSE_0021,ARSE_crop,0,ig_mask,0.2,0.0,0.9418
ARSE_0021,ARSE_crop,0,random_mask,0.2,0.0,0.8997
ARSE_0021,ARSE_crop,0,fft_mask,0.2,0.0,0.8441
ARSE_0021,ARSE_crop,0,gabor_mask,0.2,0.0,0.9164
ARSE_0021,ARSE_crop,0,dt_mask,0.2,1.0,0.9278
ARSE_0021,ARSE_crop,0,ig_mask,0.3,0.0,0.9503
ARSE_0021,ARSE_crop,0,random_mask,0.3,0.0,0.8902
ARSE_0021,ARSE_crop,0,fft_mask,0.3,0.0,0.6428
ARSE_0021,ARSE_crop,0,gabor_mask,0.3,0.0,0.9627
ARSE_0021,ARSE_crop,0,dt_mask,0.3,1.0,0.8655
PJNA_0032,PJNA_crop,2,full,0.0,1.0,0.9115
PJNA_0032,PJNA_crop,2,ig_mask,0.1,1.0,0.4812
PJNA_0032,PJNA_crop,2,random_mask,0.1,0.8,0.4524
PJNA_0032,PJNA_crop,2,fft_mask,0.1,1.0,0.7831
PJNA_0032,PJNA_crop,2,gabor_mask,0.1,1.0,0.7611
PJNA_0032,PJNA_crop,2,dt_mask,0.1,1.0,0.9089
PJNA_0032,PJNA_crop,2,ig_mask,0.2,0.0,0.8362
PJNA_0032,PJNA_crop,2,random_mask,0.2,0.1,0.689
PJNA_0032,PJNA_crop,2,fft_mask,0.2,1.0,0.8583
PJNA_0032,PJNA_crop,2,gabor_mask,0.2,0.0,0.4737
PJNA_0032,PJNA_crop,2,dt_mask,0.2,1.0,0.8961
PJNA_0032,PJNA_crop,2,ig_mask,0.3,0.0,0.9334
PJNA_0032,PJNA_crop,2,random_mask,0.3,0.0,0.8581
PJNA_0032,PJNA_crop,2,fft_mask,0.3,0.0,0.7797
PJNA_0032,PJNA_crop,2,gabor_mask,0.3,0.0,0.8994
PJNA_0032,PJNA_crop,2,dt_mask,0.3,1.0,0.893
PJNA_0222,PJNA_crop,2,full,0.0,1.0,0.9198
PJNA_0222,PJNA_crop,2,ig_mask,0.1,0.0,0.8926
PJNA_0222,PJNA_crop,2,random_mask,0.1,0.2,0.7291
PJNA_0222,PJNA_crop,2,fft_mask,0.1,1.0,0.8791
PJNA_0222,PJNA_crop,2,gabor_mask,0.1,1.0,0.8682
PJNA_0222,PJNA_crop,2,dt_mask,0.1,1.0,0.9161
PJNA_0222,PJNA_crop,2,ig_mask,0.2,0.0,0.9413
PJNA_0222,PJNA_crop,2,random_mask,0.2,0.0,0.8504
PJNA_0222,PJNA_crop,2,fft_mask,0.2,1.0,0.8784
PJNA_0222,PJNA_crop,2,gabor_mask,0.2,0.0,0.9271
PJNA_0222,PJNA_crop,2,dt_mask,0.2,1.0,0.9094
PJNA_0222,PJNA_crop,2,ig_mask,0.3,0.0,0.9485
PJNA_0222,PJNA_crop,2,random_mask,0.3,0.0,0.8993
PJNA_0222,PJNA_crop,2,fft_mask,0.3,1.0,0.8844
PJNA_0222,PJNA_crop,2,gabor_mask,0.3,0.0,0.9447
PJNA_0222,PJNA_crop,2,dt_mask,0.3,1.0,0.912
PRDA_0091,PRDA_crop,3,full,0.0,1.0,0.7727
PRDA_0091,PRDA_crop,3,ig_mask,0.1,0.0,0.9485
PRDA_0091,PRDA_crop,3,random_mask,0.1,0.0,0.9277
PRDA_0091,PRDA_crop,3,fft_mask,0.1,1.0,0.6581
PRDA_0091,PRDA_crop,3,gabor_mask,0.1,0.0,0.5607
PRDA_0091,PRDA_crop,3,dt_mask,0.1,1.0,0.5927
PRDA_0091,PRDA_crop,3,ig_mask,0.2,0.0,0.952
PRDA_0091,PRDA_crop,3,random_mask,0.2,0.0,0.9505
PRDA_0091,PRDA_crop,3,fft_mask,0.2,0.0,0.4832
PRDA_0091,PRDA_crop,3,gabor_mask,0.2,0.0,0.9221
PRDA_0091,PRDA_crop,3,dt_mask,0.2,0.0,0.5009
PRDA_0091,PRDA_crop,3,ig_mask,0.3,0.0,0.9513
PRDA_0091,PRDA_crop,3,random_mask,0.3,0.0,0.9557
PRDA_0091,PRDA_crop,3,fft_mask,0.3,0.0,0.7064
PRDA_0091,PRDA_crop,3,gabor_mask,0.3,0.0,0.9513
PRDA_0091,PRDA_crop,3,dt_mask,0.3,0.0,0.4799
ARSE_0121,ARSE_crop,0,full,0.0,1.0,0.9364
ARSE_0121,ARSE_crop,0,ig_mask,0.1,0.0,0.5162
ARSE_0121,ARSE_crop,0,random_mask,0.1,0.0,0.714
ARSE_0121,ARSE_crop,0,fft_mask,0.1,0.0,0.4045
ARSE_0121,ARSE_crop,0,gabor_mask,0.1,0.0,0.4125
ARSE_0121,ARSE_crop,0,dt_mask,0.1,1.0,0.9382
ARSE_0121,ARSE_crop,0,ig_mask,0.2,0.0,0.466
ARSE_0121,ARSE_crop,0,random_mask,0.2,0.0,0.8135
ARSE_0121,ARSE_crop,0,fft_mask,0.2,0.0,0.8405
ARSE_0121,ARSE_crop,0,gabor_mask,0.2,0.0,0.9243
ARSE_0121,ARSE_crop,0,dt_mask,0.2,1.0,0.9308
ARSE_0121,ARSE_crop,0,ig_mask,0.3,0.0,0.894
ARSE_0121,ARSE_crop,0,random_mask,0.3,0.0,0.9116
ARSE_0121,ARSE_crop,0,fft_mask,0.3,0.0,0.8596
ARSE_0121,ARSE_crop,0,gabor_mask,0.3,0.0,0.9507
ARSE_0121,ARSE_crop,0,dt_mask,0.3,1.0,0.9158
PJNA_0079,PJNA_crop,2,full,0.0,1.0,0.9229
PJNA_0079,PJNA_crop,2,ig_mask,0.1,1.0,0.6267
PJNA_0079,PJNA_crop,2,random_mask,0.1,0.7,0.5701
PJNA_0079,PJNA_crop,2,fft_mask,0.1,1.0,0.9063
PJNA_0079,PJNA_crop,2,gabor_mask,0.1,1.0,0.8853
PJNA_0079,PJNA_crop,2,dt_mask,0.1,1.0,0.9138
PJNA_0079,PJNA_crop,2,ig_mask,0.2,0.0,0.747
PJNA_0079,PJNA_crop,2,random_mask,0.2,0.0,0.8028
PJNA_0079,PJNA_crop,2,fft_mask,0.2,1.0,0.874
PJNA_0079,PJNA_crop,2,gabor_mask,0.2,1.0,0.8972
PJNA_0079,PJNA_crop,2,dt_mask,0.2,1.0,0.9
PJNA_0079,PJNA_crop,2,ig_mask,0.3,0.0,0.9035
PJNA_0079,PJNA_crop,2,random_mask,0.3,0.0,0.9138
PJNA_0079,PJNA_crop,2,fft_mask,0.3,1.0,0.8629
PJNA_0079,PJNA_crop,2,gabor_mask,0.3,0.0,0.5099
PJNA_0079,PJNA_crop,2,dt_mask,0.3,1.0,0.9016
PJNA_0085,PJNA_crop,2,full,0.0,1.0,0.9242
PJNA_0085,PJNA_crop,2,ig_mask,0.1,1.0,0.3919
PJNA_0085,PJNA_crop,2,random_mask,0.1,0.4,0.4726
PJNA_0085,PJNA_crop,2,fft_mask,0.1,1.0,0.8969
PJNA_0085,PJNA_crop,2,gabor_mask,0.1,1.0,0.893
PJNA_0085,PJNA_crop,2,dt_mask,0.1,1.0,0.9195
PJNA_0085,PJNA_crop,2,ig_mask,0.2,0.0,0.8754
PJNA_0085,PJNA_crop,2,random_mask,0.2,0.0,0.7836
PJNA_0085,PJNA_crop,2,fft_mask,0.2,1.0,0.897
PJNA_0085,PJNA_crop,2,gabor_mask,0.2,1.0,0.8264
PJNA_0085,PJNA_crop,2,dt_mask,0.2,1.0,0.9126
PJNA_0085,PJNA_crop,2,ig_mask,0.3,0.0,0.9376
PJNA_0085,PJNA_crop,2,random_mask,0.3,0.0,0.8399
PJNA_0085,PJNA_crop,2,fft_mask,0.3,0.0,0.7795
PJNA_0085,PJNA_crop,2,gabor_mask,0.3,0.0,0.8537
PJNA_0085,PJNA_crop,2,dt_mask,0.3,1.0,0.9063
PRDA_0177,PRDA_crop,3,full,0.0,1.0,0.8495
PRDA_0177,PRDA_crop,3,ig_mask,0.1,0.0,0.8825
PRDA_0177,PRDA_crop,3,random_mask,0.1,0.8,0.6277
PRDA_0177,PRDA_crop,3,fft_mask,0.1,1.0,0.8023
PRDA_0177,PRDA_crop,3,gabor_mask,0.1,1.0,0.7999
PRDA_0177,PRDA_crop,3,dt_mask,0.1,1.0,0.8162
PRDA_0177,PRDA_crop,3,ig_mask,0.2,0.0,0.9269
PRDA_0177,PRDA_crop,3,random_mask,0.2,0.2,0.5937
PRDA_0177,PRDA_crop,3,fft_mask,0.2,0.0,0.5297
PRDA_0177,PRDA_crop,3,gabor_mask,0.2,0.0,0.7126
PRDA_0177,PRDA_crop,3,dt_mask,0.2,1.0,0.776
PRDA_0177,PRDA_crop,3,ig_mask,0.3,0.0,0.9448
PRDA_0177,PRDA_crop,3,random_mask,0.3,0.1,0.6935
PRDA_0177,PRDA_crop,3,fft_mask,0.3,0.0,0.584
PRDA_0177,PRDA_crop,3,gabor_mask,0.3,0.0,0.8944
PRDA_0177,PRDA_crop,3,dt_mask,0.3,1.0,0.7056
PJNA_0009,PJNA_crop,2,full,0.0,1.0,0.9445
PJNA_0009,PJNA_crop,2,ig_mask,0.1,0.0,0.6615
PJNA_0009,PJNA_crop,2,random_mask,0.1,0.0,0.7507
PJNA_0009,PJNA_crop,2,fft_mask,0.1,1.0,0.9399
PJNA_0009,PJNA_crop,2,gabor_mask,0.1,1.0,0.9326
PJNA_0009,PJNA_crop,2,dt_mask,0.1,1.0,0.9411
PJNA_0009,PJNA_crop,2,ig_mask,0.2,0.0,0.8797
PJNA_0009,PJNA_crop,2,random_mask,0.2,0.0,0.8783
PJNA_0009,PJNA_crop,2,fft_mask,0.2,1.0,0.9313
PJNA_0009,PJNA_crop,2,gabor_mask,0.2,1.0,0.8744
PJNA_0009,PJNA_crop,2,dt_mask,0.2,1.0,0.9376
PJNA_0009,PJNA_crop,2,ig_mask,0.3,0.0,0.9281
PJNA_0009,PJNA_crop,2,random_mask,0.3,0.0,0.8833
PJNA_0009,PJNA_crop,2,fft_mask,0.3,1.0,0.9234
PJNA_0009,PJNA_crop,2,gabor_mask,0.3,0.0,0.4935
PJNA_0009,PJNA_crop,2,dt_mask,0.3,1.0,0.9351
PRDA_0101,PRDA_crop,3,full,0.0,1.0,0.7508
PRDA_0101,PRDA_crop,3,ig_mask,0.1,0.0,0.9011
PRDA_0101,PRDA_crop,3,random_mask,0.1,0.2,0.5973
PRDA_0101,PRDA_crop,3,fft_mask,0.1,1.0,0.3916
PRDA_0101,PRDA_crop,3,gabor_mask,0.1,1.0,0.4376
PRDA_0101,PRDA_crop,3,dt_mask,0.1,1.0,0.743
PRDA_0101,PRDA_crop,3,ig_mask,0.2,0.0,0.9232
PRDA_0101,PRDA_crop,3,random_mask,0.2,0.0,0.8364
PRDA_0101,PRDA_crop,3,fft_mask,0.2,1.0,0.5565
PRDA_0101,PRDA_crop,3,gabor_mask,0.2,0.0,0.7157
PRDA_0101,PRDA_crop,3,dt_mask,0.2,1.0,0.6378
PRDA_0101,PRDA_crop,3,ig_mask,0.3,0.0,0.8867
PRDA_0101,PRDA_crop,3,random_mask,0.3,0.0,0.9159
PRDA_0101,PRDA_crop,3,fft_mask,0.3,0.0,0.5152
PRDA_0101,PRDA_crop,3,gabor_mask,0.3,0.0,0.9058
PRDA_0101,PRDA_crop,3,dt_mask,0.3,1.0,0.4846
ARSS_0182,ARSS_crop,1,full,0.0,1.0,0.982
ARSS_0182,ARSS_crop,1,ig_mask,0.1,0.0,0.9476
ARSS_0182,ARSS_crop,1,random_mask,0.1,0.0,0.9461
ARSS_0182,ARSS_crop,1,fft_mask,0.1,1.0,0.6063
ARSS_0182,ARSS_crop,1,gabor_mask,0.1,1.0,0.9171
ARSS_0182,ARSS_crop,1,dt_mask,0.1,1.0,0.9782
ARSS_0182,ARSS_crop,1,ig_mask,0.2,0.0,0.9364
ARSS_0182,ARSS_crop,1,random_mask,0.2,0.0,0.9557
ARSS_0182,ARSS_crop,1,fft_mask,0.2,0.0,0.4435
ARSS_0182,ARSS_crop,1,gabor_mask,0.2,0.0,0.922
ARSS_0182,ARSS_crop,1,dt_mask,0.2,1.0,0.9775
ARSS_0182,ARSS_crop,1,ig_mask,0.3,0.0,0.9235
ARSS_0182,ARSS_crop,1,random_mask,0.3,0.0,0.9594
ARSS_0182,ARSS_crop,1,fft_mask,0.3,0.0,0.5407
ARSS_0182,ARSS_crop,1,gabor_mask,0.3,0.0,0.9522
ARSS_0182,ARSS_crop,1,dt_mask,0.3,1.0,0.974
ARSE_0197,ARSE_crop,0,full,0.0,1.0,0.9168
ARSE_0197,ARSE_crop,0,ig_mask,0.1,0.0,0.4193
ARSE_0197,ARSE_crop,0,random_mask,0.1,0.0,0.6483
ARSE_0197,ARSE_crop,0,fft_mask,0.1,0.0,0.6009
ARSE_0197,ARSE_crop,0,gabor_mask,0.1,0.0,0.5006
ARSE_0197,ARSE_crop,0,dt_mask,0.1,1.0,0.937
ARSE_0197,ARSE_crop,0,ig_mask,0.2,0.0,0.8911
ARSE_0197,ARSE_crop,0,random_mask,0.2,0.0,0.8623
ARSE_0197,ARSE_crop,0,fft_mask,0.2,0.0,0.812
ARSE_0197,ARSE_crop,0,gabor_mask,0.2,0.0,0.9378
ARSE_0197,ARSE_crop,0,dt_mask,0.2,1.0,0.9326
ARSE_0197,ARSE_crop,0,ig_mask,0.3,0.0,0.8753
ARSE_0197,ARSE_crop,0,random_mask,0.3,0.0,0.9055
ARSE_0197,ARSE_crop,0,fft_mask,0.3,0.0,0.7853
ARSE_0197,ARSE_crop,0,gabor_mask,0.3,0.0,0.963
ARSE_0197,ARSE_crop,0,dt_mask,0.3,1.0,0.9164
PJNA_0191,PJNA_crop,2,full,0.0,1.0,0.9297
PJNA_0191,PJNA_crop,2,ig_mask,0.1,0.0,0.6963
PJNA_0191,PJNA_crop,2,random_mask,0.1,0.5,0.5981
PJNA_0191,PJNA_crop,2,fft_mask,0.1,1.0,0.859
PJNA_0191,PJNA_crop,2,gabor_mask,0.1,1.0,0.8916
PJNA_0191,PJNA_crop,2,dt_mask,0.1,1.0,0.9258
PJNA_0191,PJNA_crop,2,ig_mask,0.2,0.0,0.724
PJNA_0191,PJNA_crop,2,random_mask,0.2,0.0,0.8228
PJNA_0191,PJNA_crop,2,fft_mask,0.2,1.0,0.8931
PJNA_0191,PJNA_crop,2,gabor_mask,0.2,1.0,0.6061
PJNA_0191,PJNA_crop,2,dt_mask,0.2,1.0,0.9218
PJNA_0191,PJNA_crop,2,ig_mask,0.3,0.0,0.8794
PJNA_0191,PJNA_crop,2,random_mask,0.3,0.0,0.8436
PJNA_0191,PJNA_crop,2,fft_mask,0.3,1.0,0.868
PJNA_0191,PJNA_crop,2,gabor_mask,0.3,0.0,0.6137
PJNA_0191,PJNA_crop,2,dt_mask,0.3,1.0,0.9142
ARSS_0089,ARSS_crop,1,full,0.0,1.0,0.9862
ARSS_0089,ARSS_crop,1,ig_mask,0.1,0.0,0.5868
ARSS_0089,ARSS_crop,1,random_mask,0.1,0.0,0.5378
ARSS_0089,ARSS_crop,1,fft_mask,0.1,1.0,0.3485
ARSS_0089,ARSS_crop,1,gabor_mask,0.1,0.0,0.6038
ARSS_0089,ARSS_crop,1,dt_mask,0.1,1.0,0.9841
ARSS_0089,ARSS_crop,1,ig_mask,0.2,0.0,0.9046
ARSS_0089,ARSS_crop,1,random_mask,0.2,0.0,0.6499
ARSS_0089,ARSS_crop,1,fft_mask,0.2,0.0,0.5217
ARSS_0089,ARSS_crop,1,gabor_mask,0.2,0.0,0.9521
ARSS_0089,ARSS_crop,1,dt_mask,0.2,1.0,0.9822
ARSS_0089,ARSS_crop,1,ig_mask,0.3,0.0,0.848
ARSS_0089,ARSS_crop,1,random_mask,0.3,0.0,0.7038
ARSS_0089,ARSS_crop,1,fft_mask,0.3,0.0,0.6041
ARSS_0089,ARSS_crop,1,gabor_mask,0.3,0.0,0.9576
ARSS_0089,ARSS_crop,1,dt_mask,0.3,1.0,0.9794
PRPE_0039,PRPE_crop,4,full,0.0,1.0,0.9541
PRPE_0039,PRPE_crop,4,ig_mask,0.1,1.0,0.961
PRPE_0039,PRPE_crop,4,random_mask,0.1,1.0,0.9475
PRPE_0039,PRPE_crop,4,fft_mask,0.1,1.0,0.8625
PRPE_0039,PRPE_crop,4,gabor_mask,0.1,1.0,0.7091
PRPE_0039,PRPE_crop,4,dt_mask,0.1,1.0,0.9567
PRPE_0039,PRPE_crop,4,ig_mask,0.2,1.0,0.9594
PRPE_0039,PRPE_crop,4,random_mask,0.2,1.0,0.9549
PRPE_0039,PRPE_crop,4,fft_mask,0.2,0.0,0.7668
PRPE_0039,PRPE_crop,4,gabor_mask,0.2,1.0,0.7683
PRPE_0039,PRPE_crop,4,dt_mask,0.2,1.0,0.9498
PRPE_0039,PRPE_crop,4,ig_mask,0.3,1.0,0.9355
PRPE_0039,PRPE_crop,4,random_mask,0.3,1.0,0.955
PRPE_0039,PRPE_crop,4,fft_mask,0.3,0.0,0.7615
PRPE_0039,PRPE_crop,4,gabor_mask,0.3,1.0,0.8469
PRPE_0039,PRPE_crop,4,dt_mask,0.3,1.0,0.9205
PRPE_0136,PRPE_crop,4,full,0.0,1.0,0.9606
PRPE_0136,PRPE_crop,4,ig_mask,0.1,1.0,0.9628
PRPE_0136,PRPE_crop,4,random_mask,0.1,1.0,0.9635
PRPE_0136,PRPE_crop,4,fft_mask,0.1,1.0,0.9299
PRPE_0136,PRPE_crop,4,gabor_mask,0.1,1.0,0.9585
PRPE_0136,PRPE_crop,4,dt_mask,0.1,1.0,0.9614
PRPE_0136,PRPE_crop,4,ig_mask,0.2,1.0,0.9638
PRPE_0136,PRPE_crop,4,random_mask,0.2,1.0,0.9646
PRPE_0136,PRPE_crop,4,fft_mask,0.2,1.0,0.6934
PRPE_0136,PRPE_crop,4,gabor_mask,0.2,1.0,0.9644
PRPE_0136,PRPE_crop,4,dt_mask,0.2,1.0,0.9605
PRPE_0136,PRPE_crop,4,ig_mask,0.3,1.0,0.9633
PRPE_0136,PRPE_crop,4,random_mask,0.3,1.0,0.9644
PRPE_0136,PRPE_crop,4,fft_mask,0.3,0.0,0.4107
PRPE_0136,PRPE_crop,4,gabor_mask,0.3,1.0,0.9654
PRPE_0136,PRPE_crop,4,dt_mask,0.3,1.0,0.9566
PRDA_0118,PRDA_crop,3,full,0.0,1.0,0.8776
PRDA_0118,PRDA_crop,3,ig_mask,0.1,0.0,0.851
PRDA_0118,PRDA_crop,3,random_mask,0.1,0.5,0.5407
PRDA_0118,PRDA_crop,3,fft_mask,0.1,1.0,0.7353
PRDA_0118,PRDA_crop,3,gabor_mask,0.1,1.0,0.7645
PRDA_0118,PRDA_crop,3,dt_mask,0.1,1.0,0.8424
PRDA_0118,PRDA_crop,3,ig_mask,0.2,0.0,0.9084
PRDA_0118,PRDA_crop,3,random_mask,0.2,0.0,0.7517
PRDA_0118,PRDA_crop,3,fft_mask,0.2,1.0,0.7043
PRDA_0118,PRDA_crop,3,gabor_mask,0.2,1.0,0.6053
PRDA_0118,PRDA_crop,3,dt_mask,0.2,1.0,0.6561
PRDA_0118,PRDA_crop,3,ig_mask,0.3,0.0,0.9297
PRDA_0118,PRDA_crop,3,random_mask,0.3,0.0,0.8454
PRDA_0118,PRDA_crop,3,fft_mask,0.3,0.0,0.8049
PRDA_0118,PRDA_crop,3,gabor_mask,0.3,0.0,0.5668
PRDA_0118,PRDA_crop,3,dt_mask,0.3,0.0,0.5686
PRDA_0114,PRDA_crop,3,full,0.0,1.0,0.8288
PRDA_0114,PRDA_crop,3,ig_mask,0.1,0.0,0.7461
PRDA_0114,PRDA_crop,3,random_mask,0.1,0.2,0.6053
PRDA_0114,PRDA_crop,3,fft_mask,0.1,0.0,0.5894
PRDA_0114,PRDA_crop,3,gabor_mask,0.1,1.0,0.5149
PRDA_0114,PRDA_crop,3,dt_mask,0.1,1.0,0.7708
PRDA_0114,PRDA_crop,3,ig_mask,0.2,0.0,0.9356
PRDA_0114,PRDA_crop,3,random_mask,0.2,0.0,0.7956
PRDA_0114,PRDA_crop,3,fft_mask,0.2,0.0,0.499
PRDA_0114,PRDA_crop,3,gabor_mask,0.2,0.0,0.9147
PRDA_0114,PRDA_crop,3,dt_mask,0.2,1.0,0.5768
PRDA_0114,PRDA_crop,3,ig_mask,0.3,0.0,0.9331
PRDA_0114,PRDA_crop,3,random_mask,0.3,0.0,0.8982
PRDA_0114,PRDA_crop,3,fft_mask,0.3,0.0,0.8156
PRDA_0114,PRDA_crop,3,gabor_mask,0.3,0.0,0.9418
PRDA_0114,PRDA_crop,3,dt_mask,0.3,0.0,0.4333
ARSS_0220,ARSS_crop,1,full,0.0,1.0,0.9779
ARSS_0220,ARSS_crop,1,ig_mask,0.1,1.0,0.7012
ARSS_0220,ARSS_crop,1,random_mask,0.1,0.0,0.863
ARSS_0220,ARSS_crop,1,fft_mask,0.1,0.0,0.3574
ARSS_0220,ARSS_crop,1,gabor_mask,0.1,1.0,0.5733
ARSS_0220,ARSS_crop,1,dt_mask,0.1,1.0,0.9752
ARSS_0220,ARSS_crop,1,ig_mask,0.2,0.0,0.8213
ARSS_0220,ARSS_crop,1,random_mask,0.2,0.0,0.9048
ARSS_0220,ARSS_crop,1,fft_mask,0.2,0.0,0.7477
ARSS_0220,ARSS_crop,1,gabor_mask,0.2,0.0,0.8144
ARSS_0220,ARSS_crop,1,dt_mask,0.2,1.0,0.9737
ARSS_0220,ARSS_crop,1,ig_mask,0.3,0.0,0.8951
ARSS_0220,ARSS_crop,1,random_mask,0.3,0.0,0.9376
ARSS_0220,ARSS_crop,1,fft_mask,0.3,0.0,0.6805
ARSS_0220,ARSS_crop,1,gabor_mask,0.3,0.0,0.9553
ARSS_0220,ARSS_crop,1,dt_mask,0.3,1.0,0.9689
ARSE_0063,ARSE_crop,0,full,0.0,1.0,0.9216
ARSE_0063,ARSE_crop,0,ig_mask,0.1,0.0,0.9001
ARSE_0063,ARSE_crop,0,random_mask,0.1,0.0,0.7969
ARSE_0063,ARSE_crop,0,fft_mask,0.1,0.0,0.7044
ARSE_0063,ARSE_crop,0,gabor_mask,0.1,0.0,0.6112
ARSE_0063,ARSE_crop,0,dt_mask,0.1,1.0,0.9131
ARSE_0063,ARSE_crop,0,ig_mask,0.2,0.0,0.9461
ARSE_0063,ARSE_crop,0,random_mask,0.2,0.0,0.8982
ARSE_0063,ARSE_crop,0,fft_mask,0.2,0.0,0.8953
ARSE_0063,ARSE_crop,0,gabor_mask,0.2,0.0,0.9008
ARSE_0063,ARSE_crop,0,dt_mask,0.2,1.0,0.9019
ARSE_0063,ARSE_crop,0,ig_mask,0.3,0.0,0.9325
ARSE_0063,ARSE_crop,0,random_mask,0.3,0.0,0.8948
ARSE_0063,ARSE_crop,0,fft_mask,0.3,0.0,0.776
ARSE_0063,ARSE_crop,0,gabor_mask,0.3,0.0,0.9444
ARSE_0063,ARSE_crop,0,dt_mask,0.3,1.0,0.8719
ARSS_0143,ARSS_crop,1,full,0.0,1.0,0.9724
ARSS_0143,ARSS_crop,1,ig_mask,0.1,0.0,0.4508
ARSS_0143,ARSS_crop,1,random_mask,0.1,0.0,0.6133
ARSS_0143,ARSS_crop,1,fft_mask,0.1,0.0,0.3776
ARSS_0143,ARSS_crop,1,gabor_mask,0.1,1.0,0.4367
ARSS_0143,ARSS_crop,1,dt_mask,0.1,1.0,0.9527
ARSS_0143,ARSS_crop,1,ig_mask,0.2,0.0,0.7464
ARSS_0143,ARSS_crop,1,random_mask,0.2,0.0,0.6563
ARSS_0143,ARSS_crop,1,fft_mask,0.2,0.0,0.5267
ARSS_0143,ARSS_crop,1,gabor_mask,0.2,0.0,0.8599
ARSS_0143,ARSS_crop,1,dt_mask,0.2,1.0,0.9515
ARSS_0143,ARSS_crop,1,ig_mask,0.3,0.0,0.6742
ARSS_0143,ARSS_crop,1,random_mask,0.3,0.0,0.7968
ARSS_0143,ARSS_crop,1,fft_mask,0.3,0.0,0.7586
ARSS_0143,ARSS_crop,1,gabor_mask,0.3,0.0,0.9198
ARSS_0143,ARSS_crop,1,dt_mask,0.3,1.0,0.9136
PRPE_0033,PRPE_crop,4,full,0.0,1.0,0.9648
PRPE_0033,PRPE_crop,4,ig_mask,0.1,1.0,0.9635
PRPE_0033,PRPE_crop,4,random_mask,0.1,1.0,0.9555
PRPE_0033,PRPE_crop,4,fft_mask,0.1,1.0,0.9643
PRPE_0033,PRPE_crop,4,gabor_mask,0.1,1.0,0.9407
PRPE_0033,PRPE_crop,4,dt_mask,0.1,1.0,0.9649
PRPE_0033,PRPE_crop,4,ig_mask,0.2,1.0,0.9634
PRPE_0033,PRPE_crop,4,random_mask,0.2,1.0,0.9537
PRPE_0033,PRPE_crop,4,fft_mask,0.2,1.0,0.8916
PRPE_0033,PRPE_crop,4,gabor_mask,0.2,1.0,0.9561
PRPE_0033,PRPE_crop,4,dt_mask,0.2,1.0,0.9634
PRPE_0033,PRPE_crop,4,ig_mask,0.3,1.0,0.9617
PRPE_0033,PRPE_crop,4,random_mask,0.3,1.0,0.9519
PRPE_0033,PRPE_crop,4,fft_mask,0.3,0.0,0.6047
PRPE_0033,PRPE_crop,4,gabor_mask,0.3,1.0,0.9418
PRPE_0033,PRPE_crop,4,dt_mask,0.3,1.0,0.9439
PJNA_0095,PJNA_crop,2,full,0.0,1.0,0.9321
PJNA_0095,PJNA_crop,2,ig_mask,0.1,0.0,0.8359
PJNA_0095,PJNA_crop,2,random_mask,0.1,0.0,0.8021
PJNA_0095,PJNA_crop,2,fft_mask,0.1,1.0,0.8829
PJNA_0095,PJNA_crop,2,gabor_mask,0.1,1.0,0.8645
PJNA_0095,PJNA_crop,2,dt_mask,0.1,1.0,0.9276
PJNA_0095,PJNA_crop,2,ig_mask,0.2,0.0,0.8442
PJNA_0095,PJNA_crop,2,random_mask,0.2,0.0,0.8843
PJNA_0095,PJNA_crop,2,fft_mask,0.2,1.0,0.9054
PJNA_0095,PJNA_crop,2,gabor_mask,0.2,0.0,0.8153
PJNA_0095,PJNA_crop,2,dt_mask,0.2,1.0,0.9265
PJNA_0095,PJNA_crop,2,ig_mask,0.3,0.0,0.7913
PJNA_0095,PJNA_crop,2,random_mask,0.3,0.0,0.9127
PJNA_0095,PJNA_crop,2,fft_mask,0.3,1.0,0.8958
PJNA_0095,PJNA_crop,2,gabor_mask,0.3,0.0,0.9645
PJNA_0095,PJNA_crop,2,dt_mask,0.3,1.0,0.9228
ARSS_0123,ARSS_crop,1,full,0.0,1.0,0.9743
ARSS_0123,ARSS_crop,1,ig_mask,0.1,0.0,0.5404
ARSS_0123,ARSS_crop,1,random_mask,0.1,0.0,0.6305
ARSS_0123,ARSS_crop,1,fft_mask,0.1,0.0,0.3936
ARSS_0123,ARSS_crop,1,gabor_mask,0.1,1.0,0.4223
ARSS_0123,ARSS_crop,1,dt_mask,0.1,1.0,0.9666
ARSS_0123,ARSS_crop,1,ig_mask,0.2,0.0,0.5631
ARSS_0123,ARSS_crop,1,random_mask,0.2,0.0,0.5355
ARSS_0123,ARSS_crop,1,fft_mask,0.2,0.0,0.8192
ARSS_0123,ARSS_crop,1,gabor_mask,0.2,0.0,0.7654
ARSS_0123,ARSS_crop,1,dt_mask,0.2,1.0,0.9618
ARSS_0123,ARSS_crop,1,ig_mask,0.3,0.0,0.3842
ARSS_0123,ARSS_crop,1,random_mask,0.3,0.0,0.6689
ARSS_0123,ARSS_crop,1,fft_mask,0.3,0.0,0.5038
ARSS_0123,ARSS_crop,1,gabor_mask,0.3,0.0,0.9026
ARSS_0123,ARSS_crop,1,dt_mask,0.3,1.0,0.9299
PRPE_0208,PRPE_crop,4,full,0.0,1.0,0.9626
PRPE_0208,PRPE_crop,4,ig_mask,0.1,1.0,0.9608
PRPE_0208,PRPE_crop,4,random_mask,0.1,1.0,0.9503
PRPE_0208,PRPE_crop,4,fft_mask,0.1,1.0,0.729
PRPE_0208,PRPE_crop,4,gabor_mask,0.1,1.0,0.9576
PRPE_0208,PRPE_crop,4,dt_mask,0.1,1.0,0.9622
PRPE_0208,PRPE_crop,4,ig_mask,0.2,1.0,0.9581
PRPE_0208,PRPE_crop,4,random_mask,0.2,1.0,0.954
PRPE_0208,PRPE_crop,4,fft_mask,0.2,0.0,0.6886
PRPE_0208,PRPE_crop,4,gabor_mask,0.2,1.0,0.9577
PRPE_0208,PRPE_crop,4,dt_mask,0.2,1.0,0.9627
PRPE_0208,PRPE_crop,4,ig_mask,0.3,1.0,0.9513
PRPE_0208,PRPE_crop,4,random_mask,0.3,1.0,0.9557
PRPE_0208,PRPE_crop,4,fft_mask,0.3,0.0,0.6842
PRPE_0208,PRPE_crop,4,gabor_mask,0.3,1.0,0.9493
PRPE_0208,PRPE_crop,4,dt_mask,0.3,1.0,0.9584
PJNA_0178,PJNA_crop,2,full,0.0,1.0,0.9339
PJNA_0178,PJNA_crop,2,ig_mask,0.1,1.0,0.5865
PJNA_0178,PJNA_crop,2,random_mask,0.1,0.7,0.5767
PJNA_0178,PJNA_crop,2,fft_mask,0.1,1.0,0.9129
PJNA_0178,PJNA_crop,2,gabor_mask,0.1,1.0,0.9025
PJNA_0178,PJNA_crop,2,dt_mask,0.1,1.0,0.9288
PJNA_0178,PJNA_crop,2,ig_mask,0.2,0.0,0.851
PJNA_0178,PJNA_crop,2,random_mask,0.2,0.0,0.8606
PJNA_0178,PJNA_crop,2,fft_mask,0.2,1.0,0.8855
PJNA_0178,PJNA_crop,2,gabor_mask,0.2,0.0,0.7904
PJNA_0178,PJNA_crop,2,dt_mask,0.2,1.0,0.9269
PJNA_0178,PJNA_crop,2,ig_mask,0.3,0.0,0.9171
PJNA_0178,PJNA_crop,2,random_mask,0.3,0.0,0.9202
PJNA_0178,PJNA_crop,2,fft_mask,0.3,1.0,0.8772
PJNA_0178,PJNA_crop,2,gabor_mask,0.3,0.0,0.9268
PJNA_0178,PJNA_crop,2,dt_mask,0.3,1.0,0.922
PRDA_0032,PRDA_crop,3,full,0.0,1.0,0.5597
PRDA_0032,PRDA_crop,3,ig_mask,0.1,0.0,0.8116
PRDA_0032,PRDA_crop,3,random_mask,0.1,0.3,0.5895
PRDA_0032,PRDA_crop,3,fft_mask,0.1,0.0,0.6137
PRDA_0032,PRDA_crop,3,gabor_mask,0.1,0.0,0.3977
PRDA_0032,PRDA_crop,3,dt_mask,0.1,0.0,0.3157
PRDA_0032,PRDA_crop,3,ig_mask,0.2,0.0,0.9417
PRDA_0032,PRDA_crop,3,random_mask,0.2,0.0,0.8071
PRDA_0032,PRDA_crop,3,fft_mask,0.2,0.0,0.6232
PRDA_0032,PRDA_crop,3,gabor_mask,0.2,0.0,0.8146
PRDA_0032,PRDA_crop,3,dt_mask,0.2,0.0,0.3665
PRDA_0032,PRDA_crop,3,ig_mask,0.3,0.0,0.9459
PRDA_0032,PRDA_crop,3,random_mask,0.3,0.0,0.9095
PRDA_0032,PRDA_crop,3,fft_mask,0.3,1.0,0.3274
PRDA_0032,PRDA_crop,3,gabor_mask,0.3,0.0,0.7874
PRDA_0032,PRDA_crop,3,dt_mask,0.3,0.0,0.469
PRPE_0020,PRPE_crop,4,full,0.0,1.0,0.9637
PRPE_0020,PRPE_crop,4,ig_mask,0.1,1.0,0.9625
PRPE_0020,PRPE_crop,4,random_mask,0.1,1.0,0.9605
PRPE_0020,PRPE_crop,4,fft_mask,0.1,1.0,0.9595
PRPE_0020,PRPE_crop,4,gabor_mask,0.1,1.0,0.964
PRPE_0020,PRPE_crop,4,dt_mask,0.1,1.0,0.9614
PRPE_0020,PRPE_crop,4,ig_mask,0.2,1.0,0.9623
PRPE_0020,PRPE_crop,4,random_mask,0.2,1.0,0.9591
PRPE_0020,PRPE_crop,4,fft_mask,0.2,0.0,0.5068
PRPE_0020,PRPE_crop,4,gabor_mask,0.2,1.0,0.9633
PRPE_0020,PRPE_crop,4,dt_mask,0.2,1.0,0.9616
PRPE_0020,PRPE_crop,4,ig_mask,0.3,1.0,0.9613
PRPE_0020,PRPE_crop,4,random_mask,0.3,1.0,0.9595
PRPE_0020,PRPE_crop,4,fft_mask,0.3,0.0,0.4406
PRPE_0020,PRPE_crop,4,gabor_mask,0.3,1.0,0.964
PRPE_0020,PRPE_crop,4,dt_mask,0.3,1.0,0.9561
PRDA_0163,PRDA_crop,3,full,0.0,1.0,0.8382
PRDA_0163,PRDA_crop,3,ig_mask,0.1,0.0,0.8662
PRDA_0163,PRDA_crop,3,random_mask,0.1,0.8,0.5989
PRDA_0163,PRDA_crop,3,fft_mask,0.1,1.0,0.5248
PRDA_0163,PRDA_crop,3,gabor_mask,0.1,1.0,0.7949
PRDA_0163,PRDA_crop,3,dt_mask,0.1,1.0,0.8043
PRDA_0163,PRDA_crop,3,ig_mask,0.2,0.0,0.936
PRDA_0163,PRDA_crop,3,random_mask,0.2,0.6,0.5427
PRDA_0163,PRDA_crop,3,fft_mask,0.2,0.0,0.6384
PRDA_0163,PRDA_crop,3,gabor_mask,0.2,0.0,0.4736
PRDA_0163,PRDA_crop,3,dt_mask,0.2,1.0,0.7358
PRDA_0163,PRDA_crop,3,ig_mask,0.3,0.0,0.9127
PRDA_0163,PRDA_crop,3,random_mask,0.3,0.1,0.6116
PRDA_0163,PRDA_crop,3,fft_mask,0.3,0.0,0.7209
PRDA_0163,PRDA_crop,3,gabor_mask,0.3,0.0,0.9178
PRDA_0163,PRDA_crop,3,dt_mask,0.3,1.0,0.4329
PRDA_0203,PRDA_crop,3,full,0.0,1.0,0.8526
PRDA_0203,PRDA_crop,3,ig_mask,0.1,0.0,0.8318
PRDA_0203,PRDA_crop,3,random_mask,0.1,1.0,0.7097
PRDA_0203,PRDA_crop,3,fft_mask,0.1,1.0,0.7677
PRDA_0203,PRDA_crop,3,gabor_mask,0.1,1.0,0.8285
PRDA_0203,PRDA_crop,3,dt_mask,0.1,1.0,0.8155
PRDA_0203,PRDA_crop,3,ig_mask,0.2,0.0,0.9054
PRDA_0203,PRDA_crop,3,random_mask,0.2,0.9,0.5594
PRDA_0203,PRDA_crop,3,fft_mask,0.2,0.0,0.5513
PRDA_0203,PRDA_crop,3,gabor_mask,0.2,1.0,0.728
PRDA_0203,PRDA_crop,3,dt_mask,0.2,1.0,0.6971
PRDA_0203,PRDA_crop,3,ig_mask,0.3,0.0,0.4944
PRDA_0203,PRDA_crop,3,random_mask,0.3,0.2,0.6402
PRDA_0203,PRDA_crop,3,fft_mask,0.3,0.0,0.5101
PRDA_0203,PRDA_crop,3,gabor_mask,0.3,0.0,0.8422
PRDA_0203,PRDA_crop,3,dt_mask,0.3,0.0,0.4229
PRPE_0005,PRPE_crop,4,full,0.0,1.0,0.9471
PRPE_0005,PRPE_crop,4,ig_mask,0.1,1.0,0.9591
PRPE_0005,PRPE_crop,4,random_mask,0.1,1.0,0.9438
PRPE_0005,PRPE_crop,4,fft_mask,0.1,1.0,0.7726
PRPE_0005,PRPE_crop,4,gabor_mask,0.1,1.0,0.9592
PRPE_0005,PRPE_crop,4,dt_mask,0.1,1.0,0.947
PRPE_0005,PRPE_crop,4,ig_mask,0.2,1.0,0.9581
PRPE_0005,PRPE_crop,4,random_mask,0.2,1.0,0.9495
PRPE_0005,PRPE_crop,4,fft_mask,0.2,0.0,0.85
PRPE_0005,PRPE_crop,4,gabor_mask,0.2,1.0,0.956
PRPE_0005,PRPE_crop,4,dt_mask,0.2,1.0,0.9445
PRPE_0005,PRPE_crop,4,ig_mask,0.3,1.0,0.9541
PRPE_0005,PRPE_crop,4,random_mask,0.3,1.0,0.9532
PRPE_0005,PRPE_crop,4,fft_mask,0.3,0.0,0.5851
PRPE_0005,PRPE_crop,4,gabor_mask,0.3,1.0,0.9228
PRPE_0005,PRPE_crop,4,dt_mask,0.3,1.0,0.9291
PJNA_0015,PJNA_crop,2,full,0.0,1.0,0.9223
PJNA_0015,PJNA_crop,2,ig_mask,0.1,0.0,0.5424
PJNA_0015,PJNA_crop,2,random_mask,0.1,0.9,0.5882
PJNA_0015,PJNA_crop,2,fft_mask,0.1,1.0,0.6818
PJNA_0015,PJNA_crop,2,gabor_mask,0.1,1.0,0.5965
PJNA_0015,PJNA_crop,2,dt_mask,0.1,1.0,0.9211
PJNA_0015,PJNA_crop,2,ig_mask,0.2,0.0,0.8926
PJNA_0015,PJNA_crop,2,random_mask,0.2,0.3,0.5448
PJNA_0015,PJNA_crop,2,fft_mask,0.2,1.0,0.8954
PJNA_0015,PJNA_crop,2,gabor_mask,0.2,0.0,0.8161
PJNA_0015,PJNA_crop,2,dt_mask,0.2,1.0,0.9182
PJNA_0015,PJNA_crop,2,ig_mask,0.3,0.0,0.9194
PJNA_0015,PJNA_crop,2,random_mask,0.3,0.0,0.7466
PJNA_0015,PJNA_crop,2,fft_mask,0.3,0.0,0.7797
PJNA_0015,PJNA_crop,2,gabor_mask,0.3,0.0,0.9336
PJNA_0015,PJNA_crop,2,dt_mask,0.3,1.0,0.9127
PJNA_0179,PJNA_crop,2,full,0.0,1.0,0.9147
PJNA_0179,PJNA_crop,2,ig_mask,0.1,0.0,0.5246
PJNA_0179,PJNA_crop,2,random_mask,0.1,0.1,0.5921
PJNA_0179,PJNA_crop,2,fft_mask,0.1,1.0,0.4821
PJNA_0179,PJNA_crop,2,gabor_mask,0.1,1.0,0.8239
PJNA_0179,PJNA_crop,2,dt_mask,0.1,1.0,0.9133
PJNA_0179,PJNA_crop,2,ig_mask,0.2,0.0,0.5277
PJNA_0179,PJNA_crop,2,random_mask,0.2,0.0,0.8176
PJNA_0179,PJNA_crop,2,fft_mask,0.2,1.0,0.8856
PJNA_0179,PJNA_crop,2,gabor_mask,0.2,0.0,0.6283
PJNA_0179,PJNA_crop,2,dt_mask,0.2,1.0,0.9144
PJNA_0179,PJNA_crop,2,ig_mask,0.3,0.0,0.8735
PJNA_0179,PJNA_crop,2,random_mask,0.3,0.0,0.8601
PJNA_0179,PJNA_crop,2,fft_mask,0.3,1.0,0.5788
PJNA_0179,PJNA_crop,2,gabor_mask,0.3,0.0,0.9491
PJNA_0179,PJNA_crop,2,dt_mask,0.3,1.0,0.9075
ARSS_0160,ARSS_crop,1,full,0.0,1.0,0.984
ARSS_0160,ARSS_crop,1,ig_mask,0.1,0.0,0.4413
ARSS_0160,ARSS_crop,1,random_mask,0.1,0.0,0.5598
ARSS_0160,ARSS_crop,1,fft_mask,0.1,1.0,0.547
ARSS_0160,ARSS_crop,1,gabor_mask,0.1,1.0,0.6803
ARSS_0160,ARSS_crop,1,dt_mask,0.1,1.0,0.9806
ARSS_0160,ARSS_crop,1,ig_mask,0.2,0.0,0.5347
ARSS_0160,ARSS_crop,1,random_mask,0.2,0.0,0.5616
ARSS_0160,ARSS_crop,1,fft_mask,0.2,0.0,0.4761
ARSS_0160,ARSS_crop,1,gabor_mask,0.2,0.0,0.9439
ARSS_0160,ARSS_crop,1,dt_mask,0.2,1.0,0.9787
ARSS_0160,ARSS_crop,1,ig_mask,0.3,0.0,0.4425
ARSS_0160,ARSS_crop,1,random_mask,0.3,0.0,0.7365
ARSS_0160,ARSS_crop,1,fft_mask,0.3,0.0,0.4596
ARSS_0160,ARSS_crop,1,gabor_mask,0.3,0.0,0.9497
ARSS_0160,ARSS_crop,1,dt_mask,0.3,1.0,0.9774
PRDA_0140,PRDA_crop,3,full,0.0,1.0,0.6128
PRDA_0140,PRDA_crop,3,ig_mask,0.1,0.0,0.9498
PRDA_0140,PRDA_crop,3,random_mask,0.1,0.0,0.6528
PRDA_0140,PRDA_crop,3,fft_mask,0.1,1.0,0.5229
PRDA_0140,PRDA_crop,3,gabor_mask,0.1,0.0,0.7237
PRDA_0140,PRDA_crop,3,dt_mask,0.1,1.0,0.5379
PRDA_0140,PRDA_crop,3,ig_mask,0.2,0.0,0.9499
PRDA_0140,PRDA_crop,3,random_mask,0.2,0.1,0.7465
PRDA_0140,PRDA_crop,3,fft_mask,0.2,0.0,0.4662
PRDA_0140,PRDA_crop,3,gabor_mask,0.2,0.0,0.9135
PRDA_0140,PRDA_crop,3,dt_mask,0.2,0.0,0.6681
PRDA_0140,PRDA_crop,3,ig_mask,0.3,0.0,0.9407
PRDA_0140,PRDA_crop,3,random_mask,0.3,0.0,0.8128
PRDA_0140,PRDA_crop,3,fft_mask,0.3,0.0,0.704
PRDA_0140,PRDA_crop,3,gabor_mask,0.3,0.0,0.9452
PRDA_0140,PRDA_crop,3,dt_mask,0.3,0.0,0.4536
PRPE_0210,PRPE_crop,4,full,0.0,1.0,0.9128
PRPE_0210,PRPE_crop,4,ig_mask,0.1,1.0,0.9553
PRPE_0210,PRPE_crop,4,random_mask,0.1,1.0,0.9535
PRPE_0210,PRPE_crop,4,fft_mask,0.1,0.0,0.8821
PRPE_0210,PRPE_crop,4,gabor_mask,0.1,1.0,0.9408
PRPE_0210,PRPE_crop,4,dt_mask,0.1,1.0,0.9534
PRPE_0210,PRPE_crop,4,ig_mask,0.2,1.0,0.956
PRPE_0210,PRPE_crop,4,random_mask,0.2,1.0,0.9569
PRPE_0210,PRPE_crop,4,fft_mask,0.2,0.0,0.7514
PRPE_0210,PRPE_crop,4,gabor_mask,0.2,1.0,0.9544
PRPE_0210,PRPE_crop,4,dt_mask,0.2,1.0,0.9543
PRPE_0210,PRPE_crop,4,ig_mask,0.3,1.0,0.9507
PRPE_0210,PRPE_crop,4,random_mask,0.3,1.0,0.9593
PRPE_0210,PRPE_crop,4,fft_mask,0.3,0.0,0.6469
PRPE_0210,PRPE_crop,4,gabor_mask,0.3,1.0,0.9581
PRPE_0210,PRPE_crop,4,dt_mask,0.3,1.0,0.9465
PRPE_0130,PRPE_crop,4,full,0.0,1.0,0.8847
PRPE_0130,PRPE_crop,4,ig_mask,0.1,1.0,0.9541
PRPE_0130,PRPE_crop,4,random_mask,0.1,1.0,0.9494
PRPE_0130,PRPE_crop,4,fft_mask,0.1,1.0,0.9362
PRPE_0130,PRPE_crop,4,gabor_mask,0.1,1.0,0.9293
PRPE_0130,PRPE_crop,4,dt_mask,0.1,1.0,0.9187
PRPE_0130,PRPE_crop,4,ig_mask,0.2,1.0,0.9596
PRPE_0130,PRPE_crop,4,random_mask,0.2,1.0,0.9539
PRPE_0130,PRPE_crop,4,fft_mask,0.2,0.0,0.7856
PRPE_0130,PRPE_crop,4,gabor_mask,0.2,1.0,0.9475
PRPE_0130,PRPE_crop,4,dt_mask,0.2,1.0,0.8663
PRPE_0130,PRPE_crop,4,ig_mask,0.3,1.0,0.9599
PRPE_0130,PRPE_crop,4,random_mask,0.3,1.0,0.9564
PRPE_0130,PRPE_crop,4,fft_mask,0.3,0.0,0.6523
PRPE_0130,PRPE_crop,4,gabor_mask,0.3,1.0,0.9255
PRPE_0130,PRPE_crop,4,dt_mask,0.3,1.0,0.8724
ARSE_0149,ARSE_crop,0,full,0.0,1.0,0.9383
ARSE_0149,ARSE_crop,0,ig_mask,0.1,1.0,0.3083
ARSE_0149,ARSE_crop,0,random_mask,0.1,0.0,0.5592
ARSE_0149,ARSE_crop,0,fft_mask,0.1,0.0,0.4344
ARSE_0149,ARSE_crop,0,gabor_mask,0.1,0.0,0.3907
ARSE_0149,ARSE_crop,0,dt_mask,0.1,1.0,0.9392
ARSE_0149,ARSE_crop,0,ig_mask,0.2,0.0,0.3823
ARSE_0149,ARSE_crop,0,random_mask,0.2,0.0,0.7277
ARSE_0149,ARSE_crop,0,fft_mask,0.2,0.0,0.8615
ARSE_0149,ARSE_crop,0,gabor_mask,0.2,0.0,0.9419
ARSE_0149,ARSE_crop,0,dt_mask,0.2,1.0,0.9322
ARSE_0149,ARSE_crop,0,ig_mask,0.3,0.0,0.69
ARSE_0149,ARSE_crop,0,random_mask,0.3,0.0,0.8132
ARSE_0149,ARSE_crop,0,fft_mask,0.3,0.0,0.7998
ARSE_0149,ARSE_crop,0,gabor_mask,0.3,0.0,0.9482
ARSE_0149,ARSE_crop,0,dt_mask,0.3,1.0,0.9119
PJNA_0000,PJNA_crop,2,full,0.0,1.0,0.922
PJNA_0000,PJNA_crop,2,ig_mask,0.1,0.0,0.5855
PJNA_0000,PJNA_crop,2,random_mask,0.1,1.0,0.7587
PJNA_0000,PJNA_crop,2,fft_mask,0.1,1.0,0.9141
PJNA_0000,PJNA_crop,2,gabor_mask,0.1,1.0,0.8491
PJNA_0000,PJNA_crop,2,dt_mask,0.1,1.0,0.9114
PJNA_0000,PJNA_crop,2,ig_mask,0.2,0.0,0.721
PJNA_0000,PJNA_crop,2,random_mask,0.2,0.6,0.5812
PJNA_0000,PJNA_crop,2,fft_mask,0.2,1.0,0.8515
PJNA_0000,PJNA_crop,2,gabor_mask,0.2,1.0,0.6553
PJNA_0000,PJNA_crop,2,dt_mask,0.2,1.0,0.9095
PJNA_0000,PJNA_crop,2,ig_mask,0.3,0.0,0.9391
PJNA_0000,PJNA_crop,2,random_mask,0.3,0.1,0.7142
PJNA_0000,PJNA_crop,2,fft_mask,0.3,1.0,0.8691
PJNA_0000,PJNA_crop,2,gabor_mask,0.3,0.0,0.9411
PJNA_0000,PJNA_crop,2,dt_mask,0.3,1.0,0.9044
ARSE_0169,ARSE_crop,0,full,0.0,1.0,0.9051
ARSE_0169,ARSE_crop,0,ig_mask,0.1,0.0,0.6678
ARSE_0169,ARSE_crop,0,random_mask,0.1,0.0,0.4802
ARSE_0169,ARSE_crop,0,fft_mask,0.1,1.0,0.5175
ARSE_0169,ARSE_crop,0,gabor_mask,0.1,0.0,0.4466
ARSE_0169,ARSE_crop,0,dt_mask,0.1,1.0,0.9293
ARSE_0169,ARSE_crop,0,ig_mask,0.2,0.0,0.7272
ARSE_0169,ARSE_crop,0,random_mask,0.2,0.0,0.5952
ARSE_0169,ARSE_crop,0,fft_mask,0.2,0.0,0.7841
ARSE_0169,ARSE_crop,0,gabor_mask,0.2,0.0,0.7604
ARSE_0169,ARSE_crop,0,dt_mask,0.2,1.0,0.9206
ARSE_0169,ARSE_crop,0,ig_mask,0.3,0.0,0.6971
ARSE_0169,ARSE_crop,0,random_mask,0.3,0.0,0.673
ARSE_0169,ARSE_crop,0,fft_mask,0.3,0.0,0.7551
ARSE_0169,ARSE_crop,0,gabor_mask,0.3,0.0,0.8752
ARSE_0169,ARSE_crop,0,dt_mask,0.3,1.0,0.8936
PRDA_0144,PRDA_crop,3,full,0.0,1.0,0.828
PRDA_0144,PRDA_crop,3,ig_mask,0.1,0.0,0.9055
PRDA_0144,PRDA_crop,3,random_mask,0.1,0.8,0.5553
PRDA_0144,PRDA_crop,3,fft_mask,0.1,1.0,0.6179
PRDA_0144,PRDA_crop,3,gabor_mask,0.1,1.0,0.7246
PRDA_0144,PRDA_crop,3,dt_mask,0.1,1.0,0.7904
PRDA_0144,PRDA_crop,3,ig_mask,0.2,0.0,0.9319
PRDA_0144,PRDA_crop,3,random_mask,0.2,0.0,0.744
PRDA_0144,PRDA_crop,3,fft_mask,0.2,0.0,0.4246
PRDA_0144,PRDA_crop,3,gabor_mask,0.2,0.0,0.7849
PRDA_0144,PRDA_crop,3,dt_mask,0.2,1.0,0.7252
PRDA_0144,PRDA_crop,3,ig_mask,0.3,0.0,0.9365
PRDA_0144,PRDA_crop,3,random_mask,0.3,0.0,0.8691
PRDA_0144,PRDA_crop,3,fft_mask,0.3,0.0,0.8381
PRDA_0144,PRDA_crop,3,gabor_mask,0.3,0.0,0.913
PRDA_0144,PRDA_crop,3,dt_mask,0.3,1.0,0.4815
PRDA_0152,PRDA_crop,3,full,0.0,1.0,0.7848
PRDA_0152,PRDA_crop,3,ig_mask,0.1,0.0,0.893
PRDA_0152,PRDA_crop,3,random_mask,0.1,0.5,0.5453
PRDA_0152,PRDA_crop,3,fft_mask,0.1,1.0,0.535
PRDA_0152,PRDA_crop,3,gabor_mask,0.1,1.0,0.7359
PRDA_0152,PRDA_crop,3,dt_mask,0.1,1.0,0.5558
PRDA_0152,PRDA_crop,3,ig_mask,0.2,0.0,0.9541
PRDA_0152,PRDA_crop,3,random_mask,0.2,0.1,0.6528
PRDA_0152,PRDA_crop,3,fft_mask,0.2,0.0,0.5314
PRDA_0152,PRDA_crop,3,gabor_mask,0.2,0.0,0.7814
PRDA_0152,PRDA_crop,3,dt_mask,0.2,1.0,0.3671
PRDA_0152,PRDA_crop,3,ig_mask,0.3,0.0,0.9571
PRDA_0152,PRDA_crop,3,random_mask,0.3,0.0,0.7556
PRDA_0152,PRDA_crop,3,fft_mask,0.3,0.0,0.4063
PRDA_0152,PRDA_crop,3,gabor_mask,0.3,0.0,0.885
PRDA_0152,PRDA_crop,3,dt_mask,0.3,0.0,0.5475
PRDA_0155,PRDA_crop,3,full,0.0,1.0,0.8496
PRDA_0155,PRDA_crop,3,ig_mask,0.1,0.0,0.7895
PRDA_0155,PRDA_crop,3,random_mask,0.1,1.0,0.72
PRDA_0155,PRDA_crop,3,fft_mask,0.1,1.0,0.7275
PRDA_0155,PRDA_crop,3,gabor_mask,0.1,1.0,0.5392
PRDA_0155,PRDA_crop,3,dt_mask,0.1,1.0,0.7796
PRDA_0155,PRDA_crop,3,ig_mask,0.2,0.0,0.8857
PRDA_0155,PRDA_crop,3,random_mask,0.2,0.7,0.5452
PRDA_0155,PRDA_crop,3,fft_mask,0.2,1.0,0.5676
PRDA_0155,PRDA_crop,3,gabor_mask,0.2,0.0,0.4908
PRDA_0155,PRDA_crop,3,dt_mask,0.2,1.0,0.6816
PRDA_0155,PRDA_crop,3,ig_mask,0.3,0.0,0.9441
PRDA_0155,PRDA_crop,3,random_mask,0.3,0.3,0.5166
PRDA_0155,PRDA_crop,3,fft_mask,0.3,1.0,0.475
PRDA_0155,PRDA_crop,3,gabor_mask,0.3,0.0,0.7398
PRDA_0155,PRDA_crop,3,dt_mask,0.3,1.0,0.6078
PRDA_0185,PRDA_crop,3,full,0.0,1.0,0.7624
PRDA_0185,PRDA_crop,3,ig_mask,0.1,1.0,0.576
PRDA_0185,PRDA_crop,3,random_mask,0.1,0.9,0.5531
PRDA_0185,PRDA_crop,3,fft_mask,0.1,0.0,0.6202
PRDA_0185,PRDA_crop,3,gabor_mask,0.1,1.0,0.6453
PRDA_0185,PRDA_crop,3,dt_mask,0.1,1.0,0.7451
PRDA_0185,PRDA_crop,3,ig_mask,0.2,1.0,0.616
PRDA_0185,PRDA_crop,3,random_mask,0.2,0.0,0.577
PRDA_0185,PRDA_crop,3,fft_mask,0.2,0.0,0.5022
PRDA_0185,PRDA_crop,3,gabor_mask,0.2,0.0,0.4719
PRDA_0185,PRDA_crop,3,dt_mask,0.2,1.0,0.6966
PRDA_0185,PRDA_crop,3,ig_mask,0.3,1.0,0.5566
PRDA_0185,PRDA_crop,3,random_mask,0.3,0.0,0.7944
PRDA_0185,PRDA_crop,3,fft_mask,0.3,0.0,0.7743
PRDA_0185,PRDA_crop,3,gabor_mask,0.3,0.0,0.8708
PRDA_0185,PRDA_crop,3,dt_mask,0.3,0.0,0.4504
PJNA_0128,PJNA_crop,2,full,0.0,1.0,0.9209
PJNA_0128,PJNA_crop,2,ig_mask,0.1,0.0,0.5132
PJNA_0128,PJNA_crop,2,random_mask,0.1,0.8,0.536
PJNA_0128,PJNA_crop,2,fft_mask,0.1,1.0,0.7734
PJNA_0128,PJNA_crop,2,gabor_mask,0.1,0.0,0.5772
PJNA_0128,PJNA_crop,2,dt_mask,0.1,1.0,0.9177
PJNA_0128,PJNA_crop,2,ig_mask,0.2,0.0,0.914
PJNA_0128,PJNA_crop,2,random_mask,0.2,0.2,0.7369
PJNA_0128,PJNA_crop,2,fft_mask,0.2,1.0,0.8815
PJNA_0128,PJNA_crop,2,gabor_mask,0.2,0.0,0.7415
PJNA_0128,PJNA_crop,2,dt_mask,0.2,1.0,0.917
PJNA_0128,PJNA_crop,2,ig_mask,0.3,0.0,0.9229
PJNA_0128,PJNA_crop,2,random_mask,0.3,0.0,0.8753
PJNA_0128,PJNA_crop,2,fft_mask,0.3,1.0,0.8253
PJNA_0128,PJNA_crop,2,gabor_mask,0.3,0.0,0.9546
PJNA_0128,PJNA_crop,2,dt_mask,0.3,1.0,0.907
ARSE_0001,ARSE_crop,0,full,0.0,1.0,0.9395
ARSE_0001,ARSE_crop,0,ig_mask,0.1,0.0,0.5786
ARSE_0001,ARSE_crop,0,random_mask,0.1,0.0,0.6488
ARSE_0001,ARSE_crop,0,fft_mask,0.1,0.0,0.6591
ARSE_0001,ARSE_crop,0,gabor_mask,0.1,1.0,0.414
ARSE_0001,ARSE_crop,0,dt_mask,0.1,1.0,0.9266
ARSE_0001,ARSE_crop,0,ig_mask,0.2,0.0,0.9326
ARSE_0001,ARSE_crop,0,random_mask,0.2,0.0,0.7284
ARSE_0001,ARSE_crop,0,fft_mask,0.2,0.0,0.8878
ARSE_0001,ARSE_crop,0,gabor_mask,0.2,0.0,0.8361
ARSE_0001,ARSE_crop,0,dt_mask,0.2,1.0,0.913
ARSE_0001,ARSE_crop,0,ig_mask,0.3,0.0,0.9382
ARSE_0001,ARSE_crop,0,random_mask,0.3,0.0,0.8638
ARSE_0001,ARSE_crop,0,fft_mask,0.3,0.0,0.5269
ARSE_0001,ARSE_crop,0,gabor_mask,0.3,0.0,0.9169
ARSE_0001,ARSE_crop,0,dt_mask,0.3,1.0,0.8236
PRPE_0213,PRPE_crop,4,full,0.0,1.0,0.9184
PRPE_0213,PRPE_crop,4,ig_mask,0.1,1.0,0.9547
PRPE_0213,PRPE_crop,4,random_mask,0.1,1.0,0.9475
PRPE_0213,PRPE_crop,4,fft_mask,0.1,0.0,0.8174
PRPE_0213,PRPE_crop,4,gabor_mask,0.1,1.0,0.9478
PRPE_0213,PRPE_crop,4,dt_mask,0.1,1.0,0.9451
PRPE_0213,PRPE_crop,4,ig_mask,0.2,1.0,0.9584
PRPE_0213,PRPE_crop,4,random_mask,0.2,1.0,0.9502
PRPE_0213,PRPE_crop,4,fft_mask,0.2,0.0,0.4886
PRPE_0213,PRPE_crop,4,gabor_mask,0.2,1.0,0.946
PRPE_0213,PRPE_crop,4,dt_mask,0.2,1.0,0.9415
PRPE_0213,PRPE_crop,4,ig_mask,0.3,1.0,0.9517
PRPE_0213,PRPE_crop,4,random_mask,0.3,1.0,0.952
PRPE_0213,PRPE_crop,4,fft_mask,0.3,1.0,0.7741
PRPE_0213,PRPE_crop,4,gabor_mask,0.3,1.0,0.9535
PRPE_0213,PRPE_crop,4,dt_mask,0.3,1.0,0.8732
PRDA_0108,PRDA_crop,3,full,0.0,1.0,0.5839
PRDA_0108,PRDA_crop,3,ig_mask,0.1,0.0,0.9357
PRDA_0108,PRDA_crop,3,random_mask,0.1,0.0,0.6973
PRDA_0108,PRDA_crop,3,fft_mask,0.1,0.0,0.7999
PRDA_0108,PRDA_crop,3,gabor_mask,0.1,0.0,0.4041
PRDA_0108,PRDA_crop,3,dt_mask,0.1,1.0,0.4868
PRDA_0108,PRDA_crop,3,ig_mask,0.2,0.0,0.9499
PRDA_0108,PRDA_crop,3,random_mask,0.2,0.0,0.9243
PRDA_0108,PRDA_crop,3,fft_mask,0.2,0.0,0.7236
PRDA_0108,PRDA_crop,3,gabor_mask,0.2,0.0,0.6393
PRDA_0108,PRDA_crop,3,dt_mask,0.2,1.0,0.3461
PRDA_0108,PRDA_crop,3,ig_mask,0.3,0.0,0.943
PRDA_0108,PRDA_crop,3,random_mask,0.3,0.0,0.9459
PRDA_0108,PRDA_crop,3,fft_mask,0.3,0.0,0.7638
PRDA_0108,PRDA_crop,3,gabor_mask,0.3,0.0,0.9187
PRDA_0108,PRDA_crop,3,dt_mask,0.3,0.0,0.5664
ARSS_0103,ARSS_crop,1,full,0.0,1.0,0.9781
ARSS_0103,ARSS_crop,1,ig_mask,0.1,0.0,0.6169
ARSS_0103,ARSS_crop,1,random_mask,0.1,0.0,0.6692
ARSS_0103,ARSS_crop,1,fft_mask,0.1,0.0,0.3468
ARSS_0103,ARSS_crop,1,gabor_mask,0.1,1.0,0.4964
ARSS_0103,ARSS_crop,1,dt_mask,0.1,1.0,0.9726
ARSS_0103,ARSS_crop,1,ig_mask,0.2,0.0,0.911
ARSS_0103,ARSS_crop,1,random_mask,0.2,0.0,0.5115
ARSS_0103,ARSS_crop,1,fft_mask,0.2,0.0,0.4708
ARSS_0103,ARSS_crop,1,gabor_mask,0.2,0.0,0.686
ARSS_0103,ARSS_crop,1,dt_mask,0.2,1.0,0.9724
ARSS_0103,ARSS_crop,1,ig_mask,0.3,0.0,0.9231
ARSS_0103,ARSS_crop,1,random_mask,0.3,0.0,0.5658
ARSS_0103,ARSS_crop,1,fft_mask,0.3,0.0,0.5707
ARSS_0103,ARSS_crop,1,gabor_mask,0.3,0.0,0.9615
ARSS_0103,ARSS_crop,1,dt_mask,0.3,1.0,0.9647
PRDA_0045,PRDA_crop,3,full,0.0,1.0,0.8153
PRDA_0045,PRDA_crop,3,ig_mask,0.1,0.0,0.8834
PRDA_0045,PRDA_crop,3,random_mask,0.1,0.9,0.5484
PRDA_0045,PRDA_crop,3,fft_mask,0.1,1.0,0.472
PRDA_0045,PRDA_crop,3,gabor_mask,0.1,1.0,0.706
PRDA_0045,PRDA_crop,3,dt_mask,0.1,1.0,0.7491
PRDA_0045,PRDA_crop,3,ig_mask,0.2,0.0,0.9381
PRDA_0045,PRDA_crop,3,random_mask,0.2,0.4,0.5873
PRDA_0045,PRDA_crop,3,fft_mask,0.2,0.0,0.6241
PRDA_0045,PRDA_crop,3,gabor_mask,0.2,0.0,0.6286
PRDA_0045,PRDA_crop,3,dt_mask,0.2,1.0,0.5635
PRDA_0045,PRDA_crop,3,ig_mask,0.3,0.0,0.9471
PRDA_0045,PRDA_crop,3,random_mask,0.3,0.0,0.7108
PRDA_0045,PRDA_crop,3,fft_mask,0.3,0.0,0.7866
PRDA_0045,PRDA_crop,3,gabor_mask,0.3,0.0,0.8738
PRDA_0045,PRDA_crop,3,dt_mask,0.3,0.0,0.4319
PRPE_0238,PRPE_crop,4,full,0.0,1.0,0.9513
PRPE_0238,PRPE_crop,4,ig_mask,0.1,1.0,0.9601
PRPE_0238,PRPE_crop,4,random_mask,0.1,1.0,0.9559
PRPE_0238,PRPE_crop,4,fft_mask,0.1,0.0,0.8352
PRPE_0238,PRPE_crop,4,gabor_mask,0.1,1.0,0.9563
PRPE_0238,PRPE_crop,4,dt_mask,0.1,1.0,0.9504
PRPE_0238,PRPE_crop,4,ig_mask,0.2,1.0,0.9594
PRPE_0238,PRPE_crop,4,random_mask,0.2,1.0,0.9573
PRPE_0238,PRPE_crop,4,fft_mask,0.2,0.0,0.7415
PRPE_0238,PRPE_crop,4,gabor_mask,0.2,1.0,0.9583
PRPE_0238,PRPE_crop,4,dt_mask,0.2,1.0,0.9508
PRPE_0238,PRPE_crop,4,ig_mask,0.3,1.0,0.9591
PRPE_0238,PRPE_crop,4,random_mask,0.3,1.0,0.958
PRPE_0238,PRPE_crop,4,fft_mask,0.3,1.0,0.716
PRPE_0238,PRPE_crop,4,gabor_mask,0.3,1.0,0.9603
PRPE_0238,PRPE_crop,4,dt_mask,0.3,1.0,0.9421
PRPE_0203,PRPE_crop,4,full,0.0,1.0,0.9157
PRPE_0203,PRPE_crop,4,ig_mask,0.1,1.0,0.9485
PRPE_0203,PRPE_crop,4,random_mask,0.1,1.0,0.9454
PRPE_0203,PRPE_crop,4,fft_mask,0.1,0.0,0.7214
PRPE_0203,PRPE_crop,4,gabor_mask,0.1,1.0,0.5495
PRPE_0203,PRPE_crop,4,dt_mask,0.1,1.0,0.9004
PRPE_0203,PRPE_crop,4,ig_mask,0.2,1.0,0.9519
PRPE_0203,PRPE_crop,4,random_mask,0.2,1.0,0.9511
PRPE_0203,PRPE_crop,4,fft_mask,0.2,0.0,0.5394
PRPE_0203,PRPE_crop,4,gabor_mask,0.2,1.0,0.8267
PRPE_0203,PRPE_crop,4,dt_mask,0.2,1.0,0.9105
PRPE_0203,PRPE_crop,4,ig_mask,0.3,1.0,0.9537
PRPE_0203,PRPE_crop,4,random_mask,0.3,1.0,0.9533
PRPE_0203,PRPE_crop,4,fft_mask,0.3,0.0,0.5043
PRPE_0203,PRPE_crop,4,gabor_mask,0.3,1.0,0.9218
PRPE_0203,PRPE_crop,4,dt_mask,0.3,1.0,0.8408
PRPE_0120,PRPE_crop,4,full,0.0,1.0,0.8965
PRPE_0120,PRPE_crop,4,ig_mask,0.1,1.0,0.9499
PRPE_0120,PRPE_crop,4,random_mask,0.1,1.0,0.9406
PRPE_0120,PRPE_crop,4,fft_mask,0.1,0.0,0.8724
PRPE_0120,PRPE_crop,4,gabor_mask,0.1,1.0,0.894
PRPE_0120,PRPE_crop,4,dt_mask,0.1,1.0,0.9237
PRPE_0120,PRPE_crop,4,ig_mask,0.2,1.0,0.9441
PRPE_0120,PRPE_crop,4,random_mask,0.2,1.0,0.948
PRPE_0120,PRPE_crop,4,fft_mask,0.2,0.0,0.8044
PRPE_0120,PRPE_crop,4,gabor_mask,0.2,1.0,0.9316
PRPE_0120,PRPE_crop,4,dt_mask,0.2,1.0,0.922
PRPE_0120,PRPE_crop,4,ig_mask,0.3,1.0,0.9495
PRPE_0120,PRPE_crop,4,random_mask,0.3,1.0,0.9503
PRPE_0120,PRPE_crop,4,fft_mask,0.3,0.0,0.4508
PRPE_0120,PRPE_crop,4,gabor_mask,0.3,1.0,0.9531
PRPE_0120,PRPE_crop,4,dt_mask,0.3,1.0,0.9004
PJNA_0068,PJNA_crop,2,full,0.0,1.0,0.9226
PJNA_0068,PJNA_crop,2,ig_mask,0.1,0.0,0.4276
PJNA_0068,PJNA_crop,2,random_mask,0.1,0.4,0.5851
PJNA_0068,PJNA_crop,2,fft_mask,0.1,1.0,0.865
PJNA_0068,PJNA_crop,2,gabor_mask,0.1,1.0,0.9102
PJNA_0068,PJNA_crop,2,dt_mask,0.1,1.0,0.9204
PJNA_0068,PJNA_crop,2,ig_mask,0.2,0.0,0.7793
PJNA_0068,PJNA_crop,2,random_mask,0.2,0.0,0.7554
PJNA_0068,PJNA_crop,2,fft_mask,0.2,1.0,0.8816
PJNA_0068,PJNA_crop,2,gabor_mask,0.2,1.0,0.8975
PJNA_0068,PJNA_crop,2,dt_mask,0.2,1.0,0.9149
PJNA_0068,PJNA_crop,2,ig_mask,0.3,0.0,0.8816
PJNA_0068,PJNA_crop,2,random_mask,0.3,0.0,0.8744
PJNA_0068,PJNA_crop,2,fft_mask,0.3,0.0,0.6644
PJNA_0068,PJNA_crop,2,gabor_mask,0.3,1.0,0.8907
PJNA_0068,PJNA_crop,2,dt_mask,0.3,1.0,0.908
ARSS_0217,ARSS_crop,1,full,0.0,1.0,0.9844
ARSS_0217,ARSS_crop,1,ig_mask,0.1,0.0,0.5302
ARSS_0217,ARSS_crop,1,random_mask,0.1,0.0,0.6603
ARSS_0217,ARSS_crop,1,fft_mask,0.1,1.0,0.5036
ARSS_0217,ARSS_crop,1,gabor_mask,0.1,1.0,0.8539
ARSS_0217,ARSS_crop,1,dt_mask,0.1,1.0,0.9804
ARSS_0217,ARSS_crop,1,ig_mask,0.2,0.0,0.7747
ARSS_0217,ARSS_crop,1,random_mask,0.2,0.0,0.5587
ARSS_0217,ARSS_crop,1,fft_mask,0.2,0.0,0.5096
ARSS_0217,ARSS_crop,1,gabor_mask,0.2,0.0,0.6103
ARSS_0217,ARSS_crop,1,dt_mask,0.2,1.0,0.9781
ARSS_0217,ARSS_crop,1,ig_mask,0.3,0.0,0.5029
ARSS_0217,ARSS_crop,1,random_mask,0.3,0.0,0.6395
ARSS_0217,ARSS_crop,1,fft_mask,0.3,0.0,0.5495
ARSS_0217,ARSS_crop,1,gabor_mask,0.3,0.0,0.8036
ARSS_0217,ARSS_crop,1,dt_mask,0.3,1.0,0.9742
PJNA_0046,PJNA_crop,2,full,0.0,1.0,0.934
PJNA_0046,PJNA_crop,2,ig_mask,0.1,0.0,0.5784
PJNA_0046,PJNA_crop,2,random_mask,0.1,0.8,0.6696
PJNA_0046,PJNA_crop,2,fft_mask,0.1,1.0,0.9018
PJNA_0046,PJNA_crop,2,gabor_mask,0.1,1.0,0.9146
PJNA_0046,PJNA_crop,2,dt_mask,0.1,1.0,0.9324
PJNA_0046,PJNA_crop,2,ig_mask,0.2,0.0,0.9097
PJNA_0046,PJNA_crop,2,random_mask,0.2,0.4,0.6688
PJNA_0046,PJNA_crop,2,fft_mask,0.2,1.0,0.9122
PJNA_0046,PJNA_crop,2,gabor_mask,0.2,1.0,0.8916
PJNA_0046,PJNA_crop,2,dt_mask,0.2,1.0,0.9282
PJNA_0046,PJNA_crop,2,ig_mask,0.3,0.0,0.9373
PJNA_0046,PJNA_crop,2,random_mask,0.3,0.1,0.7792
PJNA_0046,PJNA_crop,2,fft_mask,0.3,0.0,0.7793
PJNA_0046,PJNA_crop,2,gabor_mask,0.3,1.0,0.6211
PJNA_0046,PJNA_crop,2,dt_mask,0.3,1.0,0.9234
PJNA_0099,PJNA_crop,2,full,0.0,1.0,0.9314
PJNA_0099,PJNA_crop,2,ig_mask,0.1,0.0,0.9227
PJNA_0099,PJNA_crop,2,random_mask,0.1,0.0,0.7222
PJNA_0099,PJNA_crop,2,fft_mask,0.1,1.0,0.6514
PJNA_0099,PJNA_crop,2,gabor_mask,0.1,1.0,0.732
PJNA_0099,PJNA_crop,2,dt_mask,0.1,1.0,0.9278
PJNA_0099,PJNA_crop,2,ig_mask,0.2,0.0,0.9101
PJNA_0099,PJNA_crop,2,random_mask,0.2,0.0,0.8902
PJNA_0099,PJNA_crop,2,fft_mask,0.2,1.0,0.9011
PJNA_0099,PJNA_crop,2,gabor_mask,0.2,0.0,0.8259
PJNA_0099,PJNA_crop,2,dt_mask,0.2,1.0,0.9233
PJNA_0099,PJNA_crop,2,ig_mask,0.3,0.0,0.9347
PJNA_0099,PJNA_crop,2,random_mask,0.3,0.0,0.9268
PJNA_0099,PJNA_crop,2,fft_mask,0.3,1.0,0.7453
PJNA_0099,PJNA_crop,2,gabor_mask,0.3,0.0,0.953
PJNA_0099,PJNA_crop,2,dt_mask,0.3,1.0,0.9097
PRDA_0151,PRDA_crop,3,full,0.0,1.0,0.809
PRDA_0151,PRDA_crop,3,ig_mask,0.1,0.0,0.9565
PRDA_0151,PRDA_crop,3,random_mask,0.1,0.2,0.5154
PRDA_0151,PRDA_crop,3,fft_mask,0.1,0.0,0.7048
PRDA_0151,PRDA_crop,3,gabor_mask,0.1,0.0,0.5127
PRDA_0151,PRDA_crop,3,dt_mask,0.1,1.0,0.6492
PRDA_0151,PRDA_crop,3,ig_mask,0.2,0.0,0.9587
PRDA_0151,PRDA_crop,3,random_mask,0.2,0.0,0.7334
PRDA_0151,PRDA_crop,3,fft_mask,0.2,0.0,0.5007
PRDA_0151,PRDA_crop,3,gabor_mask,0.2,0.0,0.8613
PRDA_0151,PRDA_crop,3,dt_mask,0.2,0.0,0.5022
PRDA_0151,PRDA_crop,3,ig_mask,0.3,0.0,0.9563
PRDA_0151,PRDA_crop,3,random_mask,0.3,0.0,0.7843
PRDA_0151,PRDA_crop,3,fft_mask,0.3,0.0,0.7176
PRDA_0151,PRDA_crop,3,gabor_mask,0.3,0.0,0.8888
PRDA_0151,PRDA_crop,3,dt_mask,0.3,0.0,0.4454
ARSS_0092,ARSS_crop,1,full,0.0,1.0,0.97
ARSS_0092,ARSS_crop,1,ig_mask,0.1,0.0,0.4077
ARSS_0092,ARSS_crop,1,random_mask,0.1,0.0,0.9433
ARSS_0092,ARSS_crop,1,fft_mask,0.1,0.0,0.3476
ARSS_0092,ARSS_crop,1,gabor_mask,0.1,0.0,0.5046
ARSS_0092,ARSS_crop,1,dt_mask,0.1,1.0,0.9583
ARSS_0092,ARSS_crop,1,ig_mask,0.2,0.0,0.9366
ARSS_0092,ARSS_crop,1,random_mask,0.2,0.0,0.9478
ARSS_0092,ARSS_crop,1,fft_mask,0.2,0.0,0.7843
ARSS_0092,ARSS_crop,1,gabor_mask,0.2,0.0,0.9551
ARSS_0092,ARSS_crop,1,dt_mask,0.2,1.0,0.9438
ARSS_0092,ARSS_crop,1,ig_mask,0.3,0.0,0.9439
ARSS_0092,ARSS_crop,1,random_mask,0.3,0.0,0.9485
ARSS_0092,ARSS_crop,1,fft_mask,0.3,0.0,0.7161
ARSS_0092,ARSS_crop,1,gabor_mask,0.3,0.0,0.9635
ARSS_0092,ARSS_crop,1,dt_mask,0.3,1.0,0.9312
ARSS_0177,ARSS_crop,1,full,0.0,1.0,0.9775
ARSS_0177,ARSS_crop,1,ig_mask,0.1,0.0,0.8286
ARSS_0177,ARSS_crop,1,random_mask,0.1,0.0,0.5899
ARSS_0177,ARSS_crop,1,fft_mask,0.1,1.0,0.3741
ARSS_0177,ARSS_crop,1,gabor_mask,0.1,1.0,0.6402
ARSS_0177,ARSS_crop,1,dt_mask,0.1,1.0,0.9714
ARSS_0177,ARSS_crop,1,ig_mask,0.2,0.0,0.934
ARSS_0177,ARSS_crop,1,random_mask,0.2,0.0,0.613
ARSS_0177,ARSS_crop,1,fft_mask,0.2,0.0,0.3968
ARSS_0177,ARSS_crop,1,gabor_mask,0.2,0.0,0.9346
ARSS_0177,ARSS_crop,1,dt_mask,0.2,1.0,0.967
ARSS_0177,ARSS_crop,1,ig_mask,0.3,0.0,0.9348
ARSS_0177,ARSS_crop,1,random_mask,0.3,0.0,0.7891
ARSS_0177,ARSS_crop,1,fft_mask,0.3,0.0,0.5306
ARSS_0177,ARSS_crop,1,gabor_mask,0.3,0.0,0.9546
ARSS_0177,ARSS_crop,1,dt_mask,0.3,1.0,0.9595
ARSS_0146,ARSS_crop,1,full,0.0,1.0,0.9828
ARSS_0146,ARSS_crop,1,ig_mask,0.1,0.0,0.5892
ARSS_0146,ARSS_crop,1,random_mask,0.1,0.0,0.938
ARSS_0146,ARSS_crop,1,fft_mask,0.1,0.0,0.8419
ARSS_0146,ARSS_crop,1,gabor_mask,0.1,1.0,0.8513
ARSS_0146,ARSS_crop,1,dt_mask,0.1,1.0,0.9792
ARSS_0146,ARSS_crop,1,ig_mask,0.2,0.0,0.9162
ARSS_0146,ARSS_crop,1,random_mask,0.2,0.0,0.952
ARSS_0146,ARSS_crop,1,fft_mask,0.2,0.0,0.411
ARSS_0146,ARSS_crop,1,gabor_mask,0.2,0.0,0.7559
ARSS_0146,ARSS_crop,1,dt_mask,0.2,1.0,0.9763
ARSS_0146,ARSS_crop,1,ig_mask,0.3,0.0,0.6601
ARSS_0146,ARSS_crop,1,random_mask,0.3,0.0,0.955
ARSS_0146,ARSS_crop,1,fft_mask,0.3,0.0,0.5868
ARSS_0146,ARSS_crop,1,gabor_mask,0.3,0.0,0.942
ARSS_0146,ARSS_crop,1,dt_mask,0.3,1.0,0.9709
PRPE_0058,PRPE_crop,4,full,0.0,1.0,0.9287
PRPE_0058,PRPE_crop,4,ig_mask,0.1,1.0,0.9552
PRPE_0058,PRPE_crop,4,random_mask,0.1,1.0,0.934
PRPE_0058,PRPE_crop,4,fft_mask,0.1,1.0,0.7825
PRPE_0058,PRPE_crop,4,gabor_mask,0.1,1.0,0.797
PRPE_0058,PRPE_crop,4,dt_mask,0.1,1.0,0.9249
PRPE_0058,PRPE_crop,4,ig_mask,0.2,1.0,0.9436
PRPE_0058,PRPE_crop,4,random_mask,0.2,1.0,0.946
PRPE_0058,PRPE_crop,4,fft_mask,0.2,0.0,0.8052
PRPE_0058,PRPE_crop,4,gabor_mask,0.2,1.0,0.6182
PRPE_0058,PRPE_crop,4,dt_mask,0.2,1.0,0.9285
PRPE_0058,PRPE_crop,4,ig_mask,0.3,1.0,0.9251
PRPE_0058,PRPE_crop,4,random_mask,0.3,1.0,0.9474
PRPE_0058,PRPE_crop,4,fft_mask,0.3,0.0,0.7593
PRPE_0058,PRPE_crop,4,gabor_mask,0.3,0.0,0.4766
PRPE_0058,PRPE_crop,4,dt_mask,0.3,1.0,0.9143
ARSS_0115,ARSS_crop,1,full,0.0,1.0,0.9821
ARSS_0115,ARSS_crop,1,ig_mask,0.1,0.0,0.8025
ARSS_0115,ARSS_crop,1,random_mask,0.1,0.0,0.6744
ARSS_0115,ARSS_crop,1,fft_mask,0.1,0.0,0.3224
ARSS_0115,ARSS_crop,1,gabor_mask,0.1,1.0,0.5789
ARSS_0115,ARSS_crop,1,dt_mask,0.1,1.0,0.9769
ARSS_0115,ARSS_crop,1,ig_mask,0.2,0.0,0.8662
ARSS_0115,ARSS_crop,1,random_mask,0.2,0.0,0.6972
ARSS_0115,ARSS_crop,1,fft_mask,0.2,0.0,0.863
ARSS_0115,ARSS_crop,1,gabor_mask,0.2,0.0,0.8596
ARSS_0115,ARSS_crop,1,dt_mask,0.2,1.0,0.9745
ARSS_0115,ARSS_crop,1,ig_mask,0.3,0.0,0.9114
ARSS_0115,ARSS_crop,1,random_mask,0.3,0.0,0.7304
ARSS_0115,ARSS_crop,1,fft_mask,0.3,0.0,0.6207
ARSS_0115,ARSS_crop,1,gabor_mask,0.3,0.0,0.9405
ARSS_0115,ARSS_crop,1,dt_mask,0.3,1.0,0.9699
PRPE_0167,PRPE_crop,4,full,0.0,1.0,0.9581
PRPE_0167,PRPE_crop,4,ig_mask,0.1,1.0,0.9568
PRPE_0167,PRPE_crop,4,random_mask,0.1,1.0,0.9558
PRPE_0167,PRPE_crop,4,fft_mask,0.1,1.0,0.8194
PRPE_0167,PRPE_crop,4,gabor_mask,0.1,1.0,0.9572
PRPE_0167,PRPE_crop,4,dt_mask,0.1,1.0,0.9592
PRPE_0167,PRPE_crop,4,ig_mask,0.2,1.0,0.958
PRPE_0167,PRPE_crop,4,random_mask,0.2,1.0,0.9572
PRPE_0167,PRPE_crop,4,fft_mask,0.2,1.0,0.6564
PRPE_0167,PRPE_crop,4,gabor_mask,0.2,1.0,0.9588
PRPE_0167,PRPE_crop,4,dt_mask,0.2,1.0,0.9575
PRPE_0167,PRPE_crop,4,ig_mask,0.3,1.0,0.955
PRPE_0167,PRPE_crop,4,random_mask,0.3,1.0,0.9578
PRPE_0167,PRPE_crop,4,fft_mask,0.3,1.0,0.778
PRPE_0167,PRPE_crop,4,gabor_mask,0.3,1.0,0.9611
PRPE_0167,PRPE_crop,4,dt_mask,0.3,1.0,0.9464
PRPE_0149,PRPE_crop,4,full,0.0,1.0,0.9568
PRPE_0149,PRPE_crop,4,ig_mask,0.1,1.0,0.9573
PRPE_0149,PRPE_crop,4,random_mask,0.1,1.0,0.9538
PRPE_0149,PRPE_crop,4,fft_mask,0.1,1.0,0.8771
PRPE_0149,PRPE_crop,4,gabor_mask,0.1,1.0,0.9476
PRPE_0149,PRPE_crop,4,dt_mask,0.1,1.0,0.958
PRPE_0149,PRPE_crop,4,ig_mask,0.2,1.0,0.9584
PRPE_0149,PRPE_crop,4,random_mask,0.2,1.0,0.9572
PRPE_0149,PRPE_crop,4,fft_mask,0.2,1.0,0.7181
PRPE_0149,PRPE_crop,4,gabor_mask,0.2,1.0,0.9398
PRPE_0149,PRPE_crop,4,dt_mask,0.2,1.0,0.9578
PRPE_0149,PRPE_crop,4,ig_mask,0.3,1.0,0.9577
PRPE_0149,PRPE_crop,4,random_mask,0.3,1.0,0.9578
PRPE_0149,PRPE_crop,4,fft_mask,0.3,0.0,0.4817
PRPE_0149,PRPE_crop,4,gabor_mask,0.3,1.0,0.9498
PRPE_0149,PRPE_crop,4,dt_mask,0.3,1.0,0.9314
ARSE_0092,ARSE_crop,0,full,0.0,1.0,0.9434
ARSE_0092,ARSE_crop,0,ig_mask,0.1,0.0,0.9319
ARSE_0092,ARSE_crop,0,random_mask,0.1,0.0,0.926
ARSE_0092,ARSE_crop,0,fft_mask,0.1,0.0,0.6605
ARSE_0092,ARSE_crop,0,gabor_mask,0.1,0.0,0.3903
ARSE_0092,ARSE_crop,0,dt_mask,0.1,1.0,0.9334
ARSE_0092,ARSE_crop,0,ig_mask,0.2,0.0,0.9439
ARSE_0092,ARSE_crop,0,random_mask,0.2,0.0,0.9383
ARSE_0092,ARSE_crop,0,fft_mask,0.2,0.0,0.9096
ARSE_0092,ARSE_crop,0,gabor_mask,0.2,0.0,0.9362
ARSE_0092,ARSE_crop,0,dt_mask,0.2,1.0,0.918
ARSE_0092,ARSE_crop,0,ig_mask,0.3,0.0,0.933
ARSE_0092,ARSE_crop,0,random_mask,0.3,0.0,0.9336
ARSE_0092,ARSE_crop,0,fft_mask,0.3,0.0,0.7726
ARSE_0092,ARSE_crop,0,gabor_mask,0.3,0.0,0.946
ARSE_0092,ARSE_crop,0,dt_mask,0.3,1.0,0.8804
PRDA_0135,PRDA_crop,3,full,0.0,1.0,0.7636
PRDA_0135,PRDA_crop,3,ig_mask,0.1,0.0,0.9637
PRDA_0135,PRDA_crop,3,random_mask,0.1,0.0,0.9347
PRDA_0135,PRDA_crop,3,fft_mask,0.1,0.0,0.9446
PRDA_0135,PRDA_crop,3,gabor_mask,0.1,0.0,0.9112
PRDA_0135,PRDA_crop,3,dt_mask,0.1,0.0,0.8363
PRDA_0135,PRDA_crop,3,ig_mask,0.2,0.0,0.9637
PRDA_0135,PRDA_crop,3,random_mask,0.2,0.0,0.9562
PRDA_0135,PRDA_crop,3,fft_mask,0.2,0.0,0.4504
PRDA_0135,PRDA_crop,3,gabor_mask,0.2,0.0,0.9553
PRDA_0135,PRDA_crop,3,dt_mask,0.2,0.0,0.9346
PRDA_0135,PRDA_crop,3,ig_mask,0.3,0.0,0.9557
PRDA_0135,PRDA_crop,3,random_mask,0.3,0.0,0.9591
PRDA_0135,PRDA_crop,3,fft_mask,0.3,0.0,0.6336
PRDA_0135,PRDA_crop,3,gabor_mask,0.3,0.0,0.9578
PRDA_0135,PRDA_crop,3,dt_mask,0.3,0.0,0.9268
PJNA_0137,PJNA_crop,2,full,0.0,1.0,0.9194
PJNA_0137,PJNA_crop,2,ig_mask,0.1,0.0,0.8821
PJNA_0137,PJNA_crop,2,random_mask,0.1,0.2,0.739
PJNA_0137,PJNA_crop,2,fft_mask,0.1,1.0,0.9004
PJNA_0137,PJNA_crop,2,gabor_mask,0.1,1.0,0.875
PJNA_0137,PJNA_crop,2,dt_mask,0.1,1.0,0.9117
PJNA_0137,PJNA_crop,2,ig_mask,0.2,0.0,0.9301
PJNA_0137,PJNA_crop,2,random_mask,0.2,0.0,0.9214
PJNA_0137,PJNA_crop,2,fft_mask,0.2,1.0,0.8797
PJNA_0137,PJNA_crop,2,gabor_mask,0.2,0.0,0.9181
PJNA_0137,PJNA_crop,2,dt_mask,0.2,1.0,0.9094
PJNA_0137,PJNA_crop,2,ig_mask,0.3,0.0,0.9368
PJNA_0137,PJNA_crop,2,random_mask,0.3,0.0,0.9357
PJNA_0137,PJNA_crop,2,fft_mask,0.3,1.0,0.8225
PJNA_0137,PJNA_crop,2,gabor_mask,0.3,0.0,0.9604
PJNA_0137,PJNA_crop,2,dt_mask,0.3,1.0,0.9002
ARSE_0107,ARSE_crop,0,full,0.0,1.0,0.9352
ARSE_0107,ARSE_crop,0,ig_mask,0.1,0.0,0.4719
ARSE_0107,ARSE_crop,0,random_mask,0.1,0.0,0.6809
ARSE_0107,ARSE_crop,0,fft_mask,0.1,1.0,0.6922
ARSE_0107,ARSE_crop,0,gabor_mask,0.1,0.0,0.3698
ARSE_0107,ARSE_crop,0,dt_mask,0.1,1.0,0.9311
ARSE_0107,ARSE_crop,0,ig_mask,0.2,0.0,0.841
ARSE_0107,ARSE_crop,0,random_mask,0.2,0.0,0.5866
ARSE_0107,ARSE_crop,0,fft_mask,0.2,0.0,0.4585
ARSE_0107,ARSE_crop,0,gabor_mask,0.2,0.0,0.7134
ARSE_0107,ARSE_crop,0,dt_mask,0.2,1.0,0.9176
ARSE_0107,ARSE_crop,0,ig_mask,0.3,0.0,0.7904
ARSE_0107,ARSE_crop,0,random_mask,0.3,0.0,0.5034
ARSE_0107,ARSE_crop,0,fft_mask,0.3,0.0,0.7682
ARSE_0107,ARSE_crop,0,gabor_mask,0.3,0.0,0.8652
ARSE_0107,ARSE_crop,0,dt_mask,0.3,1.0,0.8249
PRPE_0030,PRPE_crop,4,full,0.0,1.0,0.9619
PRPE_0030,PRPE_crop,4,ig_mask,0.1,1.0,0.9633
PRPE_0030,PRPE_crop,4,random_mask,0.1,1.0,0.9552
PRPE_0030,PRPE_crop,4,fft_mask,0.1,0.0,0.6118
PRPE_0030,PRPE_crop,4,gabor_mask,0.1,1.0,0.9554
PRPE_0030,PRPE_crop,4,dt_mask,0.1,1.0,0.9627
PRPE_0030,PRPE_crop,4,ig_mask,0.2,1.0,0.9627
PRPE_0030,PRPE_crop,4,random_mask,0.2,1.0,0.9575
PRPE_0030,PRPE_crop,4,fft_mask,0.2,0.0,0.5345
PRPE_0030,PRPE_crop,4,gabor_mask,0.2,1.0,0.9484
PRPE_0030,PRPE_crop,4,dt_mask,0.2,1.0,0.9626
PRPE_0030,PRPE_crop,4,ig_mask,0.3,1.0,0.9581
PRPE_0030,PRPE_crop,4,random_mask,0.3,1.0,0.9578
PRPE_0030,PRPE_crop,4,fft_mask,0.3,0.0,0.7055
PRPE_0030,PRPE_crop,4,gabor_mask,0.3,1.0,0.9496
PRPE_0030,PRPE_crop,4,dt_mask,0.3,1.0,0.9601
PJNA_0146,PJNA_crop,2,full,0.0,1.0,0.9269
PJNA_0146,PJNA_crop,2,ig_mask,0.1,0.0,0.3904
PJNA_0146,PJNA_crop,2,random_mask,0.1,0.6,0.5356
PJNA_0146,PJNA_crop,2,fft_mask,0.1,1.0,0.8856
PJNA_0146,PJNA_crop,2,gabor_mask,0.1,1.0,0.8806
PJNA_0146,PJNA_crop,2,dt_mask,0.1,1.0,0.9218
PJNA_0146,PJNA_crop,2,ig_mask,0.2,0.0,0.7319
PJNA_0146,PJNA_crop,2,random_mask,0.2,0.0,0.7675
PJNA_0146,PJNA_crop,2,fft_mask,0.2,1.0,0.8957
PJNA_0146,PJNA_crop,2,gabor_mask,0.2,1.0,0.8246
PJNA_0146,PJNA_crop,2,dt_mask,0.2,1.0,0.9059
PJNA_0146,PJNA_crop,2,ig_mask,0.3,0.0,0.8961
PJNA_0146,PJNA_crop,2,random_mask,0.3,0.0,0.9003
PJNA_0146,PJNA_crop,2,fft_mask,0.3,0.0,0.7536
PJNA_0146,PJNA_crop,2,gabor_mask,0.3,0.0,0.8739
PJNA_0146,PJNA_crop,2,dt_mask,0.3,1.0,0.9081
PRPE_0239,PRPE_crop,4,full,0.0,1.0,0.9159
PRPE_0239,PRPE_crop,4,ig_mask,0.1,1.0,0.9617
PRPE_0239,PRPE_crop,4,random_mask,0.1,1.0,0.9626
PRPE_0239,PRPE_crop,4,fft_mask,0.1,1.0,0.8998
PRPE_0239,PRPE_crop,4,gabor_mask,0.1,1.0,0.9591
PRPE_0239,PRPE_crop,4,dt_mask,0.1,1.0,0.9407
PRPE_0239,PRPE_crop,4,ig_mask,0.2,1.0,0.9614
PRPE_0239,PRPE_crop,4,random_mask,0.2,1.0,0.9634
PRPE_0239,PRPE_crop,4,fft_mask,0.2,0.0,0.5492
PRPE_0239,PRPE_crop,4,gabor_mask,0.2,1.0,0.963
PRPE_0239,PRPE_crop,4,dt_mask,0.2,1.0,0.949
PRPE_0239,PRPE_crop,4,ig_mask,0.3,1.0,0.9591
PRPE_0239,PRPE_crop,4,random_mask,0.3,1.0,0.9627
PRPE_0239,PRPE_crop,4,fft_mask,0.3,0.0,0.4312
PRPE_0239,PRPE_crop,4,gabor_mask,0.3,1.0,0.9644
PRPE_0239,PRPE_crop,4,dt_mask,0.3,1.0,0.9476
PRPE_0179,PRPE_crop,4,full,0.0,1.0,0.9049
PRPE_0179,PRPE_crop,4,ig_mask,0.1,1.0,0.9605
PRPE_0179,PRPE_crop,4,random_mask,0.1,1.0,0.9539
PRPE_0179,PRPE_crop,4,fft_mask,0.1,1.0,0.5778
PRPE_0179,PRPE_crop,4,gabor_mask,0.1,1.0,0.9504
PRPE_0179,PRPE_crop,4,dt_mask,0.1,1.0,0.9145
PRPE_0179,PRPE_crop,4,ig_mask,0.2,1.0,0.961
PRPE_0179,PRPE_crop,4,random_mask,0.2,1.0,0.9589
PRPE_0179,PRPE_crop,4,fft_mask,0.2,0.0,0.8595
PRPE_0179,PRPE_crop,4,gabor_mask,0.2,1.0,0.957
PRPE_0179,PRPE_crop,4,dt_mask,0.2,1.0,0.9499
PRPE_0179,PRPE_crop,4,ig_mask,0.3,1.0,0.9534
PRPE_0179,PRPE_crop,4,random_mask,0.3,1.0,0.9585
PRPE_0179,PRPE_crop,4,fft_mask,0.3,0.0,0.7756
PRPE_0179,PRPE_crop,4,gabor_mask,0.3,1.0,0.9612
PRPE_0179,PRPE_crop,4,dt_mask,0.3,1.0,0.9307
ARSE_0198,ARSE_crop,0,full,0.0,1.0,0.923
ARSE_0198,ARSE_crop,0,ig_mask,0.1,0.0,0.9052
ARSE_0198,ARSE_crop,0,random_mask,0.1,0.0,0.8725
ARSE_0198,ARSE_crop,0,fft_mask,0.1,0.0,0.7003
ARSE_0198,ARSE_crop,0,gabor_mask,0.1,0.0,0.462
ARSE_0198,ARSE_crop,0,dt_mask,0.1,1.0,0.9311
ARSE_0198,ARSE_crop,0,ig_mask,0.2,0.0,0.9469
ARSE_0198,ARSE_crop,0,random_mask,0.2,0.0,0.9353
ARSE_0198,ARSE_crop,0,fft_mask,0.2,0.0,0.8059
ARSE_0198,ARSE_crop,0,gabor_mask,0.2,0.0,0.8218
ARSE_0198,ARSE_crop,0,dt_mask,0.2,1.0,0.9218
ARSE_0198,ARSE_crop,0,ig_mask,0.3,0.0,0.9408
ARSE_0198,ARSE_crop,0,random_mask,0.3,0.0,0.9447
ARSE_0198,ARSE_crop,0,fft_mask,0.3,0.0,0.4418
ARSE_0198,ARSE_crop,0,gabor_mask,0.3,0.0,0.9551
ARSE_0198,ARSE_crop,0,dt_mask,0.3,1.0,0.8952
PRPE_0219,PRPE_crop,4,full,0.0,1.0,0.731
PRPE_0219,PRPE_crop,4,ig_mask,0.1,1.0,0.9593
PRPE_0219,PRPE_crop,4,random_mask,0.1,1.0,0.9473
PRPE_0219,PRPE_crop,4,fft_mask,0.1,1.0,0.7882
PRPE_0219,PRPE_crop,4,gabor_mask,0.1,1.0,0.8055
PRPE_0219,PRPE_crop,4,dt_mask,0.1,1.0,0.9037
PRPE_0219,PRPE_crop,4,ig_mask,0.2,1.0,0.958
PRPE_0219,PRPE_crop,4,random_mask,0.2,1.0,0.9564
PRPE_0219,PRPE_crop,4,fft_mask,0.2,0.0,0.4999
PRPE_0219,PRPE_crop,4,gabor_mask,0.2,1.0,0.4323
PRPE_0219,PRPE_crop,4,dt_mask,0.2,1.0,0.9217
PRPE_0219,PRPE_crop,4,ig_mask,0.3,1.0,0.9567
PRPE_0219,PRPE_crop,4,random_mask,0.3,1.0,0.9581
PRPE_0219,PRPE_crop,4,fft_mask,0.3,0.0,0.7491
PRPE_0219,PRPE_crop,4,gabor_mask,0.3,1.0,0.921
PRPE_0219,PRPE_crop,4,dt_mask,0.3,1.0,0.9116
PRDA_0116,PRDA_crop,3,full,0.0,1.0,0.8197
PRDA_0116,PRDA_crop,3,ig_mask,0.1,0.0,0.9422
PRDA_0116,PRDA_crop,3,random_mask,0.1,0.0,0.7561
PRDA_0116,PRDA_crop,3,fft_mask,0.1,1.0,0.5091
PRDA_0116,PRDA_crop,3,gabor_mask,0.1,1.0,0.78
PRDA_0116,PRDA_crop,3,dt_mask,0.1,1.0,0.802
PRDA_0116,PRDA_crop,3,ig_mask,0.2,0.0,0.9601
PRDA_0116,PRDA_crop,3,random_mask,0.2,0.0,0.8636
PRDA_0116,PRDA_crop,3,fft_mask,0.2,1.0,0.5084
PRDA_0116,PRDA_crop,3,gabor_mask,0.2,0.0,0.6456
PRDA_0116,PRDA_crop,3,dt_mask,0.2,1.0,0.7034
PRDA_0116,PRDA_crop,3,ig_mask,0.3,0.0,0.9552
PRDA_0116,PRDA_crop,3,random_mask,0.3,0.0,0.9154
PRDA_0116,PRDA_crop,3,fft_mask,0.3,0.0,0.4868
PRDA_0116,PRDA_crop,3,gabor_mask,0.3,0.0,0.9327
PRDA_0116,PRDA_crop,3,dt_mask,0.3,0.0,0.4155
ARSE_0134,ARSE_crop,0,full,0.0,1.0,0.9419
ARSE_0134,ARSE_crop,0,ig_mask,0.1,0.0,0.6199
ARSE_0134,ARSE_crop,0,random_mask,0.1,0.0,0.6985
ARSE_0134,ARSE_crop,0,fft_mask,0.1,1.0,0.6368
ARSE_0134,ARSE_crop,0,gabor_mask,0.1,0.0,0.4256
ARSE_0134,ARSE_crop,0,dt_mask,0.1,1.0,0.9381
ARSE_0134,ARSE_crop,0,ig_mask,0.2,0.0,0.6366
ARSE_0134,ARSE_crop,0,random_mask,0.2,0.0,0.5834
ARSE_0134,ARSE_crop,0,fft_mask,0.2,0.0,0.4296
ARSE_0134,ARSE_crop,0,gabor_mask,0.2,0.0,0.8607
ARSE_0134,ARSE_crop,0,dt_mask,0.2,1.0,0.9323
ARSE_0134,ARSE_crop,0,ig_mask,0.3,0.0,0.803
ARSE_0134,ARSE_crop,0,random_mask,0.3,0.0,0.5095
ARSE_0134,ARSE_crop,0,fft_mask,0.3,0.0,0.8146
ARSE_0134,ARSE_crop,0,gabor_mask,0.3,0.0,0.9225
ARSE_0134,ARSE_crop,0,dt_mask,0.3,1.0,0.9107
ARSE_0129,ARSE_crop,0,full,0.0,1.0,0.94
ARSE_0129,ARSE_crop,0,ig_mask,0.1,0.0,0.4938
ARSE_0129,ARSE_crop,0,random_mask,0.1,0.0,0.8661
ARSE_0129,ARSE_crop,0,fft_mask,0.1,1.0,0.784
ARSE_0129,ARSE_crop,0,gabor_mask,0.1,0.0,0.5394
ARSE_0129,ARSE_crop,0,dt_mask,0.1,1.0,0.9416
ARSE_0129,ARSE_crop,0,ig_mask,0.2,0.0,0.9334
ARSE_0129,ARSE_crop,0,random_mask,0.2,0.0,0.8907
ARSE_0129,ARSE_crop,0,fft_mask,0.2,0.0,0.9032
ARSE_0129,ARSE_crop,0,gabor_mask,0.2,0.0,0.8758
ARSE_0129,ARSE_crop,0,dt_mask,0.2,1.0,0.9325
ARSE_0129,ARSE_crop,0,ig_mask,0.3,0.0,0.9434
ARSE_0129,ARSE_crop,0,random_mask,0.3,0.0,0.9267
ARSE_0129,ARSE_crop,0,fft_mask,0.3,0.0,0.8055
ARSE_0129,ARSE_crop,0,gabor_mask,0.3,0.0,0.9108
ARSE_0129,ARSE_crop,0,dt_mask,0.3,1.0,0.9225
ARSE_0087,ARSE_crop,0,full,0.0,1.0,0.9411
ARSE_0087,ARSE_crop,0,ig_mask,0.1,0.0,0.4408
ARSE_0087,ARSE_crop,0,random_mask,0.1,0.0,0.7648
ARSE_0087,ARSE_crop,0,fft_mask,0.1,1.0,0.3968
ARSE_0087,ARSE_crop,0,gabor_mask,0.1,0.0,0.4542
ARSE_0087,ARSE_crop,0,dt_mask,0.1,1.0,0.9398
ARSE_0087,ARSE_crop,0,ig_mask,0.2,0.0,0.9407
ARSE_0087,ARSE_crop,0,random_mask,0.2,0.0,0.5946
ARSE_0087,ARSE_crop,0,fft_mask,0.2,0.0,0.7482
ARSE_0087,ARSE_crop,0,gabor_mask,0.2,0.0,0.8401
ARSE_0087,ARSE_crop,0,dt_mask,0.2,1.0,0.9372
ARSE_0087,ARSE_crop,0,ig_mask,0.3,0.0,0.957
ARSE_0087,ARSE_crop,0,random_mask,0.3,0.0,0.4474
ARSE_0087,ARSE_crop,0,fft_mask,0.3,0.0,0.8237
ARSE_0087,ARSE_crop,0,gabor_mask,0.3,0.0,0.9256
ARSE_0087,ARSE_crop,0,dt_mask,0.3,1.0,0.9245
PRDA_0117,PRDA_crop,3,full,0.0,1.0,0.7734
PRDA_0117,PRDA_crop,3,ig_mask,0.1,0.0,0.919
PRDA_0117,PRDA_crop,3,random_mask,0.1,0.7,0.5835
PRDA_0117,PRDA_crop,3,fft_mask,0.1,0.0,0.5173
PRDA_0117,PRDA_crop,3,gabor_mask,0.1,1.0,0.7081
PRDA_0117,PRDA_crop,3,dt_mask,0.1,1.0,0.5906
PRDA_0117,PRDA_crop,3,ig_mask,0.2,0.0,0.9399
PRDA_0117,PRDA_crop,3,random_mask,0.2,0.2,0.6163
PRDA_0117,PRDA_crop,3,fft_mask,0.2,1.0,0.4942
PRDA_0117,PRDA_crop,3,gabor_mask,0.2,1.0,0.3294
PRDA_0117,PRDA_crop,3,dt_mask,0.2,1.0,0.4718
PRDA_0117,PRDA_crop,3,ig_mask,0.3,0.0,0.9372
PRDA_0117,PRDA_crop,3,random_mask,0.3,0.0,0.7954
PRDA_0117,PRDA_crop,3,fft_mask,0.3,0.0,0.5462
PRDA_0117,PRDA_crop,3,gabor_mask,0.3,0.0,0.5712
PRDA_0117,PRDA_crop,3,dt_mask,0.3,0.0,0.5426
PJNA_0084,PJNA_crop,2,full,0.0,1.0,0.928
PJNA_0084,PJNA_crop,2,ig_mask,0.1,0.0,0.6308
PJNA_0084,PJNA_crop,2,random_mask,0.1,0.5,0.5745
PJNA_0084,PJNA_crop,2,fft_mask,0.1,1.0,0.8688
PJNA_0084,PJNA_crop,2,gabor_mask,0.1,1.0,0.8672
PJNA_0084,PJNA_crop,2,dt_mask,0.1,1.0,0.9225
PJNA_0084,PJNA_crop,2,ig_mask,0.2,0.0,0.9213
PJNA_0084,PJNA_crop,2,random_mask,0.2,0.1,0.7626
PJNA_0084,PJNA_crop,2,fft_mask,0.2,1.0,0.8653
PJNA_0084,PJNA_crop,2,gabor_mask,0.2,1.0,0.5406
PJNA_0084,PJNA_crop,2,dt_mask,0.2,1.0,0.9187
PJNA_0084,PJNA_crop,2,ig_mask,0.3,0.0,0.9478
PJNA_0084,PJNA_crop,2,random_mask,0.3,0.0,0.8673
PJNA_0084,PJNA_crop,2,fft_mask,0.3,1.0,0.709
PJNA_0084,PJNA_crop,2,gabor_mask,0.3,0.0,0.8587
PJNA_0084,PJNA_crop,2,dt_mask,0.3,1.0,0.9109
ARSE_0160,ARSE_crop,0,full,0.0,1.0,0.9422
ARSE_0160,ARSE_crop,0,ig_mask,0.1,0.0,0.8461
ARSE_0160,ARSE_crop,0,random_mask,0.1,0.0,0.8036
ARSE_0160,ARSE_crop,0,fft_mask,0.1,1.0,0.5754
ARSE_0160,ARSE_crop,0,gabor_mask,0.1,1.0,0.4697
ARSE_0160,ARSE_crop,0,dt_mask,0.1,1.0,0.9382
ARSE_0160,ARSE_crop,0,ig_mask,0.2,0.0,0.9454
ARSE_0160,ARSE_crop,0,random_mask,0.2,0.0,0.8138
ARSE_0160,ARSE_crop,0,fft_mask,0.2,0.0,0.8306
ARSE_0160,ARSE_crop,0,gabor_mask,0.2,0.0,0.6834
ARSE_0160,ARSE_crop,0,dt_mask,0.2,1.0,0.9334
ARSE_0160,ARSE_crop,0,ig_mask,0.3,0.0,0.9345
ARSE_0160,ARSE_crop,0,random_mask,0.3,0.0,0.8074
ARSE_0160,ARSE_crop,0,fft_mask,0.3,0.0,0.8892
ARSE_0160,ARSE_crop,0,gabor_mask,0.3,0.0,0.843
ARSE_0160,ARSE_crop,0,dt_mask,0.3,1.0,0.9164
ARSE_0050,ARSE_crop,0,full,0.0,1.0,0.9403
ARSE_0050,ARSE_crop,0,ig_mask,0.1,0.0,0.4639
ARSE_0050,ARSE_crop,0,random_mask,0.1,0.0,0.8694
ARSE_0050,ARSE_crop,0,fft_mask,0.1,0.0,0.4501
ARSE_0050,ARSE_crop,0,gabor_mask,0.1,0.0,0.3159
ARSE_0050,ARSE_crop,0,dt_mask,0.1,1.0,0.9317
ARSE_0050,ARSE_crop,0,ig_mask,0.2,0.0,0.9114
ARSE_0050,ARSE_crop,0,random_mask,0.2,0.0,0.9028
ARSE_0050,ARSE_crop,0,fft_mask,0.2,0.0,0.9012
ARSE_0050,ARSE_crop,0,gabor_mask,0.2,0.0,0.7836
ARSE_0050,ARSE_crop,0,dt_mask,0.2,1.0,0.9253
ARSE_0050,ARSE_crop,0,ig_mask,0.3,0.0,0.9324
ARSE_0050,ARSE_crop,0,random_mask,0.3,0.0,0.8764
ARSE_0050,ARSE_crop,0,fft_mask,0.3,0.0,0.8088
ARSE_0050,ARSE_crop,0,gabor_mask,0.3,0.0,0.9624
ARSE_0050,ARSE_crop,0,dt_mask,0.3,1.0,0.8886
PRDA_0007,PRDA_crop,3,full,0.0,1.0,0.5397
PRDA_0007,PRDA_crop,3,ig_mask,0.1,0.0,0.9503
PRDA_0007,PRDA_crop,3,random_mask,0.1,0.0,0.9224
PRDA_0007,PRDA_crop,3,fft_mask,0.1,0.0,0.4872
PRDA_0007,PRDA_crop,3,gabor_mask,0.1,0.0,0.9404
PRDA_0007,PRDA_crop,3,dt_mask,0.1,0.0,0.6811
PRDA_0007,PRDA_crop,3,ig_mask,0.2,0.0,0.9553
PRDA_0007,PRDA_crop,3,random_mask,0.2,0.0,0.9489
PRDA_0007,PRDA_crop,3,fft_mask,0.2,0.0,0.5531
PRDA_0007,PRDA_crop,3,gabor_mask,0.2,0.0,0.9448
PRDA_0007,PRDA_crop,3,dt_mask,0.2,0.0,0.8095
PRDA_0007,PRDA_crop,3,ig_mask,0.3,0.0,0.9492
PRDA_0007,PRDA_crop,3,random_mask,0.3,0.0,0.9557
PRDA_0007,PRDA_crop,3,fft_mask,0.3,0.0,0.8103
PRDA_0007,PRDA_crop,3,gabor_mask,0.3,0.0,0.9595
PRDA_0007,PRDA_crop,3,dt_mask,0.3,0.0,0.6383
ARSE_0099,ARSE_crop,0,full,0.0,1.0,0.9348
ARSE_0099,ARSE_crop,0,ig_mask,0.1,0.0,0.4789
ARSE_0099,ARSE_crop,0,random_mask,0.1,0.0,0.6531
ARSE_0099,ARSE_crop,0,fft_mask,0.1,1.0,0.4908
ARSE_0099,ARSE_crop,0,gabor_mask,0.1,0.0,0.4232
ARSE_0099,ARSE_crop,0,dt_mask,0.1,1.0,0.9214
ARSE_0099,ARSE_crop,0,ig_mask,0.2,0.0,0.8699
ARSE_0099,ARSE_crop,0,random_mask,0.2,0.0,0.5252
ARSE_0099,ARSE_crop,0,fft_mask,0.2,0.0,0.6699
ARSE_0099,ARSE_crop,0,gabor_mask,0.2,0.0,0.8819
ARSE_0099,ARSE_crop,0,dt_mask,0.2,1.0,0.9061
ARSE_0099,ARSE_crop,0,ig_mask,0.3,0.0,0.9088
ARSE_0099,ARSE_crop,0,random_mask,0.3,0.0,0.6424
ARSE_0099,ARSE_crop,0,fft_mask,0.3,0.0,0.7921
ARSE_0099,ARSE_crop,0,gabor_mask,0.3,0.0,0.79
ARSE_0099,ARSE_crop,0,dt_mask,0.3,1.0,0.8092
PJNA_0189,PJNA_crop,2,full,0.0,1.0,0.9225
PJNA_0189,PJNA_crop,2,ig_mask,0.1,0.0,0.4932
PJNA_0189,PJNA_crop,2,random_mask,0.1,0.4,0.5728
PJNA_0189,PJNA_crop,2,fft_mask,0.1,1.0,0.7879
PJNA_0189,PJNA_crop,2,gabor_mask,0.1,1.0,0.8425
PJNA_0189,PJNA_crop,2,dt_mask,0.1,1.0,0.9127
PJNA_0189,PJNA_crop,2,ig_mask,0.2,0.0,0.7387
PJNA_0189,PJNA_crop,2,random_mask,0.2,0.3,0.6921
PJNA_0189,PJNA_crop,2,fft_mask,0.2,1.0,0.9005
PJNA_0189,PJNA_crop,2,gabor_mask,0.2,0.0,0.9234
PJNA_0189,PJNA_crop,2,dt_mask,0.2,1.0,0.9046
PJNA_0189,PJNA_crop,2,ig_mask,0.3,0.0,0.818
PJNA_0189,PJNA_crop,2,random_mask,0.3,0.0,0.8415
PJNA_0189,PJNA_crop,2,fft_mask,0.3,1.0,0.823
PJNA_0189,PJNA_crop,2,gabor_mask,0.3,0.0,0.9557
PJNA_0189,PJNA_crop,2,dt_mask,0.3,1.0,0.9056
ARSE_0116,ARSE_crop,0,full,0.0,1.0,0.9372
ARSE_0116,ARSE_crop,0,ig_mask,0.1,0.0,0.8684
ARSE_0116,ARSE_crop,0,random_mask,0.1,0.0,0.8554
ARSE_0116,ARSE_crop,0,fft_mask,0.1,0.0,0.6388
ARSE_0116,ARSE_crop,0,gabor_mask,0.1,0.0,0.4534
ARSE_0116,ARSE_crop,0,dt_mask,0.1,1.0,0.9297
ARSE_0116,ARSE_crop,0,ig_mask,0.2,0.0,0.9079
ARSE_0116,ARSE_crop,0,random_mask,0.2,0.0,0.9053
ARSE_0116,ARSE_crop,0,fft_mask,0.2,0.0,0.8995
ARSE_0116,ARSE_crop,0,gabor_mask,0.2,0.0,0.9069
ARSE_0116,ARSE_crop,0,dt_mask,0.2,1.0,0.9218
ARSE_0116,ARSE_crop,0,ig_mask,0.3,0.0,0.8896
ARSE_0116,ARSE_crop,0,random_mask,0.3,0.0,0.8856
ARSE_0116,ARSE_crop,0,fft_mask,0.3,0.0,0.8586
ARSE_0116,ARSE_crop,0,gabor_mask,0.3,0.0,0.9401
ARSE_0116,ARSE_crop,0,dt_mask,0.3,1.0,0.876
ARSE_0103,ARSE_crop,0,full,0.0,1.0,0.9233
ARSE_0103,ARSE_crop,0,ig_mask,0.1,0.0,0.5555
ARSE_0103,ARSE_crop,0,random_mask,0.1,0.0,0.5787
ARSE_0103,ARSE_crop,0,fft_mask,0.1,1.0,0.5619
ARSE_0103,ARSE_crop,0,gabor_mask,0.1,0.0,0.3988
ARSE_0103,ARSE_crop,0,dt_mask,0.1,1.0,0.9292
ARSE_0103,ARSE_crop,0,ig_mask,0.2,0.0,0.9139
ARSE_0103,ARSE_crop,0,random_mask,0.2,0.0,0.4576
ARSE_0103,ARSE_crop,0,fft_mask,0.2,0.0,0.6157
ARSE_0103,ARSE_crop,0,gabor_mask,0.2,0.0,0.886
ARSE_0103,ARSE_crop,0,dt_mask,0.2,1.0,0.9217
ARSE_0103,ARSE_crop,0,ig_mask,0.3,0.0,0.9268
ARSE_0103,ARSE_crop,0,random_mask,0.3,0.0,0.6023
ARSE_0103,ARSE_crop,0,fft_mask,0.3,0.0,0.8256
ARSE_0103,ARSE_crop,0,gabor_mask,0.3,0.0,0.9375
ARSE_0103,ARSE_crop,0,dt_mask,0.3,1.0,0.694
PRDA_0089,PRDA_crop,3,full,0.0,1.0,0.7964
PRDA_0089,PRDA_crop,3,ig_mask,0.1,0.0,0.9519
PRDA_0089,PRDA_crop,3,random_mask,0.1,0.0,0.8908
PRDA_0089,PRDA_crop,3,fft_mask,0.1,0.0,0.5187
PRDA_0089,PRDA_crop,3,gabor_mask,0.1,1.0,0.4355
PRDA_0089,PRDA_crop,3,dt_mask,0.1,1.0,0.749
PRDA_0089,PRDA_crop,3,ig_mask,0.2,0.0,0.9559
PRDA_0089,PRDA_crop,3,random_mask,0.2,0.0,0.9378
PRDA_0089,PRDA_crop,3,fft_mask,0.2,0.0,0.5327
PRDA_0089,PRDA_crop,3,gabor_mask,0.2,0.0,0.9419
PRDA_0089,PRDA_crop,3,dt_mask,0.2,1.0,0.44
PRDA_0089,PRDA_crop,3,ig_mask,0.3,0.0,0.9533
PRDA_0089,PRDA_crop,3,random_mask,0.3,0.0,0.9474
PRDA_0089,PRDA_crop,3,fft_mask,0.3,0.0,0.7159
PRDA_0089,PRDA_crop,3,gabor_mask,0.3,0.0,0.9556
PRDA_0089,PRDA_crop,3,dt_mask,0.3,0.0,0.4598
ARSS_0095,ARSS_crop,1,full,0.0,1.0,0.9685
ARSS_0095,ARSS_crop,1,ig_mask,0.1,0.0,0.604
ARSS_0095,ARSS_crop,1,random_mask,0.1,0.0,0.6995
ARSS_0095,ARSS_crop,1,fft_mask,0.1,0.0,0.2863
ARSS_0095,ARSS_crop,1,gabor_mask,0.1,0.0,0.5228
ARSS_0095,ARSS_crop,1,dt_mask,0.1,1.0,0.953
ARSS_0095,ARSS_crop,1,ig_mask,0.2,0.0,0.9349
ARSS_0095,ARSS_crop,1,random_mask,0.2,0.0,0.8665
ARSS_0095,ARSS_crop,1,fft_mask,0.2,0.0,0.4389
ARSS_0095,ARSS_crop,1,gabor_mask,0.2,0.0,0.9208
ARSS_0095,ARSS_crop,1,dt_mask,0.2,1.0,0.9408
ARSS_0095,ARSS_crop,1,ig_mask,0.3,0.0,0.896
ARSS_0095,ARSS_crop,1,random_mask,0.3,0.0,0.8619
ARSS_0095,ARSS_crop,1,fft_mask,0.3,0.0,0.6394
ARSS_0095,ARSS_crop,1,gabor_mask,0.3,0.0,0.9567
ARSS_0095,ARSS_crop,1,dt_mask,0.3,1.0,0.9259
PRDA_0004,PRDA_crop,3,full,0.0,1.0,0.8035
PRDA_0004,PRDA_crop,3,ig_mask,0.1,0.0,0.5859
PRDA_0004,PRDA_crop,3,random_mask,0.1,1.0,0.6465
PRDA_0004,PRDA_crop,3,fft_mask,0.1,0.0,0.6889
PRDA_0004,PRDA_crop,3,gabor_mask,0.1,1.0,0.7211
PRDA_0004,PRDA_crop,3,dt_mask,0.1,1.0,0.7477
PRDA_0004,PRDA_crop,3,ig_mask,0.2,0.0,0.8654
PRDA_0004,PRDA_crop,3,random_mask,0.2,0.0,0.5781
PRDA_0004,PRDA_crop,3,fft_mask,0.2,0.0,0.599
PRDA_0004,PRDA_crop,3,gabor_mask,0.2,0.0,0.4713
PRDA_0004,PRDA_crop,3,dt_mask,0.2,1.0,0.5402
PRDA_0004,PRDA_crop,3,ig_mask,0.3,0.0,0.9035
PRDA_0004,PRDA_crop,3,random_mask,0.3,0.0,0.8061
PRDA_0004,PRDA_crop,3,fft_mask,0.3,0.0,0.7124
PRDA_0004,PRDA_crop,3,gabor_mask,0.3,0.0,0.7395
PRDA_0004,PRDA_crop,3,dt_mask,0.3,1.0,0.472
PJNA_0093,PJNA_crop,2,full,0.0,1.0,0.9192
PJNA_0093,PJNA_crop,2,ig_mask,0.1,1.0,0.4951
PJNA_0093,PJNA_crop,2,random_mask,0.1,1.0,0.7521
PJNA_0093,PJNA_crop,2,fft_mask,0.1,1.0,0.8806
PJNA_0093,PJNA_crop,2,gabor_mask,0.1,1.0,0.8904
PJNA_0093,PJNA_crop,2,dt_mask,0.1,1.0,0.917
PJNA_0093,PJNA_crop,2,ig_mask,0.2,0.0,0.9045
PJNA_0093,PJNA_crop,2,random_mask,0.2,0.5,0.6573
PJNA_0093,PJNA_crop,2,fft_mask,0.2,1.0,0.8939
PJNA_0093,PJNA_crop,2,gabor_mask,0.2,1.0,0.8
PJNA_0093,PJNA_crop,2,dt_mask,0.2,1.0,0.9113
PJNA_0093,PJNA_crop,2,ig_mask,0.3,0.0,0.9281
PJNA_0093,PJNA_crop,2,random_mask,0.3,0.2,0.6909
PJNA_0093,PJNA_crop,2,fft_mask,0.3,0.0,0.7794
PJNA_0093,PJNA_crop,2,gabor_mask,0.3,0.0,0.9184
PJNA_0093,PJNA_crop,2,dt_mask,0.3,1.0,0.9077
PRPE_0189,PRPE_crop,4,full,0.0,1.0,0.9544
PRPE_0189,PRPE_crop,4,ig_mask,0.1,1.0,0.9565
PRPE_0189,PRPE_crop,4,random_mask,0.1,1.0,0.9545
PRPE_0189,PRPE_crop,4,fft_mask,0.1,1.0,0.5754
PRPE_0189,PRPE_crop,4,gabor_mask,0.1,1.0,0.9318
PRPE_0189,PRPE_crop,4,dt_mask,0.1,1.0,0.9514
PRPE_0189,PRPE_crop,4,ig_mask,0.2,1.0,0.9481
PRPE_0189,PRPE_crop,4,random_mask,0.2,1.0,0.9575
PRPE_0189,PRPE_crop,4,fft_mask,0.2,0.0,0.6383
PRPE_0189,PRPE_crop,4,gabor_mask,0.2,1.0,0.9291
PRPE_0189,PRPE_crop,4,dt_mask,0.2,1.0,0.9568
PRPE_0189,PRPE_crop,4,ig_mask,0.3,1.0,0.94
PRPE_0189,PRPE_crop,4,random_mask,0.3,1.0,0.958
PRPE_0189,PRPE_crop,4,fft_mask,0.3,0.0,0.5219
PRPE_0189,PRPE_crop,4,gabor_mask,0.3,1.0,0.9131
PRPE_0189,PRPE_crop,4,dt_mask,0.3,1.0,0.9547
PRPE_0093,PRPE_crop,4,full,0.0,1.0,0.9606
PRPE_0093,PRPE_crop,4,ig_mask,0.1,1.0,0.9589
PRPE_0093,PRPE_crop,4,random_mask,0.1,1.0,0.9597
PRPE_0093,PRPE_crop,4,fft_mask,0.1,1.0,0.9063
PRPE_0093,PRPE_crop,4,gabor_mask,0.1,1.0,0.9564
PRPE_0093,PRPE_crop,4,dt_mask,0.1,1.0,0.9595
PRPE_0093,PRPE_crop,4,ig_mask,0.2,1.0,0.9578
PRPE_0093,PRPE_crop,4,random_mask,0.2,1.0,0.9604
PRPE_0093,PRPE_crop,4,fft_mask,0.2,0.0,0.5955
PRPE_0093,PRPE_crop,4,gabor_mask,0.2,1.0,0.9585
PRPE_0093,PRPE_crop,4,dt_mask,0.2,1.0,0.9597
PRPE_0093,PRPE_crop,4,ig_mask,0.3,1.0,0.9586
PRPE_0093,PRPE_crop,4,random_mask,0.3,1.0,0.9605
PRPE_0093,PRPE_crop,4,fft_mask,0.3,1.0,0.6076
PRPE_0093,PRPE_crop,4,gabor_mask,0.3,1.0,0.9559
PRPE_0093,PRPE_crop,4,dt_mask,0.3,1.0,0.9366
ARSS_0202,ARSS_crop,1,full,0.0,1.0,0.9736
ARSS_0202,ARSS_crop,1,ig_mask,0.1,1.0,0.4977
ARSS_0202,ARSS_crop,1,random_mask,0.1,0.0,0.6226
ARSS_0202,ARSS_crop,1,fft_mask,0.1,1.0,0.3851
ARSS_0202,ARSS_crop,1,gabor_mask,0.1,1.0,0.7846
ARSS_0202,ARSS_crop,1,dt_mask,0.1,1.0,0.9681
ARSS_0202,ARSS_crop,1,ig_mask,0.2,0.0,0.5822
ARSS_0202,ARSS_crop,1,random_mask,0.2,0.0,0.6114
ARSS_0202,ARSS_crop,1,fft_mask,0.2,0.0,0.3109
ARSS_0202,ARSS_crop,1,gabor_mask,0.2,0.0,0.7085
ARSS_0202,ARSS_crop,1,dt_mask,0.2,1.0,0.9682
ARSS_0202,ARSS_crop,1,ig_mask,0.3,0.0,0.7542
ARSS_0202,ARSS_crop,1,random_mask,0.3,0.0,0.7391
ARSS_0202,ARSS_crop,1,fft_mask,0.3,0.0,0.4628
ARSS_0202,ARSS_crop,1,gabor_mask,0.3,0.0,0.9529
ARSS_0202,ARSS_crop,1,dt_mask,0.3,1.0,0.9574
ARSE_0020,ARSE_crop,0,full,0.0,1.0,0.9295
ARSE_0020,ARSE_crop,0,ig_mask,0.1,0.0,0.6404
ARSE_0020,ARSE_crop,0,random_mask,0.1,0.0,0.9
ARSE_0020,ARSE_crop,0,fft_mask,0.1,0.0,0.7448
ARSE_0020,ARSE_crop,0,gabor_mask,0.1,1.0,0.4217
ARSE_0020,ARSE_crop,0,dt_mask,0.1,1.0,0.9174
ARSE_0020,ARSE_crop,0,ig_mask,0.2,0.0,0.9138
ARSE_0020,ARSE_crop,0,random_mask,0.2,0.0,0.9225
ARSE_0020,ARSE_crop,0,fft_mask,0.2,0.0,0.8681
ARSE_0020,ARSE_crop,0,gabor_mask,0.2,0.0,0.7027
ARSE_0020,ARSE_crop,0,dt_mask,0.2,1.0,0.8956
ARSE_0020,ARSE_crop,0,ig_mask,0.3,0.0,0.9131
ARSE_0020,ARSE_crop,0,random_mask,0.3,0.0,0.9191
ARSE_0020,ARSE_crop,0,fft_mask,0.3,0.0,0.6607
ARSE_0020,ARSE_crop,0,gabor_mask,0.3,0.0,0.7887
ARSE_0020,ARSE_crop,0,dt_mask,0.3,1.0,0.843
PRPE_0209,PRPE_crop,4,full,0.0,1.0,0.956
PRPE_0209,PRPE_crop,4,ig_mask,0.1,1.0,0.9604
PRPE_0209,PRPE_crop,4,random_mask,0.1,1.0,0.9581
PRPE_0209,PRPE_crop,4,fft_mask,0.1,1.0,0.5978
PRPE_0209,PRPE_crop,4,gabor_mask,0.1,1.0,0.9577
PRPE_0209,PRPE_crop,4,dt_mask,0.1,1.0,0.9574
PRPE_0209,PRPE_crop,4,ig_mask,0.2,1.0,0.9606
PRPE_0209,PRPE_crop,4,random_mask,0.2,1.0,0.9592
PRPE_0209,PRPE_crop,4,fft_mask,0.2,0.0,0.8115
PRPE_0209,PRPE_crop,4,gabor_mask,0.2,1.0,0.9549
PRPE_0209,PRPE_crop,4,dt_mask,0.2,1.0,0.9509
PRPE_0209,PRPE_crop,4,ig_mask,0.3,1.0,0.9574
PRPE_0209,PRPE_crop,4,random_mask,0.3,1.0,0.9576
PRPE_0209,PRPE_crop,4,fft_mask,0.3,0.0,0.5169
PRPE_0209,PRPE_crop,4,gabor_mask,0.3,1.0,0.9472
PRPE_0209,PRPE_crop,4,dt_mask,0.3,1.0,0.9223
PRPE_0082,PRPE_crop,4,full,0.0,1.0,0.9612
PRPE_0082,PRPE_crop,4,ig_mask,0.1,1.0,0.9591
PRPE_0082,PRPE_crop,4,random_mask,0.1,1.0,0.9545
PRPE_0082,PRPE_crop,4,fft_mask,0.1,1.0,0.9499
PRPE_0082,PRPE_crop,4,gabor_mask,0.1,1.0,0.9575
PRPE_0082,PRPE_crop,4,dt_mask,0.1,1.0,0.9613
PRPE_0082,PRPE_crop,4,ig_mask,0.2,1.0,0.9632
PRPE_0082,PRPE_crop,4,random_mask,0.2,1.0,0.9581
PRPE_0082,PRPE_crop,4,fft_mask,0.2,1.0,0.5261
PRPE_0082,PRPE_crop,4,gabor_mask,0.2,1.0,0.9572
PRPE_0082,PRPE_crop,4,dt_mask,0.2,1.0,0.9609
PRPE_0082,PRPE_crop,4,ig_mask,0.3,1.0,0.9634
PRPE_0082,PRPE_crop,4,random_mask,0.3,1.0,0.9579
PRPE_0082,PRPE_crop,4,fft_mask,0.3,0.0,0.8136
PRPE_0082,PRPE_crop,4,gabor_mask,0.3,1.0,0.9576
PRPE_0082,PRPE_crop,4,dt_mask,0.3,1.0,0.9577
PRPE_0111,PRPE_crop,4,full,0.0,1.0,0.9561
PRPE_0111,PRPE_crop,4,ig_mask,0.1,1.0,0.9536
PRPE_0111,PRPE_crop,4,random_mask,0.1,1.0,0.9397
PRPE_0111,PRPE_crop,4,fft_mask,0.1,0.0,0.8322
PRPE_0111,PRPE_crop,4,gabor_mask,0.1,0.0,0.4048
PRPE_0111,PRPE_crop,4,dt_mask,0.1,1.0,0.9569
PRPE_0111,PRPE_crop,4,ig_mask,0.2,1.0,0.9537
PRPE_0111,PRPE_crop,4,random_mask,0.2,1.0,0.9478
PRPE_0111,PRPE_crop,4,fft_mask,0.2,0.0,0.7821
PRPE_0111,PRPE_crop,4,gabor_mask,0.2,1.0,0.8974
PRPE_0111,PRPE_crop,4,dt_mask,0.2,1.0,0.9531
PRPE_0111,PRPE_crop,4,ig_mask,0.3,1.0,0.9503
PRPE_0111,PRPE_crop,4,random_mask,0.3,1.0,0.9517
PRPE_0111,PRPE_crop,4,fft_mask,0.3,1.0,0.779
PRPE_0111,PRPE_crop,4,gabor_mask,0.3,1.0,0.9088
PRPE_0111,PRPE_crop,4,dt_mask,0.3,1.0,0.8205
PRPE_0180,PRPE_crop,4,full,0.0,1.0,0.9184
PRPE_0180,PRPE_crop,4,ig_mask,0.1,1.0,0.9626
PRPE_0180,PRPE_crop,4,random_mask,0.1,1.0,0.9534
PRPE_0180,PRPE_crop,4,fft_mask,0.1,1.0,0.7877
PRPE_0180,PRPE_crop,4,gabor_mask,0.1,1.0,0.8757
PRPE_0180,PRPE_crop,4,dt_mask,0.1,1.0,0.9459
PRPE_0180,PRPE_crop,4,ig_mask,0.2,1.0,0.9608
PRPE_0180,PRPE_crop,4,random_mask,0.2,1.0,0.9585
PRPE_0180,PRPE_crop,4,fft_mask,0.2,0.0,0.4727
PRPE_0180,PRPE_crop,4,gabor_mask,0.2,1.0,0.8669
PRPE_0180,PRPE_crop,4,dt_mask,0.2,1.0,0.9475
PRPE_0180,PRPE_crop,4,ig_mask,0.3,1.0,0.9572
PRPE_0180,PRPE_crop,4,random_mask,0.3,1.0,0.9594
PRPE_0180,PRPE_crop,4,fft_mask,0.3,0.0,0.735
PRPE_0180,PRPE_crop,4,gabor_mask,0.3,1.0,0.9075
PRPE_0180,PRPE_crop,4,dt_mask,0.3,1.0,0.9286
ARSS_0051,ARSS_crop,1,full,0.0,1.0,0.9797
ARSS_0051,ARSS_crop,1,ig_mask,0.1,0.0,0.8237
ARSS_0051,ARSS_crop,1,random_mask,0.1,0.0,0.582
ARSS_0051,ARSS_crop,1,fft_mask,0.1,1.0,0.2854
ARSS_0051,ARSS_crop,1,gabor_mask,0.1,1.0,0.3479
ARSS_0051,ARSS_crop,1,dt_mask,0.1,1.0,0.9748
ARSS_0051,ARSS_crop,1,ig_mask,0.2,0.0,0.9317
ARSS_0051,ARSS_crop,1,random_mask,0.2,0.0,0.6764
ARSS_0051,ARSS_crop,1,fft_mask,0.2,0.0,0.5548
ARSS_0051,ARSS_crop,1,gabor_mask,0.2,0.0,0.8963
ARSS_0051,ARSS_crop,1,dt_mask,0.2,1.0,0.9719
ARSS_0051,ARSS_crop,1,ig_mask,0.3,0.0,0.8976
ARSS_0051,ARSS_crop,1,random_mask,0.3,0.0,0.8243
ARSS_0051,ARSS_crop,1,fft_mask,0.3,0.0,0.6342
ARSS_0051,ARSS_crop,1,gabor_mask,0.3,0.0,0.959
ARSS_0051,ARSS_crop,1,dt_mask,0.3,1.0,0.9659
ARSE_0071,ARSE_crop,0,full,0.0,1.0,0.936
ARSE_0071,ARSE_crop,0,ig_mask,0.1,0.0,0.4708
ARSE_0071,ARSE_crop,0,random_mask,0.1,0.0,0.8284
ARSE_0071,ARSE_crop,0,fft_mask,0.1,0.0,0.4738
ARSE_0071,ARSE_crop,0,gabor_mask,0.1,1.0,0.409
ARSE_0071,ARSE_crop,0,dt_mask,0.1,1.0,0.9354
ARSE_0071,ARSE_crop,0,ig_mask,0.2,0.0,0.9404
ARSE_0071,ARSE_crop,0,random_mask,0.2,0.0,0.8773
ARSE_0071,ARSE_crop,0,fft_mask,0.2,0.0,0.8732
ARSE_0071,ARSE_crop,0,gabor_mask,0.2,0.0,0.86
ARSE_0071,ARSE_crop,0,dt_mask,0.2,1.0,0.9206
ARSE_0071,ARSE_crop,0,ig_mask,0.3,0.0,0.9428
ARSE_0071,ARSE_crop,0,random_mask,0.3,0.0,0.8978
ARSE_0071,ARSE_crop,0,fft_mask,0.3,0.0,0.826
ARSE_0071,ARSE_crop,0,gabor_mask,0.3,0.0,0.9406
ARSE_0071,ARSE_crop,0,dt_mask,0.3,1.0,0.6344
ARSE_0130,ARSE_crop,0,full,0.0,1.0,0.9317
ARSE_0130,ARSE_crop,0,ig_mask,0.1,0.0,0.9312
ARSE_0130,ARSE_crop,0,random_mask,0.1,0.0,0.8753
ARSE_0130,ARSE_crop,0,fft_mask,0.1,0.0,0.5902
ARSE_0130,ARSE_crop,0,gabor_mask,0.1,0.0,0.7561
ARSE_0130,ARSE_crop,0,dt_mask,0.1,1.0,0.9264
ARSE_0130,ARSE_crop,0,ig_mask,0.2,0.0,0.9491
ARSE_0130,ARSE_crop,0,random_mask,0.2,0.0,0.9094
ARSE_0130,ARSE_crop,0,fft_mask,0.2,0.0,0.8879
ARSE_0130,ARSE_crop,0,gabor_mask,0.2,0.0,0.9241
ARSE_0130,ARSE_crop,0,dt_mask,0.2,1.0,0.9215
ARSE_0130,ARSE_crop,0,ig_mask,0.3,0.0,0.9522
ARSE_0130,ARSE_crop,0,random_mask,0.3,0.0,0.9198
ARSE_0130,ARSE_crop,0,fft_mask,0.3,0.0,0.8288
ARSE_0130,ARSE_crop,0,gabor_mask,0.3,0.0,0.9528
ARSE_0130,ARSE_crop,0,dt_mask,0.3,1.0,0.8258
PJNA_0092,PJNA_crop,2,full,0.0,1.0,0.943
PJNA_0092,PJNA_crop,2,ig_mask,0.1,1.0,0.8268
PJNA_0092,PJNA_crop,2,random_mask,0.1,0.7,0.5869
PJNA_0092,PJNA_crop,2,fft_mask,0.1,1.0,0.9259
PJNA_0092,PJNA_crop,2,gabor_mask,0.1,1.0,0.9253
PJNA_0092,PJNA_crop,2,dt_mask,0.1,1.0,0.9415
PJNA_0092,PJNA_crop,2,ig_mask,0.2,0.0,0.6411
PJNA_0092,PJNA_crop,2,random_mask,0.2,0.0,0.7125
PJNA_0092,PJNA_crop,2,fft_mask,0.2,1.0,0.9237
PJNA_0092,PJNA_crop,2,gabor_mask,0.2,1.0,0.8583
PJNA_0092,PJNA_crop,2,dt_mask,0.2,1.0,0.9389
PJNA_0092,PJNA_crop,2,ig_mask,0.3,0.0,0.8669
PJNA_0092,PJNA_crop,2,random_mask,0.3,0.0,0.8269
PJNA_0092,PJNA_crop,2,fft_mask,0.3,1.0,0.9203
PJNA_0092,PJNA_crop,2,gabor_mask,0.3,0.0,0.9599
PJNA_0092,PJNA_crop,2,dt_mask,0.3,1.0,0.9335
PRDA_0154,PRDA_crop,3,full,0.0,1.0,0.8458
PRDA_0154,PRDA_crop,3,ig_mask,0.1,0.0,0.9464
PRDA_0154,PRDA_crop,3,random_mask,0.1,0.2,0.5365
PRDA_0154,PRDA_crop,3,fft_mask,0.1,1.0,0.5973
PRDA_0154,PRDA_crop,3,gabor_mask,0.1,1.0,0.554
PRDA_0154,PRDA_crop,3,dt_mask,0.1,1.0,0.7786
PRDA_0154,PRDA_crop,3,ig_mask,0.2,0.0,0.9528
PRDA_0154,PRDA_crop,3,random_mask,0.2,0.0,0.7311
PRDA_0154,PRDA_crop,3,fft_mask,0.2,0.0,0.4567
PRDA_0154,PRDA_crop,3,gabor_mask,0.2,0.0,0.6092
PRDA_0154,PRDA_crop,3,dt_mask,0.2,1.0,0.5503
PRDA_0154,PRDA_crop,3,ig_mask,0.3,0.0,0.9452
PRDA_0154,PRDA_crop,3,random_mask,0.3,0.0,0.8434
PRDA_0154,PRDA_crop,3,fft_mask,0.3,0.0,0.7576
PRDA_0154,PRDA_crop,3,gabor_mask,0.3,0.0,0.6787
PRDA_0154,PRDA_crop,3,dt_mask,0.3,1.0,0.545
ARSS_0038,ARSS_crop,1,full,0.0,1.0,0.9825
ARSS_0038,ARSS_crop,1,ig_mask,0.1,0.0,0.8538
ARSS_0038,ARSS_crop,1,random_mask,0.1,0.0,0.8173
ARSS_0038,ARSS_crop,1,fft_mask,0.1,0.0,0.2925
ARSS_0038,ARSS_crop,1,gabor_mask,0.1,1.0,0.8265
ARSS_0038,ARSS_crop,1,dt_mask,0.1,1.0,0.9783
ARSS_0038,ARSS_crop,1,ig_mask,0.2,0.0,0.9465
ARSS_0038,ARSS_crop,1,random_mask,0.2,0.0,0.8824
ARSS_0038,ARSS_crop,1,fft_mask,0.2,0.0,0.4882
ARSS_0038,ARSS_crop,1,gabor_mask,0.2,0.0,0.6873
ARSS_0038,ARSS_crop,1,dt_mask,0.2,1.0,0.9763
ARSS_0038,ARSS_crop,1,ig_mask,0.3,0.0,0.8429
ARSS_0038,ARSS_crop,1,random_mask,0.3,0.0,0.8736
ARSS_0038,ARSS_crop,1,fft_mask,0.3,0.0,0.4987
ARSS_0038,ARSS_crop,1,gabor_mask,0.3,0.0,0.9414
ARSS_0038,ARSS_crop,1,dt_mask,0.3,1.0,0.9711
ARSS_0067,ARSS_crop,1,full,0.0,1.0,0.978
ARSS_0067,ARSS_crop,1,ig_mask,0.1,0.0,0.8196
ARSS_0067,ARSS_crop,1,random_mask,0.1,0.0,0.7376
ARSS_0067,ARSS_crop,1,fft_mask,0.1,0.0,0.4953
ARSS_0067,ARSS_crop,1,gabor_mask,0.1,1.0,0.3869
ARSS_0067,ARSS_crop,1,dt_mask,0.1,1.0,0.9683
ARSS_0067,ARSS_crop,1,ig_mask,0.2,0.0,0.9156
ARSS_0067,ARSS_crop,1,random_mask,0.2,0.0,0.825
ARSS_0067,ARSS_crop,1,fft_mask,0.2,0.0,0.5053
ARSS_0067,ARSS_crop,1,gabor_mask,0.2,0.0,0.9378
ARSS_0067,ARSS_crop,1,dt_mask,0.2,1.0,0.9548
ARSS_0067,ARSS_crop,1,ig_mask,0.3,0.0,0.9267
ARSS_0067,ARSS_crop,1,random_mask,0.3,0.0,0.8522
ARSS_0067,ARSS_crop,1,fft_mask,0.3,0.0,0.4511
ARSS_0067,ARSS_crop,1,gabor_mask,0.3,0.0,0.9562
ARSS_0067,ARSS_crop,1,dt_mask,0.3,1.0,0.9547
PJNA_0175,PJNA_crop,2,full,0.0,1.0,0.9218
PJNA_0175,PJNA_crop,2,ig_mask,0.1,0.0,0.5771
PJNA_0175,PJNA_crop,2,random_mask,0.1,0.3,0.5785
PJNA_0175,PJNA_crop,2,fft_mask,0.1,1.0,0.725
PJNA_0175,PJNA_crop,2,gabor_mask,0.1,1.0,0.7387
PJNA_0175,PJNA_crop,2,dt_mask,0.1,1.0,0.9142
PJNA_0175,PJNA_crop,2,ig_mask,0.2,0.0,0.93
PJNA_0175,PJNA_crop,2,random_mask,0.2,0.0,0.862
PJNA_0175,PJNA_crop,2,fft_mask,0.2,1.0,0.8188
PJNA_0175,PJNA_crop,2,gabor_mask,0.2,0.0,0.9446
PJNA_0175,PJNA_crop,2,dt_mask,0.2,1.0,0.9115
PJNA_0175,PJNA_crop,2,ig_mask,0.3,0.0,0.9398
PJNA_0175,PJNA_crop,2,random_mask,0.3,0.0,0.8955
PJNA_0175,PJNA_crop,2,fft_mask,0.3,0.0,0.3891
PJNA_0175,PJNA_crop,2,gabor_mask,0.3,0.0,0.9483
PJNA_0175,PJNA_crop,2,dt_mask,0.3,1.0,0.9059
ARSE_0193,ARSE_crop,0,full,0.0,1.0,0.9337
ARSE_0193,ARSE_crop,0,ig_mask,0.1,0.0,0.5802
ARSE_0193,ARSE_crop,0,random_mask,0.1,0.0,0.5764
ARSE_0193,ARSE_crop,0,fft_mask,0.1,0.0,0.4914
ARSE_0193,ARSE_crop,0,gabor_mask,0.1,0.0,0.6695
ARSE_0193,ARSE_crop,0,dt_mask,0.1,1.0,0.9251
ARSE_0193,ARSE_crop,0,ig_mask,0.2,0.0,0.8706
ARSE_0193,ARSE_crop,0,random_mask,0.2,0.0,0.7312
ARSE_0193,ARSE_crop,0,fft_mask,0.2,0.0,0.7123
ARSE_0193,ARSE_crop,0,gabor_mask,0.2,0.0,0.7838
ARSE_0193,ARSE_crop,0,dt_mask,0.2,1.0,0.9126
ARSE_0193,ARSE_crop,0,ig_mask,0.3,0.0,0.889
ARSE_0193,ARSE_crop,0,random_mask,0.3,0.0,0.8322
ARSE_0193,ARSE_crop,0,fft_mask,0.3,0.0,0.4891
ARSE_0193,ARSE_crop,0,gabor_mask,0.3,0.0,0.9457
ARSE_0193,ARSE_crop,0,dt_mask,0.3,1.0,0.8039
PJNA_0194,PJNA_crop,2,full,0.0,1.0,0.9052
PJNA_0194,PJNA_crop,2,ig_mask,0.1,0.0,0.9241
PJNA_0194,PJNA_crop,2,random_mask,0.1,0.2,0.5552
PJNA_0194,PJNA_crop,2,fft_mask,0.1,0.0,0.5177
PJNA_0194,PJNA_crop,2,gabor_mask,0.1,1.0,0.7079
PJNA_0194,PJNA_crop,2,dt_mask,0.1,1.0,0.8947
PJNA_0194,PJNA_crop,2,ig_mask,0.2,0.0,0.9277
PJNA_0194,PJNA_crop,2,random_mask,0.2,0.0,0.8683
PJNA_0194,PJNA_crop,2,fft_mask,0.2,1.0,0.4666
PJNA_0194,PJNA_crop,2,gabor_mask,0.2,0.0,0.5416
PJNA_0194,PJNA_crop,2,dt_mask,0.2,1.0,0.9062
PJNA_0194,PJNA_crop,2,ig_mask,0.3,0.0,0.9432
PJNA_0194,PJNA_crop,2,random_mask,0.3,0.0,0.9358
PJNA_0194,PJNA_crop,2,fft_mask,0.3,1.0,0.8384
PJNA_0194,PJNA_crop,2,gabor_mask,0.3,0.0,0.9441
PJNA_0194,PJNA_crop,2,dt_mask,0.3,1.0,0.9019
PJNA_0216,PJNA_crop,2,full,0.0,1.0,0.9279
PJNA_0216,PJNA_crop,2,ig_mask,0.1,0.0,0.654
PJNA_0216,PJNA_crop,2,random_mask,0.1,0.1,0.7257
PJNA_0216,PJNA_crop,2,fft_mask,0.1,1.0,0.7547
PJNA_0216,PJNA_crop,2,gabor_mask,0.1,1.0,0.9093
PJNA_0216,PJNA_crop,2,dt_mask,0.1,1.0,0.9225
PJNA_0216,PJNA_crop,2,ig_mask,0.2,0.0,0.9094
PJNA_0216,PJNA_crop,2,random_mask,0.2,0.0,0.9069
PJNA_0216,PJNA_crop,2,fft_mask,0.2,1.0,0.868
PJNA_0216,PJNA_crop,2,gabor_mask,0.2,1.0,0.7289
PJNA_0216,PJNA_crop,2,dt_mask,0.2,1.0,0.9158
PJNA_0216,PJNA_crop,2,ig_mask,0.3,0.0,0.9304
PJNA_0216,PJNA_crop,2,random_mask,0.3,0.0,0.9251
PJNA_0216,PJNA_crop,2,fft_mask,0.3,1.0,0.77
PJNA_0216,PJNA_crop,2,gabor_mask,0.3,0.0,0.9222
PJNA_0216,PJNA_crop,2,dt_mask,0.3,1.0,0.9105
PRPE_0110,PRPE_crop,4,full,0.0,1.0,0.5057
PRPE_0110,PRPE_crop,4,ig_mask,0.1,1.0,0.9507
PRPE_0110,PRPE_crop,4,random_mask,0.1,1.0,0.954
PRPE_0110,PRPE_crop,4,fft_mask,0.1,1.0,0.7614
PRPE_0110,PRPE_crop,4,gabor_mask,0.1,1.0,0.9265
PRPE_0110,PRPE_crop,4,dt_mask,0.1,1.0,0.8941
PRPE_0110,PRPE_crop,4,ig_mask,0.2,1.0,0.9612
PRPE_0110,PRPE_crop,4,random_mask,0.2,1.0,0.9582
PRPE_0110,PRPE_crop,4,fft_mask,0.2,0.0,0.7845
PRPE_0110,PRPE_crop,4,gabor_mask,0.2,1.0,0.9567
PRPE_0110,PRPE_crop,4,dt_mask,0.2,1.0,0.8908
PRPE_0110,PRPE_crop,4,ig_mask,0.3,1.0,0.9595
PRPE_0110,PRPE_crop,4,random_mask,0.3,1.0,0.9602
PRPE_0110,PRPE_crop,4,fft_mask,0.3,0.0,0.7051
PRPE_0110,PRPE_crop,4,gabor_mask,0.3,1.0,0.9611
PRPE_0110,PRPE_crop,4,dt_mask,0.3,1.0,0.9082
ARSS_0097,ARSS_crop,1,full,0.0,1.0,0.9805
ARSS_0097,ARSS_crop,1,ig_mask,0.1,0.0,0.889
ARSS_0097,ARSS_crop,1,random_mask,0.1,0.0,0.7467
ARSS_0097,ARSS_crop,1,fft_mask,0.1,0.0,0.5162
ARSS_0097,ARSS_crop,1,gabor_mask,0.1,1.0,0.4875
ARSS_0097,ARSS_crop,1,dt_mask,0.1,1.0,0.9774
ARSS_0097,ARSS_crop,1,ig_mask,0.2,0.0,0.9514
ARSS_0097,ARSS_crop,1,random_mask,0.2,0.0,0.8714
ARSS_0097,ARSS_crop,1,fft_mask,0.2,0.0,0.8791
ARSS_0097,ARSS_crop,1,gabor_mask,0.2,0.0,0.9419
ARSS_0097,ARSS_crop,1,dt_mask,0.2,1.0,0.9757
ARSS_0097,ARSS_crop,1,ig_mask,0.3,0.0,0.9512
ARSS_0097,ARSS_crop,1,random_mask,0.3,0.0,0.8986
ARSS_0097,ARSS_crop,1,fft_mask,0.3,0.0,0.7404
ARSS_0097,ARSS_crop,1,gabor_mask,0.3,0.0,0.9546
ARSS_0097,ARSS_crop,1,dt_mask,0.3,1.0,0.9733
PJNA_0023,PJNA_crop,2,full,0.0,1.0,0.9246
PJNA_0023,PJNA_crop,2,ig_mask,0.1,0.0,0.6383
PJNA_0023,PJNA_crop,2,random_mask,0.1,0.3,0.4495
PJNA_0023,PJNA_crop,2,fft_mask,0.1,1.0,0.9216
PJNA_0023,PJNA_crop,2,gabor_mask,0.1,1.0,0.8627
PJNA_0023,PJNA_crop,2,dt_mask,0.1,1.0,0.9167
PJNA_0023,PJNA_crop,2,ig_mask,0.2,0.0,0.8001
PJNA_0023,PJNA_crop,2,random_mask,0.2,0.0,0.7415
PJNA_0023,PJNA_crop,2,fft_mask,0.2,1.0,0.8703
PJNA_0023,PJNA_crop,2,gabor_mask,0.2,1.0,0.8481
PJNA_0023,PJNA_crop,2,dt_mask,0.2,1.0,0.9082
PJNA_0023,PJNA_crop,2,ig_mask,0.3,0.0,0.8819
PJNA_0023,PJNA_crop,2,random_mask,0.3,0.0,0.8395
PJNA_0023,PJNA_crop,2,fft_mask,0.3,1.0,0.8652
PJNA_0023,PJNA_crop,2,gabor_mask,0.3,1.0,0.7963
PJNA_0023,PJNA_crop,2,dt_mask,0.3,1.0,0.8755
ARSS_0010,ARSS_crop,1,full,0.0,1.0,0.9804
ARSS_0010,ARSS_crop,1,ig_mask,0.1,0.0,0.8736
ARSS_0010,ARSS_crop,1,random_mask,0.1,0.0,0.5697
ARSS_0010,ARSS_crop,1,fft_mask,0.1,0.0,0.3945
ARSS_0010,ARSS_crop,1,gabor_mask,0.1,0.0,0.7841
ARSS_0010,ARSS_crop,1,dt_mask,0.1,1.0,0.9774
ARSS_0010,ARSS_crop,1,ig_mask,0.2,0.0,0.9331
ARSS_0010,ARSS_crop,1,random_mask,0.2,0.0,0.6898
ARSS_0010,ARSS_crop,1,fft_mask,0.2,0.0,0.4661
ARSS_0010,ARSS_crop,1,gabor_mask,0.2,0.0,0.9467
ARSS_0010,ARSS_crop,1,dt_mask,0.2,1.0,0.9756
ARSS_0010,ARSS_crop,1,ig_mask,0.3,0.0,0.82
ARSS_0010,ARSS_crop,1,random_mask,0.3,0.0,0.7776
ARSS_0010,ARSS_crop,1,fft_mask,0.3,0.0,0.6872
ARSS_0010,ARSS_crop,1,gabor_mask,0.3,0.0,0.9606
ARSS_0010,ARSS_crop,1,dt_mask,0.3,1.0,0.974
ARSE_0057,ARSE_crop,0,full,0.0,1.0,0.9371
ARSE_0057,ARSE_crop,0,ig_mask,0.1,0.0,0.7298
ARSE_0057,ARSE_crop,0,random_mask,0.1,0.0,0.9369
ARSE_0057,ARSE_crop,0,fft_mask,0.1,0.0,0.465
ARSE_0057,ARSE_crop,0,gabor_mask,0.1,0.0,0.5035
ARSE_0057,ARSE_crop,0,dt_mask,0.1,1.0,0.933
ARSE_0057,ARSE_crop,0,ig_mask,0.2,0.0,0.9113
ARSE_0057,ARSE_crop,0,random_mask,0.2,0.0,0.933
ARSE_0057,ARSE_crop,0,fft_mask,0.2,0.0,0.897
ARSE_0057,ARSE_crop,0,gabor_mask,0.2,0.0,0.8342
ARSE_0057,ARSE_crop,0,dt_mask,0.2,1.0,0.9273
ARSE_0057,ARSE_crop,0,ig_mask,0.3,0.0,0.9091
ARSE_0057,ARSE_crop,0,random_mask,0.3,0.0,0.9225
ARSE_0057,ARSE_crop,0,fft_mask,0.3,0.0,0.7073
ARSE_0057,ARSE_crop,0,gabor_mask,0.3,0.0,0.9586
ARSE_0057,ARSE_crop,0,dt_mask,0.3,1.0,0.9197
ARSS_0128,ARSS_crop,1,full,0.0,1.0,0.985
ARSS_0128,ARSS_crop,1,ig_mask,0.1,0.0,0.7852
ARSS_0128,ARSS_crop,1,random_mask,0.1,0.0,0.5492
ARSS_0128,ARSS_crop,1,fft_mask,0.1,1.0,0.5836
ARSS_0128,ARSS_crop,1,gabor_mask,0.1,1.0,0.9433
ARSS_0128,ARSS_crop,1,dt_mask,0.1,1.0,0.9793
ARSS_0128,ARSS_crop,1,ig_mask,0.2,0.0,0.8063
ARSS_0128,ARSS_crop,1,random_mask,0.2,0.0,0.6719
ARSS_0128,ARSS_crop,1,fft_mask,0.2,0.0,0.2887
ARSS_0128,ARSS_crop,1,gabor_mask,0.2,0.0,0.4963
ARSS_0128,ARSS_crop,1,dt_mask,0.2,1.0,0.9778
ARSS_0128,ARSS_crop,1,ig_mask,0.3,0.0,0.7851
ARSS_0128,ARSS_crop,1,random_mask,0.3,0.0,0.7774
ARSS_0128,ARSS_crop,1,fft_mask,0.3,0.0,0.4838
ARSS_0128,ARSS_crop,1,gabor_mask,0.3,0.0,0.9204
ARSS_0128,ARSS_crop,1,dt_mask,0.3,1.0,0.9755
ARSE_0106,ARSE_crop,0,full,0.0,1.0,0.9319
ARSE_0106,ARSE_crop,0,ig_mask,0.1,0.0,0.4599
ARSE_0106,ARSE_crop,0,random_mask,0.1,0.0,0.5062
ARSE_0106,ARSE_crop,0,fft_mask,0.1,1.0,0.3924
ARSE_0106,ARSE_crop,0,gabor_mask,0.1,0.0,0.6798
ARSE_0106,ARSE_crop,0,dt_mask,0.1,1.0,0.9143
ARSE_0106,ARSE_crop,0,ig_mask,0.2,0.0,0.8415
ARSE_0106,ARSE_crop,0,random_mask,0.2,0.0,0.6013
ARSE_0106,ARSE_crop,0,fft_mask,0.2,0.0,0.6626
ARSE_0106,ARSE_crop,0,gabor_mask,0.2,0.0,0.9148
ARSE_0106,ARSE_crop,0,dt_mask,0.2,1.0,0.8607
ARSE_0106,ARSE_crop,0,ig_mask,0.3,0.0,0.8017
ARSE_0106,ARSE_crop,0,random_mask,0.3,0.0,0.7865
ARSE_0106,ARSE_crop,0,fft_mask,0.3,0.0,0.6586
ARSE_0106,ARSE_crop,0,gabor_mask,0.3,0.0,0.8979
ARSE_0106,ARSE_crop,0,dt_mask,0.3,1.0,0.5269
PRPE_0112,PRPE_crop,4,full,0.0,1.0,0.9361
PRPE_0112,PRPE_crop,4,ig_mask,0.1,1.0,0.9551
PRPE_0112,PRPE_crop,4,random_mask,0.1,1.0,0.9583
PRPE_0112,PRPE_crop,4,fft_mask,0.1,1.0,0.5847
PRPE_0112,PRPE_crop,4,gabor_mask,0.1,1.0,0.927
PRPE_0112,PRPE_crop,4,dt_mask,0.1,1.0,0.9067
PRPE_0112,PRPE_crop,4,ig_mask,0.2,1.0,0.9432
PRPE_0112,PRPE_crop,4,random_mask,0.2,1.0,0.962
PRPE_0112,PRPE_crop,4,fft_mask,0.2,0.0,0.6729
PRPE_0112,PRPE_crop,4,gabor_mask,0.2,1.0,0.9494
PRPE_0112,PRPE_crop,4,dt_mask,0.2,1.0,0.909
PRPE_0112,PRPE_crop,4,ig_mask,0.3,1.0,0.9127
PRPE_0112,PRPE_crop,4,random_mask,0.3,1.0,0.9637
PRPE_0112,PRPE_crop,4,fft_mask,0.3,0.0,0.566
PRPE_0112,PRPE_crop,4,gabor_mask,0.3,1.0,0.9483
PRPE_0112,PRPE_crop,4,dt_mask,0.3,1.0,0.8687
PRDA_0145,PRDA_crop,3,full,0.0,1.0,0.8896
PRDA_0145,PRDA_crop,3,ig_mask,0.1,0.0,0.8404
PRDA_0145,PRDA_crop,3,random_mask,0.1,0.4,0.5841
PRDA_0145,PRDA_crop,3,fft_mask,0.1,1.0,0.8434
PRDA_0145,PRDA_crop,3,gabor_mask,0.1,1.0,0.6018
PRDA_0145,PRDA_crop,3,dt_mask,0.1,1.0,0.8477
PRDA_0145,PRDA_crop,3,ig_mask,0.2,0.0,0.92
PRDA_0145,PRDA_crop,3,random_mask,0.2,0.0,0.7632
PRDA_0145,PRDA_crop,3,fft_mask,0.2,1.0,0.619
PRDA_0145,PRDA_crop,3,gabor_mask,0.2,0.0,0.6477
PRDA_0145,PRDA_crop,3,dt_mask,0.2,1.0,0.7804
PRDA_0145,PRDA_crop,3,ig_mask,0.3,0.0,0.9304
PRDA_0145,PRDA_crop,3,random_mask,0.3,0.0,0.8432
PRDA_0145,PRDA_crop,3,fft_mask,0.3,1.0,0.5345
PRDA_0145,PRDA_crop,3,gabor_mask,0.3,0.0,0.7566
PRDA_0145,PRDA_crop,3,dt_mask,0.3,1.0,0.5609
ARSE_0048,ARSE_crop,0,full,0.0,1.0,0.9432
ARSE_0048,ARSE_crop,0,ig_mask,0.1,0.0,0.9467
ARSE_0048,ARSE_crop,0,random_mask,0.1,0.0,0.9529
ARSE_0048,ARSE_crop,0,fft_mask,0.1,0.0,0.6254
ARSE_0048,ARSE_crop,0,gabor_mask,0.1,0.0,0.649
ARSE_0048,ARSE_crop,0,dt_mask,0.1,1.0,0.9311
ARSE_0048,ARSE_crop,0,ig_mask,0.2,0.0,0.9565
ARSE_0048,ARSE_crop,0,random_mask,0.2,0.0,0.9564
ARSE_0048,ARSE_crop,0,fft_mask,0.2,0.0,0.7249
ARSE_0048,ARSE_crop,0,gabor_mask,0.2,0.0,0.8851
ARSE_0048,ARSE_crop,0,dt_mask,0.2,1.0,0.9227
ARSE_0048,ARSE_crop,0,ig_mask,0.3,0.0,0.9601
ARSE_0048,ARSE_crop,0,random_mask,0.3,0.0,0.9551
ARSE_0048,ARSE_crop,0,fft_mask,0.3,0.0,0.8349
ARSE_0048,ARSE_crop,0,gabor_mask,0.3,0.0,0.9587
ARSE_0048,ARSE_crop,0,dt_mask,0.3,1.0,0.8241
PRDA_0160,PRDA_crop,3,full,0.0,1.0,0.8416
PRDA_0160,PRDA_crop,3,ig_mask,0.1,0.0,0.8808
PRDA_0160,PRDA_crop,3,random_mask,0.1,0.9,0.5902
PRDA_0160,PRDA_crop,3,fft_mask,0.1,1.0,0.3985
PRDA_0160,PRDA_crop,3,gabor_mask,0.1,1.0,0.6855
PRDA_0160,PRDA_crop,3,dt_mask,0.1,1.0,0.7965
PRDA_0160,PRDA_crop,3,ig_mask,0.2,0.0,0.9508
PRDA_0160,PRDA_crop,3,random_mask,0.2,0.1,0.7381
PRDA_0160,PRDA_crop,3,fft_mask,0.2,0.0,0.6262
PRDA_0160,PRDA_crop,3,gabor_mask,0.2,0.0,0.645
PRDA_0160,PRDA_crop,3,dt_mask,0.2,1.0,0.7168
PRDA_0160,PRDA_crop,3,ig_mask,0.3,0.0,0.9568
PRDA_0160,PRDA_crop,3,random_mask,0.3,0.0,0.8665
PRDA_0160,PRDA_crop,3,fft_mask,0.3,0.0,0.8326
PRDA_0160,PRDA_crop,3,gabor_mask,0.3,0.0,0.7779
PRDA_0160,PRDA_crop,3,dt_mask,0.3,1.0,0.4472
PRDA_0200,PRDA_crop,3,full,0.0,1.0,0.8408
PRDA_0200,PRDA_crop,3,ig_mask,0.1,0.0,0.9031
PRDA_0200,PRDA_crop,3,random_mask,0.1,0.7,0.6257
PRDA_0200,PRDA_crop,3,fft_mask,0.1,0.0,0.4589
PRDA_0200,PRDA_crop,3,gabor_mask,0.1,1.0,0.7924
PRDA_0200,PRDA_crop,3,dt_mask,0.1,1.0,0.739
PRDA_0200,PRDA_crop,3,ig_mask,0.2,0.0,0.9465
PRDA_0200,PRDA_crop,3,random_mask,0.2,0.0,0.84
PRDA_0200,PRDA_crop,3,fft_mask,0.2,0.0,0.5954
PRDA_0200,PRDA_crop,3,gabor_mask,0.2,0.0,0.5366
PRDA_0200,PRDA_crop,3,dt_mask,0.2,1.0,0.6693
PRDA_0200,PRDA_crop,3,ig_mask,0.3,0.0,0.9362
PRDA_0200,PRDA_crop,3,random_mask,0.3,0.0,0.9292
PRDA_0200,PRDA_crop,3,fft_mask,0.3,0.0,0.7837
PRDA_0200,PRDA_crop,3,gabor_mask,0.3,0.0,0.8026
PRDA_0200,PRDA_crop,3,dt_mask,0.3,1.0,0.5517
PJNA_0184,PJNA_crop,2,full,0.0,1.0,0.9293
PJNA_0184,PJNA_crop,2,ig_mask,0.1,0.0,0.7801
PJNA_0184,PJNA_crop,2,random_mask,0.1,0.7,0.5768
PJNA_0184,PJNA_crop,2,fft_mask,0.1,1.0,0.8994
PJNA_0184,PJNA_crop,2,gabor_mask,0.1,1.0,0.902
PJNA_0184,PJNA_crop,2,dt_mask,0.1,1.0,0.9255
PJNA_0184,PJNA_crop,2,ig_mask,0.2,0.0,0.8902
PJNA_0184,PJNA_crop,2,random_mask,0.2,0.1,0.7714
PJNA_0184,PJNA_crop,2,fft_mask,0.2,1.0,0.9074
PJNA_0184,PJNA_crop,2,gabor_mask,0.2,1.0,0.8628
PJNA_0184,PJNA_crop,2,dt_mask,0.2,1.0,0.9178
PJNA_0184,PJNA_crop,2,ig_mask,0.3,0.0,0.9351
PJNA_0184,PJNA_crop,2,random_mask,0.3,0.0,0.8823
PJNA_0184,PJNA_crop,2,fft_mask,0.3,1.0,0.8157
PJNA_0184,PJNA_crop,2,gabor_mask,0.3,1.0,0.8242
PJNA_0184,PJNA_crop,2,dt_mask,0.3,1.0,0.9135
PRDA_0190,PRDA_crop,3,full,0.0,1.0,0.8805
PRDA_0190,PRDA_crop,3,ig_mask,0.1,0.0,0.8481
PRDA_0190,PRDA_crop,3,random_mask,0.1,0.9,0.6243
PRDA_0190,PRDA_crop,3,fft_mask,0.1,1.0,0.5497
PRDA_0190,PRDA_crop,3,gabor_mask,0.1,1.0,0.7092
PRDA_0190,PRDA_crop,3,dt_mask,0.1,1.0,0.8483
PRDA_0190,PRDA_crop,3,ig_mask,0.2,0.0,0.9449
PRDA_0190,PRDA_crop,3,random_mask,0.2,0.3,0.5018
PRDA_0190,PRDA_crop,3,fft_mask,0.2,1.0,0.5299
PRDA_0190,PRDA_crop,3,gabor_mask,0.2,0.0,0.7882
PRDA_0190,PRDA_crop,3,dt_mask,0.2,1.0,0.7496
PRDA_0190,PRDA_crop,3,ig_mask,0.3,0.0,0.8929
PRDA_0190,PRDA_crop,3,random_mask,0.3,0.0,0.6355
PRDA_0190,PRDA_crop,3,fft_mask,0.3,1.0,0.5336
PRDA_0190,PRDA_crop,3,gabor_mask,0.3,0.0,0.853
PRDA_0190,PRDA_crop,3,dt_mask,0.3,1.0,0.5978
PRPE_0168,PRPE_crop,4,full,0.0,1.0,0.5793
PRPE_0168,PRPE_crop,4,ig_mask,0.1,1.0,0.9488
PRPE_0168,PRPE_crop,4,random_mask,0.1,1.0,0.9462
PRPE_0168,PRPE_crop,4,fft_mask,0.1,1.0,0.6152
PRPE_0168,PRPE_crop,4,gabor_mask,0.1,1.0,0.8453
PRPE_0168,PRPE_crop,4,dt_mask,0.1,1.0,0.8398
PRPE_0168,PRPE_crop,4,ig_mask,0.2,1.0,0.9528
PRPE_0168,PRPE_crop,4,random_mask,0.2,1.0,0.9507
PRPE_0168,PRPE_crop,4,fft_mask,0.2,0.0,0.745
PRPE_0168,PRPE_crop,4,gabor_mask,0.2,1.0,0.9428
PRPE_0168,PRPE_crop,4,dt_mask,0.2,1.0,0.8357
PRPE_0168,PRPE_crop,4,ig_mask,0.3,1.0,0.949
PRPE_0168,PRPE_crop,4,random_mask,0.3,1.0,0.9531
PRPE_0168,PRPE_crop,4,fft_mask,0.3,1.0,0.7792
PRPE_0168,PRPE_crop,4,gabor_mask,0.3,1.0,0.9533
PRPE_0168,PRPE_crop,4,dt_mask,0.3,1.0,0.8968
ARSS_0068,ARSS_crop,1,full,0.0,1.0,0.9783
ARSS_0068,ARSS_crop,1,ig_mask,0.1,1.0,0.4618
ARSS_0068,ARSS_crop,1,random_mask,0.1,0.0,0.557
ARSS_0068,ARSS_crop,1,fft_mask,0.1,0.0,0.6862
ARSS_0068,ARSS_crop,1,gabor_mask,0.1,0.0,0.6729
ARSS_0068,ARSS_crop,1,dt_mask,0.1,1.0,0.9747
ARSS_0068,ARSS_crop,1,ig_mask,0.2,0.0,0.8376
ARSS_0068,ARSS_crop,1,random_mask,0.2,0.0,0.6633
ARSS_0068,ARSS_crop,1,fft_mask,0.2,0.0,0.4891
ARSS_0068,ARSS_crop,1,gabor_mask,0.2,0.0,0.925
ARSS_0068,ARSS_crop,1,dt_mask,0.2,1.0,0.9697
ARSS_0068,ARSS_crop,1,ig_mask,0.3,0.0,0.7721
ARSS_0068,ARSS_crop,1,random_mask,0.3,0.0,0.8015
ARSS_0068,ARSS_crop,1,fft_mask,0.3,0.0,0.6372
ARSS_0068,ARSS_crop,1,gabor_mask,0.3,0.0,0.9325
ARSS_0068,ARSS_crop,1,dt_mask,0.3,1.0,0.9674
ARSE_0151,ARSE_crop,0,full,0.0,1.0,0.9324
ARSE_0151,ARSE_crop,0,ig_mask,0.1,0.0,0.926
ARSE_0151,ARSE_crop,0,random_mask,0.1,0.0,0.8696
ARSE_0151,ARSE_crop,0,fft_mask,0.1,0.0,0.6363
ARSE_0151,ARSE_crop,0,gabor_mask,0.1,0.0,0.2953
ARSE_0151,ARSE_crop,0,dt_mask,0.1,1.0,0.9275
ARSE_0151,ARSE_crop,0,ig_mask,0.2,0.0,0.941
ARSE_0151,ARSE_crop,0,random_mask,0.2,0.0,0.9185
ARSE_0151,ARSE_crop,0,fft_mask,0.2,0.0,0.8363
ARSE_0151,ARSE_crop,0,gabor_mask,0.2,0.0,0.7531
ARSE_0151,ARSE_crop,0,dt_mask,0.2,1.0,0.9242
ARSE_0151,ARSE_crop,0,ig_mask,0.3,0.0,0.9297
ARSE_0151,ARSE_crop,0,random_mask,0.3,0.0,0.9351
ARSE_0151,ARSE_crop,0,fft_mask,0.3,0.0,0.8133
ARSE_0151,ARSE_crop,0,gabor_mask,0.3,0.0,0.9482
ARSE_0151,ARSE_crop,0,dt_mask,0.3,1.0,0.8835
ARSS_0171,ARSS_crop,1,full,0.0,1.0,0.9748
ARSS_0171,ARSS_crop,1,ig_mask,0.1,0.0,0.4927
ARSS_0171,ARSS_crop,1,random_mask,0.1,0.0,0.5216
ARSS_0171,ARSS_crop,1,fft_mask,0.1,1.0,0.4076
ARSS_0171,ARSS_crop,1,gabor_mask,0.1,1.0,0.5205
ARSS_0171,ARSS_crop,1,dt_mask,0.1,1.0,0.9681
ARSS_0171,ARSS_crop,1,ig_mask,0.2,0.0,0.9132
ARSS_0171,ARSS_crop,1,random_mask,0.2,0.0,0.6938
ARSS_0171,ARSS_crop,1,fft_mask,0.2,0.0,0.4949
ARSS_0171,ARSS_crop,1,gabor_mask,0.2,0.0,0.9169
ARSS_0171,ARSS_crop,1,dt_mask,0.2,1.0,0.9622
ARSS_0171,ARSS_crop,1,ig_mask,0.3,0.0,0.9286
ARSS_0171,ARSS_crop,1,random_mask,0.3,0.0,0.8007
ARSS_0171,ARSS_crop,1,fft_mask,0.3,0.0,0.4894
ARSS_0171,ARSS_crop,1,gabor_mask,0.3,0.0,0.9602
ARSS_0171,ARSS_crop,1,dt_mask,0.3,1.0,0.9496
ARSE_0171,ARSE_crop,0,full,0.0,1.0,0.9384
ARSE_0171,ARSE_crop,0,ig_mask,0.1,0.0,0.8374
ARSE_0171,ARSE_crop,0,random_mask,0.1,0.0,0.7758
ARSE_0171,ARSE_crop,0,fft_mask,0.1,0.0,0.4241
ARSE_0171,ARSE_crop,0,gabor_mask,0.1,0.0,0.3766
ARSE_0171,ARSE_crop,0,dt_mask,0.1,1.0,0.9337
ARSE_0171,ARSE_crop,0,ig_mask,0.2,0.0,0.9453
ARSE_0171,ARSE_crop,0,random_mask,0.2,0.0,0.8659
ARSE_0171,ARSE_crop,0,fft_mask,0.2,0.0,0.8812
ARSE_0171,ARSE_crop,0,gabor_mask,0.2,0.0,0.7953
ARSE_0171,ARSE_crop,0,dt_mask,0.2,1.0,0.9264
ARSE_0171,ARSE_crop,0,ig_mask,0.3,0.0,0.946
ARSE_0171,ARSE_crop,0,random_mask,0.3,0.0,0.8762
ARSE_0171,ARSE_crop,0,fft_mask,0.3,0.0,0.8206
ARSE_0171,ARSE_crop,0,gabor_mask,0.3,0.0,0.9551
ARSE_0171,ARSE_crop,0,dt_mask,0.3,1.0,0.897
ARSE_0201,ARSE_crop,0,full,0.0,1.0,0.943
ARSE_0201,ARSE_crop,0,ig_mask,0.1,0.0,0.9208
ARSE_0201,ARSE_crop,0,random_mask,0.1,0.0,0.8421
ARSE_0201,ARSE_crop,0,fft_mask,0.1,0.0,0.5579
ARSE_0201,ARSE_crop,0,gabor_mask,0.1,0.0,0.3673
ARSE_0201,ARSE_crop,0,dt_mask,0.1,1.0,0.934
ARSE_0201,ARSE_crop,0,ig_mask,0.2,0.0,0.9442
ARSE_0201,ARSE_crop,0,random_mask,0.2,0.0,0.8679
ARSE_0201,ARSE_crop,0,fft_mask,0.2,0.0,0.8985
ARSE_0201,ARSE_crop,0,gabor_mask,0.2,0.0,0.6811
ARSE_0201,ARSE_crop,0,dt_mask,0.2,1.0,0.9203
ARSE_0201,ARSE_crop,0,ig_mask,0.3,0.0,0.9211
ARSE_0201,ARSE_crop,0,random_mask,0.3,0.0,0.9134
ARSE_0201,ARSE_crop,0,fft_mask,0.3,0.0,0.8048
ARSE_0201,ARSE_crop,0,gabor_mask,0.3,0.0,0.8525
ARSE_0201,ARSE_crop,0,dt_mask,0.3,1.0,0.789
ARSS_0037,ARSS_crop,1,full,0.0,1.0,0.9708
ARSS_0037,ARSS_crop,1,ig_mask,0.1,0.0,0.8682
ARSS_0037,ARSS_crop,1,random_mask,0.1,0.0,0.5295
ARSS_0037,ARSS_crop,1,fft_mask,0.1,0.0,0.3838
ARSS_0037,ARSS_crop,1,gabor_mask,0.1,0.0,0.3496
ARSS_0037,ARSS_crop,1,dt_mask,0.1,1.0,0.9586
ARSS_0037,ARSS_crop,1,ig_mask,0.2,0.0,0.9391
ARSS_0037,ARSS_crop,1,random_mask,0.2,0.0,0.7556
ARSS_0037,ARSS_crop,1,fft_mask,0.2,0.0,0.8018
ARSS_0037,ARSS_crop,1,gabor_mask,0.2,0.0,0.8595
ARSS_0037,ARSS_crop,1,dt_mask,0.2,1.0,0.9478
ARSS_0037,ARSS_crop,1,ig_mask,0.3,0.0,0.834
ARSS_0037,ARSS_crop,1,random_mask,0.3,0.0,0.8349
ARSS_0037,ARSS_crop,1,fft_mask,0.3,0.0,0.7964
ARSS_0037,ARSS_crop,1,gabor_mask,0.3,0.0,0.9563
ARSS_0037,ARSS_crop,1,dt_mask,0.3,1.0,0.917
PJNA_0196,PJNA_crop,2,full,0.0,1.0,0.9302
PJNA_0196,PJNA_crop,2,ig_mask,0.1,1.0,0.5813
PJNA_0196,PJNA_crop,2,random_mask,0.1,0.8,0.5437
PJNA_0196,PJNA_crop,2,fft_mask,0.1,1.0,0.8127
PJNA_0196,PJNA_crop,2,gabor_mask,0.1,1.0,0.9106
PJNA_0196,PJNA_crop,2,dt_mask,0.1,1.0,0.926
PJNA_0196,PJNA_crop,2,ig_mask,0.2,0.0,0.8903
PJNA_0196,PJNA_crop,2,random_mask,0.2,0.0,0.708
PJNA_0196,PJNA_crop,2,fft_mask,0.2,1.0,0.9014
PJNA_0196,PJNA_crop,2,gabor_mask,0.2,1.0,0.6878
PJNA_0196,PJNA_crop,2,dt_mask,0.2,1.0,0.9185
PJNA_0196,PJNA_crop,2,ig_mask,0.3,0.0,0.9461
PJNA_0196,PJNA_crop,2,random_mask,0.3,0.0,0.8523
PJNA_0196,PJNA_crop,2,fft_mask,0.3,1.0,0.7507
PJNA_0196,PJNA_crop,2,gabor_mask,0.3,0.0,0.8987
PJNA_0196,PJNA_crop,2,dt_mask,0.3,1.0,0.9068
PJNA_0210,PJNA_crop,2,full,0.0,1.0,0.9273
PJNA_0210,PJNA_crop,2,ig_mask,0.1,0.0,0.5055
PJNA_0210,PJNA_crop,2,random_mask,0.1,1.0,0.795
PJNA_0210,PJNA_crop,2,fft_mask,0.1,1.0,0.8849
PJNA_0210,PJNA_crop,2,gabor_mask,0.1,1.0,0.8784
PJNA_0210,PJNA_crop,2,dt_mask,0.1,1.0,0.9243
PJNA_0210,PJNA_crop,2,ig_mask,0.2,0.0,0.9268
PJNA_0210,PJNA_crop,2,random_mask,0.2,0.5,0.635
PJNA_0210,PJNA_crop,2,fft_mask,0.2,1.0,0.9036
PJNA_0210,PJNA_crop,2,gabor_mask,0.2,1.0,0.8358
PJNA_0210,PJNA_crop,2,dt_mask,0.2,1.0,0.9174
PJNA_0210,PJNA_crop,2,ig_mask,0.3,0.0,0.9369
PJNA_0210,PJNA_crop,2,random_mask,0.3,0.0,0.7999
PJNA_0210,PJNA_crop,2,fft_mask,0.3,0.0,0.7739
PJNA_0210,PJNA_crop,2,gabor_mask,0.3,0.0,0.8892
PJNA_0210,PJNA_crop,2,dt_mask,0.3,1.0,0.9134
ARSE_0058,ARSE_crop,0,full,0.0,1.0,0.9319
ARSE_0058,ARSE_crop,0,ig_mask,0.1,0.0,0.8791
ARSE_0058,ARSE_crop,0,random_mask,0.1,0.0,0.8879
ARSE_0058,ARSE_crop,0,fft_mask,0.1,0.0,0.4326
ARSE_0058,ARSE_crop,0,gabor_mask,0.1,0.0,0.602
ARSE_0058,ARSE_crop,0,dt_mask,0.1,1.0,0.9151
ARSE_0058,ARSE_crop,0,ig_mask,0.2,0.0,0.9298
ARSE_0058,ARSE_crop,0,random_mask,0.2,0.0,0.9232
ARSE_0058,ARSE_crop,0,fft_mask,0.2,0.0,0.9141
ARSE_0058,ARSE_crop,0,gabor_mask,0.2,0.0,0.9449
ARSE_0058,ARSE_crop,0,dt_mask,0.2,1.0,0.8956
ARSE_0058,ARSE_crop,0,ig_mask,0.3,0.0,0.937
ARSE_0058,ARSE_crop,0,random_mask,0.3,0.0,0.8949
ARSE_0058,ARSE_crop,0,fft_mask,0.3,0.0,0.6778
ARSE_0058,ARSE_crop,0,gabor_mask,0.3,0.0,0.9618
ARSE_0058,ARSE_crop,0,dt_mask,0.3,1.0,0.7956
PRPE_0186,PRPE_crop,4,full,0.0,1.0,0.9538
PRPE_0186,PRPE_crop,4,ig_mask,0.1,1.0,0.9602
PRPE_0186,PRPE_crop,4,random_mask,0.1,1.0,0.9574
PRPE_0186,PRPE_crop,4,fft_mask,0.1,1.0,0.8618
PRPE_0186,PRPE_crop,4,gabor_mask,0.1,1.0,0.9559
PRPE_0186,PRPE_crop,4,dt_mask,0.1,1.0,0.9518
PRPE_0186,PRPE_crop,4,ig_mask,0.2,1.0,0.9583
PRPE_0186,PRPE_crop,4,random_mask,0.2,1.0,0.9599
PRPE_0186,PRPE_crop,4,fft_mask,0.2,0.0,0.6188
PRPE_0186,PRPE_crop,4,gabor_mask,0.2,1.0,0.9617
PRPE_0186,PRPE_crop,4,dt_mask,0.2,1.0,0.9528
PRPE_0186,PRPE_crop,4,ig_mask,0.3,1.0,0.957
PRPE_0186,PRPE_crop,4,random_mask,0.3,1.0,0.9605
PRPE_0186,PRPE_crop,4,fft_mask,0.3,0.0,0.4493
PRPE_0186,PRPE_crop,4,gabor_mask,0.3,1.0,0.9611
PRPE_0186,PRPE_crop,4,dt_mask,0.3,1.0,0.9558
ARSE_0188,ARSE_crop,0,full,0.0,1.0,0.9331
ARSE_0188,ARSE_crop,0,ig_mask,0.1,0.0,0.834
ARSE_0188,ARSE_crop,0,random_mask,0.1,0.0,0.6372
ARSE_0188,ARSE_crop,0,fft_mask,0.1,0.0,0.3961
ARSE_0188,ARSE_crop,0,gabor_mask,0.1,0.0,0.7336
ARSE_0188,ARSE_crop,0,dt_mask,0.1,1.0,0.9368
ARSE_0188,ARSE_crop,0,ig_mask,0.2,0.0,0.955
ARSE_0188,ARSE_crop,0,random_mask,0.2,0.0,0.8037
ARSE_0188,ARSE_crop,0,fft_mask,0.2,0.0,0.613
ARSE_0188,ARSE_crop,0,gabor_mask,0.2,0.0,0.9193
ARSE_0188,ARSE_crop,0,dt_mask,0.2,1.0,0.934
ARSE_0188,ARSE_crop,0,ig_mask,0.3,0.0,0.9625
ARSE_0188,ARSE_crop,0,random_mask,0.3,0.0,0.8287
ARSE_0188,ARSE_crop,0,fft_mask,0.3,0.0,0.8254
ARSE_0188,ARSE_crop,0,gabor_mask,0.3,0.0,0.9565
ARSE_0188,ARSE_crop,0,dt_mask,0.3,1.0,0.9163
ARSS_0167,ARSS_crop,1,full,0.0,1.0,0.9925
ARSS_0167,ARSS_crop,1,ig_mask,0.1,0.0,0.7698
ARSS_0167,ARSS_crop,1,random_mask,0.1,0.0,0.8332
ARSS_0167,ARSS_crop,1,fft_mask,0.1,1.0,0.669
ARSS_0167,ARSS_crop,1,gabor_mask,0.1,1.0,0.9466
ARSS_0167,ARSS_crop,1,dt_mask,0.1,1.0,0.9911
ARSS_0167,ARSS_crop,1,ig_mask,0.2,0.0,0.9327
ARSS_0167,ARSS_crop,1,random_mask,0.2,0.0,0.9056
ARSS_0167,ARSS_crop,1,fft_mask,0.2,1.0,0.5379
ARSS_0167,ARSS_crop,1,gabor_mask,0.2,0.0,0.8538
ARSS_0167,ARSS_crop,1,dt_mask,0.2,1.0,0.9896
ARSS_0167,ARSS_crop,1,ig_mask,0.3,0.0,0.9372
ARSS_0167,ARSS_crop,1,random_mask,0.3,0.0,0.9305
ARSS_0167,ARSS_crop,1,fft_mask,0.3,0.0,0.3462
ARSS_0167,ARSS_crop,1,gabor_mask,0.3,0.0,0.9589
ARSS_0167,ARSS_crop,1,dt_mask,0.3,1.0,0.9881
PRPE_0197,PRPE_crop,4,full,0.0,1.0,0.9493
PRPE_0197,PRPE_crop,4,ig_mask,0.1,1.0,0.9275
PRPE_0197,PRPE_crop,4,random_mask,0.1,1.0,0.9303
PRPE_0197,PRPE_crop,4,fft_mask,0.1,0.0,0.7671
PRPE_0197,PRPE_crop,4,gabor_mask,0.1,1.0,0.9118
PRPE_0197,PRPE_crop,4,dt_mask,0.1,1.0,0.9461
PRPE_0197,PRPE_crop,4,ig_mask,0.2,1.0,0.9409
PRPE_0197,PRPE_crop,4,random_mask,0.2,1.0,0.9467
PRPE_0197,PRPE_crop,4,fft_mask,0.2,0.0,0.8223
PRPE_0197,PRPE_crop,4,gabor_mask,0.2,1.0,0.8867
PRPE_0197,PRPE_crop,4,dt_mask,0.2,1.0,0.9509
PRPE_0197,PRPE_crop,4,ig_mask,0.3,1.0,0.9475
PRPE_0197,PRPE_crop,4,random_mask,0.3,1.0,0.955
PRPE_0197,PRPE_crop,4,fft_mask,0.3,0.0,0.7288
PRPE_0197,PRPE_crop,4,gabor_mask,0.3,1.0,0.9203
PRPE_0197,PRPE_crop,4,dt_mask,0.3,1.0,0.9484
PJNA_0185,PJNA_crop,2,full,0.0,1.0,0.9156
PJNA_0185,PJNA_crop,2,ig_mask,0.1,0.0,0.7519
PJNA_0185,PJNA_crop,2,random_mask,0.1,0.2,0.5402
PJNA_0185,PJNA_crop,2,fft_mask,0.1,1.0,0.8533
PJNA_0185,PJNA_crop,2,gabor_mask,0.1,1.0,0.7887
PJNA_0185,PJNA_crop,2,dt_mask,0.1,1.0,0.9106
PJNA_0185,PJNA_crop,2,ig_mask,0.2,0.0,0.8953
PJNA_0185,PJNA_crop,2,random_mask,0.2,0.0,0.8156
PJNA_0185,PJNA_crop,2,fft_mask,0.2,1.0,0.7832
PJNA_0185,PJNA_crop,2,gabor_mask,0.2,1.0,0.4686
PJNA_0185,PJNA_crop,2,dt_mask,0.2,1.0,0.9055
PJNA_0185,PJNA_crop,2,ig_mask,0.3,0.0,0.9313
PJNA_0185,PJNA_crop,2,random_mask,0.3,0.0,0.9035
PJNA_0185,PJNA_crop,2,fft_mask,0.3,0.0,0.7795
PJNA_0185,PJNA_crop,2,gabor_mask,0.3,0.0,0.9237
PJNA_0185,PJNA_crop,2,dt_mask,0.3,1.0,0.8965
ARSS_0002,ARSS_crop,1,full,0.0,1.0,0.9793
ARSS_0002,ARSS_crop,1,ig_mask,0.1,0.0,0.9417
ARSS_0002,ARSS_crop,1,random_mask,0.1,0.0,0.6131
ARSS_0002,ARSS_crop,1,fft_mask,0.1,0.0,0.5554
ARSS_0002,ARSS_crop,1,gabor_mask,0.1,0.0,0.7476
ARSS_0002,ARSS_crop,1,dt_mask,0.1,1.0,0.9738
ARSS_0002,ARSS_crop,1,ig_mask,0.2,0.0,0.9532
ARSS_0002,ARSS_crop,1,random_mask,0.2,0.0,0.7717
ARSS_0002,ARSS_crop,1,fft_mask,0.2,0.0,0.5773
ARSS_0002,ARSS_crop,1,gabor_mask,0.2,0.0,0.8812
ARSS_0002,ARSS_crop,1,dt_mask,0.2,1.0,0.9711
ARSS_0002,ARSS_crop,1,ig_mask,0.3,0.0,0.9469
ARSS_0002,ARSS_crop,1,random_mask,0.3,0.0,0.8187
ARSS_0002,ARSS_crop,1,fft_mask,0.3,0.0,0.7692
ARSS_0002,ARSS_crop,1,gabor_mask,0.3,0.0,0.9503
ARSS_0002,ARSS_crop,1,dt_mask,0.3,1.0,0.9662
PRPE_0007,PRPE_crop,4,full,0.0,1.0,0.9069
PRPE_0007,PRPE_crop,4,ig_mask,0.1,1.0,0.9477
PRPE_0007,PRPE_crop,4,random_mask,0.1,1.0,0.922
PRPE_0007,PRPE_crop,4,fft_mask,0.1,0.0,0.5187
PRPE_0007,PRPE_crop,4,gabor_mask,0.1,1.0,0.5337
PRPE_0007,PRPE_crop,4,dt_mask,0.1,1.0,0.823
PRPE_0007,PRPE_crop,4,ig_mask,0.2,1.0,0.956
PRPE_0007,PRPE_crop,4,random_mask,0.2,1.0,0.9435
PRPE_0007,PRPE_crop,4,fft_mask,0.2,0.0,0.8351
PRPE_0007,PRPE_crop,4,gabor_mask,0.2,1.0,0.6269
PRPE_0007,PRPE_crop,4,dt_mask,0.2,1.0,0.9264
PRPE_0007,PRPE_crop,4,ig_mask,0.3,1.0,0.9526
PRPE_0007,PRPE_crop,4,random_mask,0.3,1.0,0.9485
PRPE_0007,PRPE_crop,4,fft_mask,0.3,0.0,0.7256
PRPE_0007,PRPE_crop,4,gabor_mask,0.3,1.0,0.9277
PRPE_0007,PRPE_crop,4,dt_mask,0.3,1.0,0.5915
PRDA_0034,PRDA_crop,3,full,0.0,1.0,0.7818
PRDA_0034,PRDA_crop,3,ig_mask,0.1,0.0,0.9208
PRDA_0034,PRDA_crop,3,random_mask,0.1,0.4,0.5922
PRDA_0034,PRDA_crop,3,fft_mask,0.1,1.0,0.4467
PRDA_0034,PRDA_crop,3,gabor_mask,0.1,1.0,0.611
PRDA_0034,PRDA_crop,3,dt_mask,0.1,1.0,0.5464
PRDA_0034,PRDA_crop,3,ig_mask,0.2,0.0,0.9453
PRDA_0034,PRDA_crop,3,random_mask,0.2,0.0,0.8451
PRDA_0034,PRDA_crop,3,fft_mask,0.2,0.0,0.6872
PRDA_0034,PRDA_crop,3,gabor_mask,0.2,1.0,0.4043
PRDA_0034,PRDA_crop,3,dt_mask,0.2,0.0,0.4029
PRDA_0034,PRDA_crop,3,ig_mask,0.3,0.0,0.9253
PRDA_0034,PRDA_crop,3,random_mask,0.3,0.0,0.9229
PRDA_0034,PRDA_crop,3,fft_mask,0.3,0.0,0.6018
PRDA_0034,PRDA_crop,3,gabor_mask,0.3,0.0,0.8417
PRDA_0034,PRDA_crop,3,dt_mask,0.3,0.0,0.5363
PRPE_0065,PRPE_crop,4,full,0.0,1.0,0.9604
PRPE_0065,PRPE_crop,4,ig_mask,0.1,1.0,0.9591
PRPE_0065,PRPE_crop,4,random_mask,0.1,1.0,0.9562
PRPE_0065,PRPE_crop,4,fft_mask,0.1,1.0,0.8788
PRPE_0065,PRPE_crop,4,gabor_mask,0.1,1.0,0.9579
PRPE_0065,PRPE_crop,4,dt_mask,0.1,1.0,0.9484
PRPE_0065,PRPE_crop,4,ig_mask,0.2,1.0,0.9609
PRPE_0065,PRPE_crop,4,random_mask,0.2,1.0,0.9571
PRPE_0065,PRPE_crop,4,fft_mask,0.2,0.0,0.5867
PRPE_0065,PRPE_crop,4,gabor_mask,0.2,1.0,0.9249
PRPE_0065,PRPE_crop,4,dt_mask,0.2,1.0,0.9174
PRPE_0065,PRPE_crop,4,ig_mask,0.3,1.0,0.961
PRPE_0065,PRPE_crop,4,random_mask,0.3,1.0,0.9585
PRPE_0065,PRPE_crop,4,fft_mask,0.3,0.0,0.6517
PRPE_0065,PRPE_crop,4,gabor_mask,0.3,1.0,0.9285
PRPE_0065,PRPE_crop,4,dt_mask,0.3,1.0,0.8556
ARSS_0122,ARSS_crop,1,full,0.0,1.0,0.8684
ARSS_0122,ARSS_crop,1,ig_mask,0.1,1.0,0.9133
ARSS_0122,ARSS_crop,1,random_mask,0.1,0.0,0.9246
ARSS_0122,ARSS_crop,1,fft_mask,0.1,0.0,0.3613
ARSS_0122,ARSS_crop,1,gabor_mask,0.1,1.0,0.6568
ARSS_0122,ARSS_crop,1,dt_mask,0.1,1.0,0.8086
ARSS_0122,ARSS_crop,1,ig_mask,0.2,1.0,0.8318
ARSS_0122,ARSS_crop,1,random_mask,0.2,0.0,0.9448
ARSS_0122,ARSS_crop,1,fft_mask,0.2,0.0,0.5457
ARSS_0122,ARSS_crop,1,gabor_mask,0.2,0.0,0.738
ARSS_0122,ARSS_crop,1,dt_mask,0.2,1.0,0.6606
ARSS_0122,ARSS_crop,1,ig_mask,0.3,0.0,0.5369
ARSS_0122,ARSS_crop,1,random_mask,0.3,0.0,0.9492
ARSS_0122,ARSS_crop,1,fft_mask,0.3,0.0,0.8116
ARSS_0122,ARSS_crop,1,gabor_mask,0.3,0.0,0.9383
ARSS_0122,ARSS_crop,1,dt_mask,0.3,1.0,0.5759
ARSS_0200,ARSS_crop,1,full,0.0,1.0,0.9857
ARSS_0200,ARSS_crop,1,ig_mask,0.1,0.0,0.9194
ARSS_0200,ARSS_crop,1,random_mask,0.1,0.0,0.943
ARSS_0200,ARSS_crop,1,fft_mask,0.1,1.0,0.6885
ARSS_0200,ARSS_crop,1,gabor_mask,0.1,1.0,0.7755
ARSS_0200,ARSS_crop,1,dt_mask,0.1,1.0,0.9814
ARSS_0200,ARSS_crop,1,ig_mask,0.2,0.0,0.9491
ARSS_0200,ARSS_crop,1,random_mask,0.2,0.0,0.9447
ARSS_0200,ARSS_crop,1,fft_mask,0.2,0.0,0.6895
ARSS_0200,ARSS_crop,1,gabor_mask,0.2,0.0,0.8138
ARSS_0200,ARSS_crop,1,dt_mask,0.2,1.0,0.9777
ARSS_0200,ARSS_crop,1,ig_mask,0.3,0.0,0.9482
ARSS_0200,ARSS_crop,1,random_mask,0.3,0.0,0.9423
ARSS_0200,ARSS_crop,1,fft_mask,0.3,0.0,0.4927
ARSS_0200,ARSS_crop,1,gabor_mask,0.3,0.0,0.9523
ARSS_0200,ARSS_crop,1,dt_mask,0.3,1.0,0.9755
PRDA_0193,PRDA_crop,3,full,0.0,1.0,0.7955
PRDA_0193,PRDA_crop,3,ig_mask,0.1,0.0,0.5916
PRDA_0193,PRDA_crop,3,random_mask,0.1,1.0,0.6481
PRDA_0193,PRDA_crop,3,fft_mask,0.1,1.0,0.5544
PRDA_0193,PRDA_crop,3,gabor_mask,0.1,1.0,0.6625
PRDA_0193,PRDA_crop,3,dt_mask,0.1,1.0,0.6814
PRDA_0193,PRDA_crop,3,ig_mask,0.2,0.0,0.8732
PRDA_0193,PRDA_crop,3,random_mask,0.2,0.7,0.5099
PRDA_0193,PRDA_crop,3,fft_mask,0.2,0.0,0.5195
PRDA_0193,PRDA_crop,3,gabor_mask,0.2,1.0,0.5039
PRDA_0193,PRDA_crop,3,dt_mask,0.2,1.0,0.4735
PRDA_0193,PRDA_crop,3,ig_mask,0.3,0.0,0.9192
PRDA_0193,PRDA_crop,3,random_mask,0.3,0.1,0.6616
PRDA_0193,PRDA_crop,3,fft_mask,0.3,0.0,0.4134
PRDA_0193,PRDA_crop,3,gabor_mask,0.3,0.0,0.6257
PRDA_0193,PRDA_crop,3,dt_mask,0.3,0.0,0.5035
PRPE_0032,PRPE_crop,4,full,0.0,1.0,0.958
PRPE_0032,PRPE_crop,4,ig_mask,0.1,1.0,0.963
PRPE_0032,PRPE_crop,4,random_mask,0.1,1.0,0.9579
PRPE_0032,PRPE_crop,4,fft_mask,0.1,1.0,0.8472
PRPE_0032,PRPE_crop,4,gabor_mask,0.1,1.0,0.9585
PRPE_0032,PRPE_crop,4,dt_mask,0.1,1.0,0.9573
PRPE_0032,PRPE_crop,4,ig_mask,0.2,1.0,0.9619
PRPE_0032,PRPE_crop,4,random_mask,0.2,1.0,0.9589
PRPE_0032,PRPE_crop,4,fft_mask,0.2,0.0,0.678
PRPE_0032,PRPE_crop,4,gabor_mask,0.2,1.0,0.9609
PRPE_0032,PRPE_crop,4,dt_mask,0.2,1.0,0.9605
PRPE_0032,PRPE_crop,4,ig_mask,0.3,1.0,0.9605
PRPE_0032,PRPE_crop,4,random_mask,0.3,1.0,0.9596
PRPE_0032,PRPE_crop,4,fft_mask,0.3,0.0,0.6198
PRPE_0032,PRPE_crop,4,gabor_mask,0.3,1.0,0.9604
PRPE_0032,PRPE_crop,4,dt_mask,0.3,1.0,0.9554
ARSS_0193,ARSS_crop,1,full,0.0,1.0,0.974
ARSS_0193,ARSS_crop,1,ig_mask,0.1,1.0,0.8053
ARSS_0193,ARSS_crop,1,random_mask,0.1,0.0,0.5331
ARSS_0193,ARSS_crop,1,fft_mask,0.1,1.0,0.3832
ARSS_0193,ARSS_crop,1,gabor_mask,0.1,1.0,0.5263
ARSS_0193,ARSS_crop,1,dt_mask,0.1,1.0,0.9581
ARSS_0193,ARSS_crop,1,ig_mask,0.2,0.0,0.5254
ARSS_0193,ARSS_crop,1,random_mask,0.2,0.0,0.5793
ARSS_0193,ARSS_crop,1,fft_mask,0.2,0.0,0.4007
ARSS_0193,ARSS_crop,1,gabor_mask,0.2,0.0,0.837
ARSS_0193,ARSS_crop,1,dt_mask,0.2,1.0,0.8989
ARSS_0193,ARSS_crop,1,ig_mask,0.3,0.0,0.6803
ARSS_0193,ARSS_crop,1,random_mask,0.3,0.0,0.6525
ARSS_0193,ARSS_crop,1,fft_mask,0.3,0.0,0.5477
ARSS_0193,ARSS_crop,1,gabor_mask,0.3,0.0,0.9389
ARSS_0193,ARSS_crop,1,dt_mask,0.3,1.0,0.8927
PJNA_0226,PJNA_crop,2,full,0.0,1.0,0.9419
PJNA_0226,PJNA_crop,2,ig_mask,0.1,1.0,0.4418
PJNA_0226,PJNA_crop,2,random_mask,0.1,0.3,0.5276
PJNA_0226,PJNA_crop,2,fft_mask,0.1,1.0,0.9366
PJNA_0226,PJNA_crop,2,gabor_mask,0.1,1.0,0.9256
PJNA_0226,PJNA_crop,2,dt_mask,0.1,1.0,0.9384
PJNA_0226,PJNA_crop,2,ig_mask,0.2,0.0,0.9012
PJNA_0226,PJNA_crop,2,random_mask,0.2,0.0,0.6889
PJNA_0226,PJNA_crop,2,fft_mask,0.2,1.0,0.8926
PJNA_0226,PJNA_crop,2,gabor_mask,0.2,1.0,0.4577
PJNA_0226,PJNA_crop,2,dt_mask,0.2,1.0,0.9356
PJNA_0226,PJNA_crop,2,ig_mask,0.3,0.0,0.9276
PJNA_0226,PJNA_crop,2,random_mask,0.3,0.0,0.7921
PJNA_0226,PJNA_crop,2,fft_mask,0.3,1.0,0.9157
PJNA_0226,PJNA_crop,2,gabor_mask,0.3,0.0,0.658
PJNA_0226,PJNA_crop,2,dt_mask,0.3,1.0,0.9325
PJNA_0188,PJNA_crop,2,full,0.0,1.0,0.9254
PJNA_0188,PJNA_crop,2,ig_mask,0.1,0.0,0.4745
PJNA_0188,PJNA_crop,2,random_mask,0.1,1.0,0.75
PJNA_0188,PJNA_crop,2,fft_mask,0.1,1.0,0.8893
PJNA_0188,PJNA_crop,2,gabor_mask,0.1,1.0,0.9147
PJNA_0188,PJNA_crop,2,dt_mask,0.1,1.0,0.9226
PJNA_0188,PJNA_crop,2,ig_mask,0.2,0.0,0.8833
PJNA_0188,PJNA_crop,2,random_mask,0.2,0.7,0.6067
PJNA_0188,PJNA_crop,2,fft_mask,0.2,1.0,0.886
PJNA_0188,PJNA_crop,2,gabor_mask,0.2,1.0,0.8605
PJNA_0188,PJNA_crop,2,dt_mask,0.2,1.0,0.9183
PJNA_0188,PJNA_crop,2,ig_mask,0.3,0.0,0.9317
PJNA_0188,PJNA_crop,2,random_mask,0.3,0.0,0.7804
PJNA_0188,PJNA_crop,2,fft_mask,0.3,0.0,0.7792
PJNA_0188,PJNA_crop,2,gabor_mask,0.3,0.0,0.815
PJNA_0188,PJNA_crop,2,dt_mask,0.3,1.0,0.9178
ARSS_0144,ARSS_crop,1,full,0.0,1.0,0.9831
ARSS_0144,ARSS_crop,1,ig_mask,0.1,0.0,0.8857
ARSS_0144,ARSS_crop,1,random_mask,0.1,0.0,0.856
ARSS_0144,ARSS_crop,1,fft_mask,0.1,0.0,0.3464
ARSS_0144,ARSS_crop,1,gabor_mask,0.1,1.0,0.8669
ARSS_0144,ARSS_crop,1,dt_mask,0.1,1.0,0.9788
ARSS_0144,ARSS_crop,1,ig_mask,0.2,0.0,0.9294
ARSS_0144,ARSS_crop,1,random_mask,0.2,0.0,0.8775
ARSS_0144,ARSS_crop,1,fft_mask,0.2,0.0,0.5864
ARSS_0144,ARSS_crop,1,gabor_mask,0.2,0.0,0.9599
ARSS_0144,ARSS_crop,1,dt_mask,0.2,1.0,0.9764
ARSS_0144,ARSS_crop,1,ig_mask,0.3,0.0,0.9076
ARSS_0144,ARSS_crop,1,random_mask,0.3,0.0,0.8801
ARSS_0144,ARSS_crop,1,fft_mask,0.3,0.0,0.7429
ARSS_0144,ARSS_crop,1,gabor_mask,0.3,0.0,0.9652
ARSS_0144,ARSS_crop,1,dt_mask,0.3,1.0,0.9741
PJNA_0203,PJNA_crop,2,full,0.0,1.0,0.9246
PJNA_0203,PJNA_crop,2,ig_mask,0.1,1.0,0.4802
PJNA_0203,PJNA_crop,2,random_mask,0.1,1.0,0.5873
PJNA_0203,PJNA_crop,2,fft_mask,0.1,1.0,0.8354
PJNA_0203,PJNA_crop,2,gabor_mask,0.1,1.0,0.8998
PJNA_0203,PJNA_crop,2,dt_mask,0.1,1.0,0.9201
PJNA_0203,PJNA_crop,2,ig_mask,0.2,0.0,0.7504
PJNA_0203,PJNA_crop,2,random_mask,0.2,0.5,0.6086
PJNA_0203,PJNA_crop,2,fft_mask,0.2,1.0,0.8964
PJNA_0203,PJNA_crop,2,gabor_mask,0.2,1.0,0.8701
PJNA_0203,PJNA_crop,2,dt_mask,0.2,1.0,0.9174
PJNA_0203,PJNA_crop,2,ig_mask,0.3,0.0,0.9177
PJNA_0203,PJNA_crop,2,random_mask,0.3,0.1,0.7562
PJNA_0203,PJNA_crop,2,fft_mask,0.3,0.0,0.7793
PJNA_0203,PJNA_crop,2,gabor_mask,0.3,0.0,0.9465
PJNA_0203,PJNA_crop,2,dt_mask,0.3,1.0,0.9118
ARSS_0159,ARSS_crop,1,full,0.0,0.0,0.8444
ARSS_0159,ARSS_crop,1,ig_mask,0.1,0.0,0.8629
ARSS_0159,ARSS_crop,1,random_mask,0.1,0.0,0.87
ARSS_0159,ARSS_crop,1,fft_mask,0.1,0.0,0.881
ARSS_0159,ARSS_crop,1,gabor_mask,0.1,0.0,0.7618
ARSS_0159,ARSS_crop,1,dt_mask,0.1,0.0,0.8856
ARSS_0159,ARSS_crop,1,ig_mask,0.2,0.0,0.9411
ARSS_0159,ARSS_crop,1,random_mask,0.2,0.0,0.9228
ARSS_0159,ARSS_crop,1,fft_mask,0.2,0.0,0.7304
ARSS_0159,ARSS_crop,1,gabor_mask,0.2,0.0,0.8611
ARSS_0159,ARSS_crop,1,dt_mask,0.2,0.0,0.8609
ARSS_0159,ARSS_crop,1,ig_mask,0.3,0.0,0.9506
ARSS_0159,ARSS_crop,1,random_mask,0.3,0.0,0.9315
ARSS_0159,ARSS_crop,1,fft_mask,0.3,0.0,0.6965
ARSS_0159,ARSS_crop,1,gabor_mask,0.3,0.0,0.9354
ARSS_0159,ARSS_crop,1,dt_mask,0.3,0.0,0.8391
ARSE_0052,ARSE_crop,0,full,0.0,1.0,0.9252
ARSE_0052,ARSE_crop,0,ig_mask,0.1,0.0,0.9054
ARSE_0052,ARSE_crop,0,random_mask,0.1,0.0,0.9424
ARSE_0052,ARSE_crop,0,fft_mask,0.1,0.0,0.8559
ARSE_0052,ARSE_crop,0,gabor_mask,0.1,0.0,0.528
ARSE_0052,ARSE_crop,0,dt_mask,0.1,1.0,0.9073
ARSE_0052,ARSE_crop,0,ig_mask,0.2,0.0,0.9503
ARSE_0052,ARSE_crop,0,random_mask,0.2,0.0,0.948
ARSE_0052,ARSE_crop,0,fft_mask,0.2,0.0,0.9063
ARSE_0052,ARSE_crop,0,gabor_mask,0.2,0.0,0.9139
ARSE_0052,ARSE_crop,0,dt_mask,0.2,1.0,0.8894
ARSE_0052,ARSE_crop,0,ig_mask,0.3,0.0,0.9489
ARSE_0052,ARSE_crop,0,random_mask,0.3,0.0,0.9455
ARSE_0052,ARSE_crop,0,fft_mask,0.3,0.0,0.7001
ARSE_0052,ARSE_crop,0,gabor_mask,0.3,0.0,0.939
ARSE_0052,ARSE_crop,0,dt_mask,0.3,1.0,0.8161
PRDA_0055,PRDA_crop,3,full,0.0,1.0,0.8441
PRDA_0055,PRDA_crop,3,ig_mask,0.1,0.0,0.8809
PRDA_0055,PRDA_crop,3,random_mask,0.1,1.0,0.6419
PRDA_0055,PRDA_crop,3,fft_mask,0.1,1.0,0.6901
PRDA_0055,PRDA_crop,3,gabor_mask,0.1,1.0,0.7881
PRDA_0055,PRDA_crop,3,dt_mask,0.1,1.0,0.804
PRDA_0055,PRDA_crop,3,ig_mask,0.2,0.0,0.9457
PRDA_0055,PRDA_crop,3,random_mask,0.2,0.3,0.6116
PRDA_0055,PRDA_crop,3,fft_mask,0.2,1.0,0.76
PRDA_0055,PRDA_crop,3,gabor_mask,0.2,1.0,0.6103
PRDA_0055,PRDA_crop,3,dt_mask,0.2,1.0,0.7522
PRDA_0055,PRDA_crop,3,ig_mask,0.3,0.0,0.9472
PRDA_0055,PRDA_crop,3,random_mask,0.3,0.0,0.7254
PRDA_0055,PRDA_crop,3,fft_mask,0.3,0.0,0.5532
PRDA_0055,PRDA_crop,3,gabor_mask,0.3,0.0,0.8139
PRDA_0055,PRDA_crop,3,dt_mask,0.3,1.0,0.6438
ARSS_0197,ARSS_crop,1,full,0.0,1.0,0.9796
ARSS_0197,ARSS_crop,1,ig_mask,0.1,1.0,0.8436
ARSS_0197,ARSS_crop,1,random_mask,0.1,0.0,0.5959
ARSS_0197,ARSS_crop,1,fft_mask,0.1,0.0,0.3313
ARSS_0197,ARSS_crop,1,gabor_mask,0.1,1.0,0.515
ARSS_0197,ARSS_crop,1,dt_mask,0.1,1.0,0.9741
ARSS_0197,ARSS_crop,1,ig_mask,0.2,1.0,0.5287
ARSS_0197,ARSS_crop,1,random_mask,0.2,0.0,0.67
ARSS_0197,ARSS_crop,1,fft_mask,0.2,0.0,0.5769
ARSS_0197,ARSS_crop,1,gabor_mask,0.2,0.0,0.8379
ARSS_0197,ARSS_crop,1,dt_mask,0.2,1.0,0.9625
ARSS_0197,ARSS_crop,1,ig_mask,0.3,0.0,0.5249
ARSS_0197,ARSS_crop,1,random_mask,0.3,0.0,0.7665
ARSS_0197,ARSS_crop,1,fft_mask,0.3,0.0,0.6297
ARSS_0197,ARSS_crop,1,gabor_mask,0.3,0.0,0.9534
ARSS_0197,ARSS_crop,1,dt_mask,0.3,1.0,0.9485
ARSE_0037,ARSE_crop,0,full,0.0,1.0,0.9407
ARSE_0037,ARSE_crop,0,ig_mask,0.1,0.0,0.9279
ARSE_0037,ARSE_crop,0,random_mask,0.1,0.0,0.9114
ARSE_0037,ARSE_crop,0,fft_mask,0.1,0.0,0.5624
ARSE_0037,ARSE_crop,0,gabor_mask,0.1,0.0,0.7635
ARSE_0037,ARSE_crop,0,dt_mask,0.1,1.0,0.927
ARSE_0037,ARSE_crop,0,ig_mask,0.2,0.0,0.9452
ARSE_0037,ARSE_crop,0,random_mask,0.2,0.0,0.9135
ARSE_0037,ARSE_crop,0,fft_mask,0.2,0.0,0.882
ARSE_0037,ARSE_crop,0,gabor_mask,0.2,0.0,0.8733
ARSE_0037,ARSE_crop,0,dt_mask,0.2,1.0,0.9175
ARSE_0037,ARSE_crop,0,ig_mask,0.3,0.0,0.9489
ARSE_0037,ARSE_crop,0,random_mask,0.3,0.0,0.9249
ARSE_0037,ARSE_crop,0,fft_mask,0.3,0.0,0.5738
ARSE_0037,ARSE_crop,0,gabor_mask,0.3,0.0,0.9553
ARSE_0037,ARSE_crop,0,dt_mask,0.3,1.0,0.8519
PRPE_0063,PRPE_crop,4,full,0.0,1.0,0.8356
PRPE_0063,PRPE_crop,4,ig_mask,0.1,1.0,0.958
PRPE_0063,PRPE_crop,4,random_mask,0.1,1.0,0.9421
PRPE_0063,PRPE_crop,4,fft_mask,0.1,0.0,0.3958
PRPE_0063,PRPE_crop,4,gabor_mask,0.1,1.0,0.9265
PRPE_0063,PRPE_crop,4,dt_mask,0.1,1.0,0.9229
PRPE_0063,PRPE_crop,4,ig_mask,0.2,1.0,0.9593
PRPE_0063,PRPE_crop,4,random_mask,0.2,1.0,0.9489
PRPE_0063,PRPE_crop,4,fft_mask,0.2,0.0,0.7211
PRPE_0063,PRPE_crop,4,gabor_mask,0.2,1.0,0.9409
PRPE_0063,PRPE_crop,4,dt_mask,0.2,1.0,0.9192
PRPE_0063,PRPE_crop,4,ig_mask,0.3,1.0,0.9573
PRPE_0063,PRPE_crop,4,random_mask,0.3,1.0,0.945
PRPE_0063,PRPE_crop,4,fft_mask,0.3,1.0,0.3757
PRPE_0063,PRPE_crop,4,gabor_mask,0.3,1.0,0.8929
PRPE_0063,PRPE_crop,4,dt_mask,0.3,1.0,0.8225
PRDA_0176,PRDA_crop,3,full,0.0,1.0,0.8174
PRDA_0176,PRDA_crop,3,ig_mask,0.1,0.0,0.9389
PRDA_0176,PRDA_crop,3,random_mask,0.1,0.4,0.6703
PRDA_0176,PRDA_crop,3,fft_mask,0.1,1.0,0.5875
PRDA_0176,PRDA_crop,3,gabor_mask,0.1,0.0,0.6676
PRDA_0176,PRDA_crop,3,dt_mask,0.1,1.0,0.7584
PRDA_0176,PRDA_crop,3,ig_mask,0.2,0.0,0.9548
PRDA_0176,PRDA_crop,3,random_mask,0.2,0.0,0.8089
PRDA_0176,PRDA_crop,3,fft_mask,0.2,1.0,0.481
PRDA_0176,PRDA_crop,3,gabor_mask,0.2,0.0,0.9263
PRDA_0176,PRDA_crop,3,dt_mask,0.2,1.0,0.5162
PRDA_0176,PRDA_crop,3,ig_mask,0.3,0.0,0.9451
PRDA_0176,PRDA_crop,3,random_mask,0.3,0.0,0.8926
PRDA_0176,PRDA_crop,3,fft_mask,0.3,0.0,0.7031
PRDA_0176,PRDA_crop,3,gabor_mask,0.3,0.0,0.9551
PRDA_0176,PRDA_crop,3,dt_mask,0.3,0.0,0.6607
PJNA_0100,PJNA_crop,2,full,0.0,1.0,0.9333
PJNA_0100,PJNA_crop,2,ig_mask,0.1,0.0,0.6411
PJNA_0100,PJNA_crop,2,random_mask,0.1,1.0,0.7671
PJNA_0100,PJNA_crop,2,fft_mask,0.1,1.0,0.9163
PJNA_0100,PJNA_crop,2,gabor_mask,0.1,1.0,0.9095
PJNA_0100,PJNA_crop,2,dt_mask,0.1,1.0,0.9306
PJNA_0100,PJNA_crop,2,ig_mask,0.2,0.0,0.5829
PJNA_0100,PJNA_crop,2,random_mask,0.2,0.7,0.5633
PJNA_0100,PJNA_crop,2,fft_mask,0.2,1.0,0.8715
PJNA_0100,PJNA_crop,2,gabor_mask,0.2,1.0,0.792
PJNA_0100,PJNA_crop,2,dt_mask,0.2,1.0,0.9258
PJNA_0100,PJNA_crop,2,ig_mask,0.3,0.0,0.954
PJNA_0100,PJNA_crop,2,random_mask,0.3,0.1,0.7157
PJNA_0100,PJNA_crop,2,fft_mask,0.3,1.0,0.897
PJNA_0100,PJNA_crop,2,gabor_mask,0.3,0.0,0.8646
PJNA_0100,PJNA_crop,2,dt_mask,0.3,1.0,0.9237
PJNA_0021,PJNA_crop,2,full,0.0,1.0,0.9311
PJNA_0021,PJNA_crop,2,ig_mask,0.1,0.0,0.4162
PJNA_0021,PJNA_crop,2,random_mask,0.1,0.5,0.6361
PJNA_0021,PJNA_crop,2,fft_mask,0.1,1.0,0.9142
PJNA_0021,PJNA_crop,2,gabor_mask,0.1,1.0,0.9099
PJNA_0021,PJNA_crop,2,dt_mask,0.1,1.0,0.9249
PJNA_0021,PJNA_crop,2,ig_mask,0.2,0.0,0.9143
PJNA_0021,PJNA_crop,2,random_mask,0.2,0.0,0.9098
PJNA_0021,PJNA_crop,2,fft_mask,0.2,1.0,0.8939
PJNA_0021,PJNA_crop,2,gabor_mask,0.2,1.0,0.8017
PJNA_0021,PJNA_crop,2,dt_mask,0.2,1.0,0.9215
PJNA_0021,PJNA_crop,2,ig_mask,0.3,0.0,0.95
PJNA_0021,PJNA_crop,2,random_mask,0.3,0.0,0.9352
PJNA_0021,PJNA_crop,2,fft_mask,0.3,1.0,0.8302
PJNA_0021,PJNA_crop,2,gabor_mask,0.3,0.0,0.9224
PJNA_0021,PJNA_crop,2,dt_mask,0.3,1.0,0.9194
PJNA_0200,PJNA_crop,2,full,0.0,1.0,0.9139
PJNA_0200,PJNA_crop,2,ig_mask,0.1,0.0,0.8686
PJNA_0200,PJNA_crop,2,random_mask,0.1,0.1,0.5225
PJNA_0200,PJNA_crop,2,fft_mask,0.1,1.0,0.7247
PJNA_0200,PJNA_crop,2,gabor_mask,0.1,1.0,0.695
PJNA_0200,PJNA_crop,2,dt_mask,0.1,1.0,0.898
PJNA_0200,PJNA_crop,2,ig_mask,0.2,0.0,0.9358
PJNA_0200,PJNA_crop,2,random_mask,0.2,0.0,0.8482
PJNA_0200,PJNA_crop,2,fft_mask,0.2,1.0,0.8023
PJNA_0200,PJNA_crop,2,gabor_mask,0.2,0.0,0.9105
PJNA_0200,PJNA_crop,2,dt_mask,0.2,1.0,0.8771
PJNA_0200,PJNA_crop,2,ig_mask,0.3,0.0,0.9501
PJNA_0200,PJNA_crop,2,random_mask,0.3,0.0,0.9242
PJNA_0200,PJNA_crop,2,fft_mask,0.3,1.0,0.8244
PJNA_0200,PJNA_crop,2,gabor_mask,0.3,0.0,0.961
PJNA_0200,PJNA_crop,2,dt_mask,0.3,1.0,0.826
ARSS_0138,ARSS_crop,1,full,0.0,1.0,0.9864
ARSS_0138,ARSS_crop,1,ig_mask,0.1,0.0,0.7299
ARSS_0138,ARSS_crop,1,random_mask,0.1,0.0,0.9168
ARSS_0138,ARSS_crop,1,fft_mask,0.1,1.0,0.4258
ARSS_0138,ARSS_crop,1,gabor_mask,0.1,1.0,0.8952
ARSS_0138,ARSS_crop,1,dt_mask,0.1,1.0,0.9843
ARSS_0138,ARSS_crop,1,ig_mask,0.2,0.0,0.5034
ARSS_0138,ARSS_crop,1,random_mask,0.2,0.0,0.9358
ARSS_0138,ARSS_crop,1,fft_mask,0.2,0.0,0.5149
ARSS_0138,ARSS_crop,1,gabor_mask,0.2,0.0,0.7399
ARSS_0138,ARSS_crop,1,dt_mask,0.2,1.0,0.983
ARSS_0138,ARSS_crop,1,ig_mask,0.3,0.0,0.7434
ARSS_0138,ARSS_crop,1,random_mask,0.3,0.0,0.94
ARSS_0138,ARSS_crop,1,fft_mask,0.3,0.0,0.6323
ARSS_0138,ARSS_crop,1,gabor_mask,0.3,0.0,0.772
ARSS_0138,ARSS_crop,1,dt_mask,0.3,1.0,0.9818
PRDA_0040,PRDA_crop,3,full,0.0,1.0,0.7479
PRDA_0040,PRDA_crop,3,ig_mask,0.1,0.0,0.9253
PRDA_0040,PRDA_crop,3,random_mask,0.1,0.2,0.5467
PRDA_0040,PRDA_crop,3,fft_mask,0.1,0.0,0.5959
PRDA_0040,PRDA_crop,3,gabor_mask,0.1,1.0,0.6036
PRDA_0040,PRDA_crop,3,dt_mask,0.1,1.0,0.6228
PRDA_0040,PRDA_crop,3,ig_mask,0.2,0.0,0.9412
PRDA_0040,PRDA_crop,3,random_mask,0.2,0.0,0.7996
PRDA_0040,PRDA_crop,3,fft_mask,0.2,0.0,0.6288
PRDA_0040,PRDA_crop,3,gabor_mask,0.2,0.0,0.7739
PRDA_0040,PRDA_crop,3,dt_mask,0.2,1.0,0.4619
PRDA_0040,PRDA_crop,3,ig_mask,0.3,0.0,0.8383
PRDA_0040,PRDA_crop,3,random_mask,0.3,0.0,0.9075
PRDA_0040,PRDA_crop,3,fft_mask,0.3,0.0,0.7559
PRDA_0040,PRDA_crop,3,gabor_mask,0.3,0.0,0.8735
PRDA_0040,PRDA_crop,3,dt_mask,0.3,0.0,0.5814
ARSS_0183,ARSS_crop,1,full,0.0,1.0,0.9867
ARSS_0183,ARSS_crop,1,ig_mask,0.1,0.0,0.7648
ARSS_0183,ARSS_crop,1,random_mask,0.1,0.0,0.8466
ARSS_0183,ARSS_crop,1,fft_mask,0.1,1.0,0.8469
ARSS_0183,ARSS_crop,1,gabor_mask,0.1,1.0,0.8398
ARSS_0183,ARSS_crop,1,dt_mask,0.1,1.0,0.9836
ARSS_0183,ARSS_crop,1,ig_mask,0.2,0.0,0.915
ARSS_0183,ARSS_crop,1,random_mask,0.2,0.0,0.8851
ARSS_0183,ARSS_crop,1,fft_mask,0.2,0.0,0.4997
ARSS_0183,ARSS_crop,1,gabor_mask,0.2,0.0,0.8632
ARSS_0183,ARSS_crop,1,dt_mask,0.2,1.0,0.9801
ARSS_0183,ARSS_crop,1,ig_mask,0.3,0.0,0.8752
ARSS_0183,ARSS_crop,1,random_mask,0.3,0.0,0.9022
ARSS_0183,ARSS_crop,1,fft_mask,0.3,0.0,0.5848
ARSS_0183,ARSS_crop,1,gabor_mask,0.3,0.0,0.754
ARSS_0183,ARSS_crop,1,dt_mask,0.3,1.0,0.9803
PRPE_0108,PRPE_crop,4,full,0.0,1.0,0.9542
PRPE_0108,PRPE_crop,4,ig_mask,0.1,1.0,0.9574
PRPE_0108,PRPE_crop,4,random_mask,0.1,1.0,0.953
PRPE_0108,PRPE_crop,4,fft_mask,0.1,1.0,0.9385
PRPE_0108,PRPE_crop,4,gabor_mask,0.1,1.0,0.9462
PRPE_0108,PRPE_crop,4,dt_mask,0.1,1.0,0.9573
PRPE_0108,PRPE_crop,4,ig_mask,0.2,1.0,0.9527
PRPE_0108,PRPE_crop,4,random_mask,0.2,1.0,0.9566
PRPE_0108,PRPE_crop,4,fft_mask,0.2,0.0,0.5055
PRPE_0108,PRPE_crop,4,gabor_mask,0.2,1.0,0.9487
PRPE_0108,PRPE_crop,4,dt_mask,0.2,1.0,0.9567
PRPE_0108,PRPE_crop,4,ig_mask,0.3,1.0,0.9427
PRPE_0108,PRPE_crop,4,random_mask,0.3,1.0,0.9571
PRPE_0108,PRPE_crop,4,fft_mask,0.3,0.0,0.691
PRPE_0108,PRPE_crop,4,gabor_mask,0.3,1.0,0.9449
PRPE_0108,PRPE_crop,4,dt_mask,0.3,1.0,0.9402
ARSE_0088,ARSE_crop,0,full,0.0,1.0,0.9395
ARSE_0088,ARSE_crop,0,ig_mask,0.1,0.0,0.6155
ARSE_0088,ARSE_crop,0,random_mask,0.1,0.0,0.7175
ARSE_0088,ARSE_crop,0,fft_mask,0.1,1.0,0.749
ARSE_0088,ARSE_crop,0,gabor_mask,0.1,0.0,0.4763
ARSE_0088,ARSE_crop,0,dt_mask,0.1,1.0,0.9338
ARSE_0088,ARSE_crop,0,ig_mask,0.2,0.0,0.5301
ARSE_0088,ARSE_crop,0,random_mask,0.2,0.0,0.6188
ARSE_0088,ARSE_crop,0,fft_mask,0.2,0.0,0.3109
ARSE_0088,ARSE_crop,0,gabor_mask,0.2,0.0,0.8584
ARSE_0088,ARSE_crop,0,dt_mask,0.2,1.0,0.9274
ARSE_0088,ARSE_crop,0,ig_mask,0.3,0.0,0.7031
ARSE_0088,ARSE_crop,0,random_mask,0.3,0.0,0.5203
ARSE_0088,ARSE_crop,0,fft_mask,0.3,0.0,0.7181
ARSE_0088,ARSE_crop,0,gabor_mask,0.3,0.0,0.9492
ARSE_0088,ARSE_crop,0,dt_mask,0.3,1.0,0.9152
PRDA_0199,PRDA_crop,3,full,0.0,1.0,0.7176
PRDA_0199,PRDA_crop,3,ig_mask,0.1,0.0,0.9107
PRDA_0199,PRDA_crop,3,random_mask,0.1,0.1,0.6831
PRDA_0199,PRDA_crop,3,fft_mask,0.1,0.0,0.6893
PRDA_0199,PRDA_crop,3,gabor_mask,0.1,1.0,0.5578
PRDA_0199,PRDA_crop,3,dt_mask,0.1,1.0,0.5022
PRDA_0199,PRDA_crop,3,ig_mask,0.2,0.0,0.9424
PRDA_0199,PRDA_crop,3,random_mask,0.2,0.0,0.9061
PRDA_0199,PRDA_crop,3,fft_mask,0.2,0.0,0.7859
PRDA_0199,PRDA_crop,3,gabor_mask,0.2,0.0,0.391
PRDA_0199,PRDA_crop,3,dt_mask,0.2,0.0,0.4119
PRDA_0199,PRDA_crop,3,ig_mask,0.3,0.0,0.9462
PRDA_0199,PRDA_crop,3,random_mask,0.3,0.0,0.9257
PRDA_0199,PRDA_crop,3,fft_mask,0.3,0.0,0.8781
PRDA_0199,PRDA_crop,3,gabor_mask,0.3,0.0,0.5837
PRDA_0199,PRDA_crop,3,dt_mask,0.3,0.0,0.5648
PRPE_0227,PRPE_crop,4,full,0.0,1.0,0.8992
PRPE_0227,PRPE_crop,4,ig_mask,0.1,1.0,0.948
PRPE_0227,PRPE_crop,4,random_mask,0.1,1.0,0.9284
PRPE_0227,PRPE_crop,4,fft_mask,0.1,0.0,0.825
PRPE_0227,PRPE_crop,4,gabor_mask,0.1,1.0,0.5665
PRPE_0227,PRPE_crop,4,dt_mask,0.1,1.0,0.8379
PRPE_0227,PRPE_crop,4,ig_mask,0.2,1.0,0.9497
PRPE_0227,PRPE_crop,4,random_mask,0.2,1.0,0.9454
PRPE_0227,PRPE_crop,4,fft_mask,0.2,0.0,0.8306
PRPE_0227,PRPE_crop,4,gabor_mask,0.2,1.0,0.9288
PRPE_0227,PRPE_crop,4,dt_mask,0.2,1.0,0.7699
PRPE_0227,PRPE_crop,4,ig_mask,0.3,1.0,0.9475
PRPE_0227,PRPE_crop,4,random_mask,0.3,1.0,0.9489
PRPE_0227,PRPE_crop,4,fft_mask,0.3,0.0,0.7661
PRPE_0227,PRPE_crop,4,gabor_mask,0.3,1.0,0.9377
PRPE_0227,PRPE_crop,4,dt_mask,0.3,1.0,0.5222
PRDA_0121,PRDA_crop,3,full,0.0,1.0,0.7996
PRDA_0121,PRDA_crop,3,ig_mask,0.1,0.0,0.9577
PRDA_0121,PRDA_crop,3,random_mask,0.1,0.5,0.569
PRDA_0121,PRDA_crop,3,fft_mask,0.1,0.0,0.8465
PRDA_0121,PRDA_crop,3,gabor_mask,0.1,1.0,0.5134
PRDA_0121,PRDA_crop,3,dt_mask,0.1,1.0,0.7219
PRDA_0121,PRDA_crop,3,ig_mask,0.2,0.0,0.9613
PRDA_0121,PRDA_crop,3,random_mask,0.2,0.0,0.813
PRDA_0121,PRDA_crop,3,fft_mask,0.2,1.0,0.3918
PRDA_0121,PRDA_crop,3,gabor_mask,0.2,0.0,0.9523
PRDA_0121,PRDA_crop,3,dt_mask,0.2,1.0,0.5101
PRDA_0121,PRDA_crop,3,ig_mask,0.3,0.0,0.9578
PRDA_0121,PRDA_crop,3,random_mask,0.3,0.0,0.892
PRDA_0121,PRDA_crop,3,fft_mask,0.3,1.0,0.7697
PRDA_0121,PRDA_crop,3,gabor_mask,0.3,0.0,0.9383
PRDA_0121,PRDA_crop,3,dt_mask,0.3,1.0,0.3754
PRDA_0027,PRDA_crop,3,full,0.0,1.0,0.5634
PRDA_0027,PRDA_crop,3,ig_mask,0.1,0.0,0.9562
PRDA_0027,PRDA_crop,3,random_mask,0.1,0.0,0.7819
PRDA_0027,PRDA_crop,3,fft_mask,0.1,0.0,0.5275
PRDA_0027,PRDA_crop,3,gabor_mask,0.1,0.0,0.4328
PRDA_0027,PRDA_crop,3,dt_mask,0.1,1.0,0.4899
PRDA_0027,PRDA_crop,3,ig_mask,0.2,0.0,0.9565
PRDA_0027,PRDA_crop,3,random_mask,0.2,0.0,0.9246
PRDA_0027,PRDA_crop,3,fft_mask,0.2,0.0,0.7235
PRDA_0027,PRDA_crop,3,gabor_mask,0.2,0.0,0.4753
PRDA_0027,PRDA_crop,3,dt_mask,0.2,0.0,0.4138
PRDA_0027,PRDA_crop,3,ig_mask,0.3,0.0,0.9455
PRDA_0027,PRDA_crop,3,random_mask,0.3,0.0,0.9319
PRDA_0027,PRDA_crop,3,fft_mask,0.3,0.0,0.5573
PRDA_0027,PRDA_crop,3,gabor_mask,0.3,0.0,0.5496
PRDA_0027,PRDA_crop,3,dt_mask,0.3,0.0,0.5818
ARSS_0023,ARSS_crop,1,full,0.0,1.0,0.9831
ARSS_0023,ARSS_crop,1,ig_mask,0.1,0.0,0.7217
ARSS_0023,ARSS_crop,1,random_mask,0.1,0.0,0.6417
ARSS_0023,ARSS_crop,1,fft_mask,0.1,0.0,0.7563
ARSS_0023,ARSS_crop,1,gabor_mask,0.1,1.0,0.5594
ARSS_0023,ARSS_crop,1,dt_mask,0.1,1.0,0.9776
ARSS_0023,ARSS_crop,1,ig_mask,0.2,0.0,0.9413
ARSS_0023,ARSS_crop,1,random_mask,0.2,0.0,0.7607
ARSS_0023,ARSS_crop,1,fft_mask,0.2,0.0,0.5525
ARSS_0023,ARSS_crop,1,gabor_mask,0.2,0.0,0.9531
ARSS_0023,ARSS_crop,1,dt_mask,0.2,1.0,0.9749
ARSS_0023,ARSS_crop,1,ig_mask,0.3,0.0,0.9518
ARSS_0023,ARSS_crop,1,random_mask,0.3,0.0,0.8665
ARSS_0023,ARSS_crop,1,fft_mask,0.3,0.0,0.5536
ARSS_0023,ARSS_crop,1,gabor_mask,0.3,0.0,0.961
ARSS_0023,ARSS_crop,1,dt_mask,0.3,1.0,0.9717
ARSS_0186,ARSS_crop,1,full,0.0,1.0,0.9812
ARSS_0186,ARSS_crop,1,ig_mask,0.1,1.0,0.4913
ARSS_0186,ARSS_crop,1,random_mask,0.1,0.0,0.9091
ARSS_0186,ARSS_crop,1,fft_mask,0.1,0.0,0.5894
ARSS_0186,ARSS_crop,1,gabor_mask,0.1,1.0,0.6739
ARSS_0186,ARSS_crop,1,dt_mask,0.1,1.0,0.9779
ARSS_0186,ARSS_crop,1,ig_mask,0.2,0.0,0.8802
ARSS_0186,ARSS_crop,1,random_mask,0.2,0.0,0.9416
ARSS_0186,ARSS_crop,1,fft_mask,0.2,0.0,0.8966
ARSS_0186,ARSS_crop,1,gabor_mask,0.2,0.0,0.8675
ARSS_0186,ARSS_crop,1,dt_mask,0.2,1.0,0.9724
ARSS_0186,ARSS_crop,1,ig_mask,0.3,0.0,0.9043
ARSS_0186,ARSS_crop,1,random_mask,0.3,0.0,0.9422
ARSS_0186,ARSS_crop,1,fft_mask,0.3,0.0,0.8786
ARSS_0186,ARSS_crop,1,gabor_mask,0.3,0.0,0.9269
ARSS_0186,ARSS_crop,1,dt_mask,0.3,1.0,0.9682
PRPE_0069,PRPE_crop,4,full,0.0,1.0,0.9589
PRPE_0069,PRPE_crop,4,ig_mask,0.1,1.0,0.962
PRPE_0069,PRPE_crop,4,random_mask,0.1,1.0,0.9555
PRPE_0069,PRPE_crop,4,fft_mask,0.1,1.0,0.8935
PRPE_0069,PRPE_crop,4,gabor_mask,0.1,1.0,0.9502
PRPE_0069,PRPE_crop,4,dt_mask,0.1,1.0,0.9583
PRPE_0069,PRPE_crop,4,ig_mask,0.2,1.0,0.9596
PRPE_0069,PRPE_crop,4,random_mask,0.2,1.0,0.9579
PRPE_0069,PRPE_crop,4,fft_mask,0.2,1.0,0.6684
PRPE_0069,PRPE_crop,4,gabor_mask,0.2,1.0,0.9533
PRPE_0069,PRPE_crop,4,dt_mask,0.2,1.0,0.959
PRPE_0069,PRPE_crop,4,ig_mask,0.3,1.0,0.9576
PRPE_0069,PRPE_crop,4,random_mask,0.3,1.0,0.9593
PRPE_0069,PRPE_crop,4,fft_mask,0.3,0.0,0.7808
PRPE_0069,PRPE_crop,4,gabor_mask,0.3,1.0,0.9507
PRPE_0069,PRPE_crop,4,dt_mask,0.3,1.0,0.9569
PRPE_0061,PRPE_crop,4,full,0.0,1.0,0.9621
PRPE_0061,PRPE_crop,4,ig_mask,0.1,1.0,0.9588
PRPE_0061,PRPE_crop,4,random_mask,0.1,1.0,0.9554
PRPE_0061,PRPE_crop,4,fft_mask,0.1,1.0,0.7761
PRPE_0061,PRPE_crop,4,gabor_mask,0.1,1.0,0.9553
PRPE_0061,PRPE_crop,4,dt_mask,0.1,1.0,0.9622
PRPE_0061,PRPE_crop,4,ig_mask,0.2,1.0,0.96
PRPE_0061,PRPE_crop,4,random_mask,0.2,1.0,0.9571
PRPE_0061,PRPE_crop,4,fft_mask,0.2,0.0,0.7653
PRPE_0061,PRPE_crop,4,gabor_mask,0.2,1.0,0.9584
PRPE_0061,PRPE_crop,4,dt_mask,0.2,1.0,0.9596
PRPE_0061,PRPE_crop,4,ig_mask,0.3,1.0,0.9585
PRPE_0061,PRPE_crop,4,random_mask,0.3,1.0,0.959
PRPE_0061,PRPE_crop,4,fft_mask,0.3,0.0,0.5988
PRPE_0061,PRPE_crop,4,gabor_mask,0.3,1.0,0.96
PRPE_0061,PRPE_crop,4,dt_mask,0.3,1.0,0.9583
PRPE_0074,PRPE_crop,4,full,0.0,1.0,0.9561
PRPE_0074,PRPE_crop,4,ig_mask,0.1,1.0,0.9589
PRPE_0074,PRPE_crop,4,random_mask,0.1,1.0,0.955
PRPE_0074,PRPE_crop,4,fft_mask,0.1,1.0,0.6779
PRPE_0074,PRPE_crop,4,gabor_mask,0.1,1.0,0.9477
PRPE_0074,PRPE_crop,4,dt_mask,0.1,1.0,0.9529
PRPE_0074,PRPE_crop,4,ig_mask,0.2,1.0,0.9578
PRPE_0074,PRPE_crop,4,random_mask,0.2,1.0,0.9558
PRPE_0074,PRPE_crop,4,fft_mask,0.2,0.0,0.8285
PRPE_0074,PRPE_crop,4,gabor_mask,0.2,1.0,0.9162
PRPE_0074,PRPE_crop,4,dt_mask,0.2,1.0,0.9498
PRPE_0074,PRPE_crop,4,ig_mask,0.3,1.0,0.9583
PRPE_0074,PRPE_crop,4,random_mask,0.3,1.0,0.9554
PRPE_0074,PRPE_crop,4,fft_mask,0.3,0.0,0.4649
PRPE_0074,PRPE_crop,4,gabor_mask,0.3,1.0,0.9552
PRPE_0074,PRPE_crop,4,dt_mask,0.3,1.0,0.9344
PRPE_0094,PRPE_crop,4,full,0.0,1.0,0.8086
PRPE_0094,PRPE_crop,4,ig_mask,0.1,1.0,0.9512
PRPE_0094,PRPE_crop,4,random_mask,0.1,1.0,0.9463
PRPE_0094,PRPE_crop,4,fft_mask,0.1,0.0,0.3847
PRPE_0094,PRPE_crop,4,gabor_mask,0.1,1.0,0.7984
PRPE_0094,PRPE_crop,4,dt_mask,0.1,1.0,0.8365
PRPE_0094,PRPE_crop,4,ig_mask,0.2,1.0,0.9532
PRPE_0094,PRPE_crop,4,random_mask,0.2,1.0,0.9541
PRPE_0094,PRPE_crop,4,fft_mask,0.2,0.0,0.5285
PRPE_0094,PRPE_crop,4,gabor_mask,0.2,1.0,0.859
PRPE_0094,PRPE_crop,4,dt_mask,0.2,1.0,0.7907
PRPE_0094,PRPE_crop,4,ig_mask,0.3,1.0,0.9341
PRPE_0094,PRPE_crop,4,random_mask,0.3,1.0,0.955
PRPE_0094,PRPE_crop,4,fft_mask,0.3,1.0,0.417
PRPE_0094,PRPE_crop,4,gabor_mask,0.3,1.0,0.8939
PRPE_0094,PRPE_crop,4,dt_mask,0.3,1.0,0.7011
PJNA_0195,PJNA_crop,2,full,0.0,1.0,0.9099
PJNA_0195,PJNA_crop,2,ig_mask,0.1,0.0,0.9146
PJNA_0195,PJNA_crop,2,random_mask,0.1,0.0,0.9406
PJNA_0195,PJNA_crop,2,fft_mask,0.1,0.0,0.8033
PJNA_0195,PJNA_crop,2,gabor_mask,0.1,1.0,0.8068
PJNA_0195,PJNA_crop,2,dt_mask,0.1,1.0,0.8984
PJNA_0195,PJNA_crop,2,ig_mask,0.2,0.0,0.9309
PJNA_0195,PJNA_crop,2,random_mask,0.2,0.0,0.9479
PJNA_0195,PJNA_crop,2,fft_mask,0.2,1.0,0.5698
PJNA_0195,PJNA_crop,2,gabor_mask,0.2,0.0,0.8084
PJNA_0195,PJNA_crop,2,dt_mask,0.2,1.0,0.8778
PJNA_0195,PJNA_crop,2,ig_mask,0.3,0.0,0.9453
PJNA_0195,PJNA_crop,2,random_mask,0.3,0.0,0.9537
PJNA_0195,PJNA_crop,2,fft_mask,0.3,1.0,0.673
PJNA_0195,PJNA_crop,2,gabor_mask,0.3,0.0,0.9564
PJNA_0195,PJNA_crop,2,dt_mask,0.3,1.0,0.8272
PJNA_0038,PJNA_crop,2,full,0.0,1.0,0.9135
PJNA_0038,PJNA_crop,2,ig_mask,0.1,0.0,0.5667
PJNA_0038,PJNA_crop,2,random_mask,0.1,0.1,0.5893
PJNA_0038,PJNA_crop,2,fft_mask,0.1,1.0,0.8842
PJNA_0038,PJNA_crop,2,gabor_mask,0.1,1.0,0.6913
PJNA_0038,PJNA_crop,2,dt_mask,0.1,1.0,0.9107
PJNA_0038,PJNA_crop,2,ig_mask,0.2,0.0,0.9045
PJNA_0038,PJNA_crop,2,random_mask,0.2,0.0,0.8646
PJNA_0038,PJNA_crop,2,fft_mask,0.2,1.0,0.8171
PJNA_0038,PJNA_crop,2,gabor_mask,0.2,0.0,0.8644
PJNA_0038,PJNA_crop,2,dt_mask,0.2,1.0,0.9025
PJNA_0038,PJNA_crop,2,ig_mask,0.3,0.0,0.8786
PJNA_0038,PJNA_crop,2,random_mask,0.3,0.0,0.9009
PJNA_0038,PJNA_crop,2,fft_mask,0.3,0.0,0.7796
PJNA_0038,PJNA_crop,2,gabor_mask,0.3,0.0,0.9323
PJNA_0038,PJNA_crop,2,dt_mask,0.3,1.0,0.9007
ARSS_0219,ARSS_crop,1,full,0.0,1.0,0.9716
ARSS_0219,ARSS_crop,1,ig_mask,0.1,1.0,0.8401
ARSS_0219,ARSS_crop,1,random_mask,0.1,0.0,0.9426
ARSS_0219,ARSS_crop,1,fft_mask,0.1,0.0,0.8892
ARSS_0219,ARSS_crop,1,gabor_mask,0.1,0.0,0.4542
ARSS_0219,ARSS_crop,1,dt_mask,0.1,1.0,0.9675
ARSS_0219,ARSS_crop,1,ig_mask,0.2,0.0,0.8054
ARSS_0219,ARSS_crop,1,random_mask,0.2,0.0,0.9496
ARSS_0219,ARSS_crop,1,fft_mask,0.2,0.0,0.9072
ARSS_0219,ARSS_crop,1,gabor_mask,0.2,0.0,0.952
ARSS_0219,ARSS_crop,1,dt_mask,0.2,1.0,0.9684
ARSS_0219,ARSS_crop,1,ig_mask,0.3,0.0,0.9487
ARSS_0219,ARSS_crop,1,random_mask,0.3,0.0,0.9547
ARSS_0219,ARSS_crop,1,fft_mask,0.3,0.0,0.5567
ARSS_0219,ARSS_crop,1,gabor_mask,0.3,0.0,0.962
ARSS_0219,ARSS_crop,1,dt_mask,0.3,1.0,0.9457
ARSS_0127,ARSS_crop,1,full,0.0,0.0,0.7159
ARSS_0127,ARSS_crop,1,ig_mask,0.1,1.0,0.7185
ARSS_0127,ARSS_crop,1,random_mask,0.1,0.0,0.5916
ARSS_0127,ARSS_crop,1,fft_mask,0.1,0.0,0.4242
ARSS_0127,ARSS_crop,1,gabor_mask,0.1,1.0,0.4111
ARSS_0127,ARSS_crop,1,dt_mask,0.1,0.0,0.7888
ARSS_0127,ARSS_crop,1,ig_mask,0.2,1.0,0.499
ARSS_0127,ARSS_crop,1,random_mask,0.2,0.0,0.5826
ARSS_0127,ARSS_crop,1,fft_mask,0.2,0.0,0.4705
ARSS_0127,ARSS_crop,1,gabor_mask,0.2,0.0,0.9321
ARSS_0127,ARSS_crop,1,dt_mask,0.2,0.0,0.8294
ARSS_0127,ARSS_crop,1,ig_mask,0.3,0.0,0.4168
ARSS_0127,ARSS_crop,1,random_mask,0.3,0.0,0.6349
ARSS_0127,ARSS_crop,1,fft_mask,0.3,0.0,0.6821
ARSS_0127,ARSS_crop,1,gabor_mask,0.3,0.0,0.9577
ARSS_0127,ARSS_crop,1,dt_mask,0.3,0.0,0.8406
ARSS_0196,ARSS_crop,1,full,0.0,1.0,0.9718
ARSS_0196,ARSS_crop,1,ig_mask,0.1,0.0,0.8744
ARSS_0196,ARSS_crop,1,random_mask,0.1,0.0,0.7766
ARSS_0196,ARSS_crop,1,fft_mask,0.1,0.0,0.4549
ARSS_0196,ARSS_crop,1,gabor_mask,0.1,0.0,0.5771
ARSS_0196,ARSS_crop,1,dt_mask,0.1,1.0,0.9666
ARSS_0196,ARSS_crop,1,ig_mask,0.2,0.0,0.9369
ARSS_0196,ARSS_crop,1,random_mask,0.2,0.0,0.8727
ARSS_0196,ARSS_crop,1,fft_mask,0.2,0.0,0.8132
ARSS_0196,ARSS_crop,1,gabor_mask,0.2,0.0,0.8725
ARSS_0196,ARSS_crop,1,dt_mask,0.2,1.0,0.9625
ARSS_0196,ARSS_crop,1,ig_mask,0.3,0.0,0.9207
ARSS_0196,ARSS_crop,1,random_mask,0.3,0.0,0.8629
ARSS_0196,ARSS_crop,1,fft_mask,0.3,0.0,0.4831
ARSS_0196,ARSS_crop,1,gabor_mask,0.3,0.0,0.9438
ARSS_0196,ARSS_crop,1,dt_mask,0.3,1.0,0.9211
PRDA_0009,PRDA_crop,3,full,0.0,1.0,0.7858
PRDA_0009,PRDA_crop,3,ig_mask,0.1,0.0,0.9554
PRDA_0009,PRDA_crop,3,random_mask,0.1,0.3,0.6322
PRDA_0009,PRDA_crop,3,fft_mask,0.1,0.0,0.5682
PRDA_0009,PRDA_crop,3,gabor_mask,0.1,1.0,0.6524
PRDA_0009,PRDA_crop,3,dt_mask,0.1,1.0,0.6943
PRDA_0009,PRDA_crop,3,ig_mask,0.2,0.0,0.9525
PRDA_0009,PRDA_crop,3,random_mask,0.2,0.0,0.8103
PRDA_0009,PRDA_crop,3,fft_mask,0.2,0.0,0.7571
PRDA_0009,PRDA_crop,3,gabor_mask,0.2,0.0,0.6429
PRDA_0009,PRDA_crop,3,dt_mask,0.2,1.0,0.5009
PRDA_0009,PRDA_crop,3,ig_mask,0.3,0.0,0.9469
PRDA_0009,PRDA_crop,3,random_mask,0.3,0.0,0.9153
PRDA_0009,PRDA_crop,3,fft_mask,0.3,1.0,0.4683
PRDA_0009,PRDA_crop,3,gabor_mask,0.3,0.0,0.9468
PRDA_0009,PRDA_crop,3,dt_mask,0.3,0.0,0.4401
PRPE_0183,PRPE_crop,4,full,0.0,1.0,0.9575
PRPE_0183,PRPE_crop,4,ig_mask,0.1,1.0,0.9605
PRPE_0183,PRPE_crop,4,random_mask,0.1,1.0,0.9552
PRPE_0183,PRPE_crop,4,fft_mask,0.1,1.0,0.6989
PRPE_0183,PRPE_crop,4,gabor_mask,0.1,1.0,0.9511
PRPE_0183,PRPE_crop,4,dt_mask,0.1,1.0,0.9566
PRPE_0183,PRPE_crop,4,ig_mask,0.2,1.0,0.9608
PRPE_0183,PRPE_crop,4,random_mask,0.2,1.0,0.9583
PRPE_0183,PRPE_crop,4,fft_mask,0.2,0.0,0.451
PRPE_0183,PRPE_crop,4,gabor_mask,0.2,1.0,0.9444
PRPE_0183,PRPE_crop,4,dt_mask,0.2,1.0,0.9569
PRPE_0183,PRPE_crop,4,ig_mask,0.3,1.0,0.9583
PRPE_0183,PRPE_crop,4,random_mask,0.3,1.0,0.9578
PRPE_0183,PRPE_crop,4,fft_mask,0.3,1.0,0.5712
PRPE_0183,PRPE_crop,4,gabor_mask,0.3,1.0,0.9383
PRPE_0183,PRPE_crop,4,dt_mask,0.3,1.0,0.9565
ARSE_0074,ARSE_crop,0,full,0.0,1.0,0.9413
ARSE_0074,ARSE_crop,0,ig_mask,0.1,0.0,0.9141
ARSE_0074,ARSE_crop,0,random_mask,0.1,0.0,0.9476
ARSE_0074,ARSE_crop,0,fft_mask,0.1,0.0,0.5603
ARSE_0074,ARSE_crop,0,gabor_mask,0.1,1.0,0.436
ARSE_0074,ARSE_crop,0,dt_mask,0.1,1.0,0.9319
ARSE_0074,ARSE_crop,0,ig_mask,0.2,0.0,0.9581
ARSE_0074,ARSE_crop,0,random_mask,0.2,0.0,0.9496
ARSE_0074,ARSE_crop,0,fft_mask,0.2,0.0,0.8924
ARSE_0074,ARSE_crop,0,gabor_mask,0.2,0.0,0.8833
ARSE_0074,ARSE_crop,0,dt_mask,0.2,1.0,0.9207
ARSE_0074,ARSE_crop,0,ig_mask,0.3,0.0,0.9559
ARSE_0074,ARSE_crop,0,random_mask,0.3,0.0,0.9454
ARSE_0074,ARSE_crop,0,fft_mask,0.3,0.0,0.7925
ARSE_0074,ARSE_crop,0,gabor_mask,0.3,0.0,0.9525
ARSE_0074,ARSE_crop,0,dt_mask,0.3,1.0,0.8797
PRDA_0081,PRDA_crop,3,full,0.0,1.0,0.8253
PRDA_0081,PRDA_crop,3,ig_mask,0.1,0.0,0.9432
PRDA_0081,PRDA_crop,3,random_mask,0.1,0.8,0.5597
PRDA_0081,PRDA_crop,3,fft_mask,0.1,1.0,0.7124
PRDA_0081,PRDA_crop,3,gabor_mask,0.1,0.0,0.413
PRDA_0081,PRDA_crop,3,dt_mask,0.1,1.0,0.7855
PRDA_0081,PRDA_crop,3,ig_mask,0.2,0.0,0.9473
PRDA_0081,PRDA_crop,3,random_mask,0.2,0.0,0.7095
PRDA_0081,PRDA_crop,3,fft_mask,0.2,1.0,0.5019
PRDA_0081,PRDA_crop,3,gabor_mask,0.2,0.0,0.5734
PRDA_0081,PRDA_crop,3,dt_mask,0.2,1.0,0.6928
PRDA_0081,PRDA_crop,3,ig_mask,0.3,0.0,0.9531
PRDA_0081,PRDA_crop,3,random_mask,0.3,0.0,0.8264
PRDA_0081,PRDA_crop,3,fft_mask,0.3,1.0,0.61
PRDA_0081,PRDA_crop,3,gabor_mask,0.3,0.0,0.5762
PRDA_0081,PRDA_crop,3,dt_mask,0.3,1.0,0.6106
ARSE_0180,ARSE_crop,0,full,0.0,1.0,0.9468
ARSE_0180,ARSE_crop,0,ig_mask,0.1,0.0,0.9008
ARSE_0180,ARSE_crop,0,random_mask,0.1,0.0,0.9298
ARSE_0180,ARSE_crop,0,fft_mask,0.1,0.0,0.6064
ARSE_0180,ARSE_crop,0,gabor_mask,0.1,0.0,0.8557
ARSE_0180,ARSE_crop,0,dt_mask,0.1,1.0,0.9426
ARSE_0180,ARSE_crop,0,ig_mask,0.2,0.0,0.9488
ARSE_0180,ARSE_crop,0,random_mask,0.2,0.0,0.9434
ARSE_0180,ARSE_crop,0,fft_mask,0.2,0.0,0.8665
ARSE_0180,ARSE_crop,0,gabor_mask,0.2,0.0,0.9443
ARSE_0180,ARSE_crop,0,dt_mask,0.2,1.0,0.9383
ARSE_0180,ARSE_crop,0,ig_mask,0.3,0.0,0.9401
ARSE_0180,ARSE_crop,0,random_mask,0.3,0.0,0.9434
ARSE_0180,ARSE_crop,0,fft_mask,0.3,0.0,0.8996
ARSE_0180,ARSE_crop,0,gabor_mask,0.3,0.0,0.8872
ARSE_0180,ARSE_crop,0,dt_mask,0.3,1.0,0.922
ARSE_0204,ARSE_crop,0,full,0.0,0.0,0.75
ARSE_0204,ARSE_crop,0,ig_mask,0.1,0.0,0.7175
ARSE_0204,ARSE_crop,0,random_mask,0.1,0.0,0.5956
ARSE_0204,ARSE_crop,0,fft_mask,0.1,1.0,0.537
ARSE_0204,ARSE_crop,0,gabor_mask,0.1,0.0,0.6723
ARSE_0204,ARSE_crop,0,dt_mask,0.1,0.0,0.71
ARSE_0204,ARSE_crop,0,ig_mask,0.2,1.0,0.3301
ARSE_0204,ARSE_crop,0,random_mask,0.2,0.0,0.5698
ARSE_0204,ARSE_crop,0,fft_mask,0.2,0.0,0.8102
ARSE_0204,ARSE_crop,0,gabor_mask,0.2,0.0,0.7448
ARSE_0204,ARSE_crop,0,dt_mask,0.2,0.0,0.5687
ARSE_0204,ARSE_crop,0,ig_mask,0.3,0.0,0.7242
ARSE_0204,ARSE_crop,0,random_mask,0.3,0.0,0.649
ARSE_0204,ARSE_crop,0,fft_mask,0.3,0.0,0.8858
ARSE_0204,ARSE_crop,0,gabor_mask,0.3,0.0,0.958
ARSE_0204,ARSE_crop,0,dt_mask,0.3,1.0,0.5561
PRPE_0003,PRPE_crop,4,full,0.0,1.0,0.8203
PRPE_0003,PRPE_crop,4,ig_mask,0.1,1.0,0.921
PRPE_0003,PRPE_crop,4,random_mask,0.1,1.0,0.9532
PRPE_0003,PRPE_crop,4,fft_mask,0.1,0.0,0.5881
PRPE_0003,PRPE_crop,4,gabor_mask,0.1,1.0,0.9366
PRPE_0003,PRPE_crop,4,dt_mask,0.1,1.0,0.9058
PRPE_0003,PRPE_crop,4,ig_mask,0.2,1.0,0.9573
PRPE_0003,PRPE_crop,4,random_mask,0.2,1.0,0.9606
PRPE_0003,PRPE_crop,4,fft_mask,0.2,0.0,0.6589
PRPE_0003,PRPE_crop,4,gabor_mask,0.2,1.0,0.9614
PRPE_0003,PRPE_crop,4,dt_mask,0.2,1.0,0.9028
PRPE_0003,PRPE_crop,4,ig_mask,0.3,1.0,0.9582
PRPE_0003,PRPE_crop,4,random_mask,0.3,1.0,0.9612
PRPE_0003,PRPE_crop,4,fft_mask,0.3,0.0,0.6541
PRPE_0003,PRPE_crop,4,gabor_mask,0.3,1.0,0.9555
PRPE_0003,PRPE_crop,4,dt_mask,0.3,1.0,0.8714
ARSS_0081,ARSS_crop,1,full,0.0,1.0,0.982
ARSS_0081,ARSS_crop,1,ig_mask,0.1,1.0,0.4406
ARSS_0081,ARSS_crop,1,random_mask,0.1,0.0,0.6299
ARSS_0081,ARSS_crop,1,fft_mask,0.1,0.0,0.4752
ARSS_0081,ARSS_crop,1,gabor_mask,0.1,1.0,0.3446
ARSS_0081,ARSS_crop,1,dt_mask,0.1,1.0,0.9787
ARSS_0081,ARSS_crop,1,ig_mask,0.2,0.0,0.5861
ARSS_0081,ARSS_crop,1,random_mask,0.2,0.0,0.5708
ARSS_0081,ARSS_crop,1,fft_mask,0.2,0.0,0.4508
ARSS_0081,ARSS_crop,1,gabor_mask,0.2,0.0,0.6701
ARSS_0081,ARSS_crop,1,dt_mask,0.2,1.0,0.9772
ARSS_0081,ARSS_crop,1,ig_mask,0.3,0.0,0.4785
ARSS_0081,ARSS_crop,1,random_mask,0.3,0.0,0.6983
ARSS_0081,ARSS_crop,1,fft_mask,0.3,0.0,0.5191
ARSS_0081,ARSS_crop,1,gabor_mask,0.3,0.0,0.9057
ARSS_0081,ARSS_crop,1,dt_mask,0.3,1.0,0.9747
PJNA_0003,PJNA_crop,2,full,0.0,1.0,0.9196
PJNA_0003,PJNA_crop,2,ig_mask,0.1,0.0,0.7963
PJNA_0003,PJNA_crop,2,random_mask,0.1,0.0,0.7902
PJNA_0003,PJNA_crop,2,fft_mask,0.1,1.0,0.7062
PJNA_0003,PJNA_crop,2,gabor_mask,0.1,1.0,0.7225
PJNA_0003,PJNA_crop,2,dt_mask,0.1,1.0,0.9105
PJNA_0003,PJNA_crop,2,ig_mask,0.2,0.0,0.8805
PJNA_0003,PJNA_crop,2,random_mask,0.2,0.0,0.8907
PJNA_0003,PJNA_crop,2,fft_mask,0.2,1.0,0.5111
PJNA_0003,PJNA_crop,2,gabor_mask,0.2,0.0,0.4937
PJNA_0003,PJNA_crop,2,dt_mask,0.2,1.0,0.9014
PJNA_0003,PJNA_crop,2,ig_mask,0.3,0.0,0.9216
PJNA_0003,PJNA_crop,2,random_mask,0.3,0.0,0.9363
PJNA_0003,PJNA_crop,2,fft_mask,0.3,1.0,0.7617
PJNA_0003,PJNA_crop,2,gabor_mask,0.3,0.0,0.9554
PJNA_0003,PJNA_crop,2,dt_mask,0.3,1.0,0.8722
